{
    "TestedBy": "HK1925696",
    "ClientMnemonic": "AHTU_AZ",
    "TTPurpose": "UCMS AHTU_AZ M3299 CPT 03072025",
    "Domain": "M3299",
    "SolutionName": "Orders Management",
    "StrClientName": "AHTU_AZ M3299",
    "StrUsername_DBA": "RS091347A",
    "StrPassword_DBA": "cerner*1",
    "StrUsername_RN": "RS091347A",
    "StrPassword_RN": "cerner*1",
    "StrUsername_MED": "RS091347A",
    "StrPassword_MED": "cerner*1",
    "StrAllergy_Mode": "Flat",
    "StrAllergyName": "aspirin",
    "StrReactionName": "Rash",
    "StrAllergy_Action": "Modify",
    "StrAllergy_Modify": "True",
    "StrAllergyRemove_MCDS": "True",
    "StrAllergyActions_MCDS": "True",
    "StrDuplicate_MCDS": "False",
    "strOrderType": "Inpatient",
    "StrOrder_Allergy1": "ketorolac",
    "strOrderSentence": "mg",
    "StrPhysicianUserName": "RS091347B",
    "StrOrderOrProposal": "False",
    "StrCommunicationType": "Verbal",
    "strOverrideReason": "Acknowledge",
    "strInteractions": "Apply to All",
    "StrOrder_Allergy2": "ibuprofen",
    "StrInteractionCategory": "False",
    "StrDuplicate_OrderName": "False",
    "strAllergyStatus": "Apply to All",
    "strAllergyStatus1": "False",
    "IntAllergyInstance": "1",
    "strOrderType_Ambulatory": "Ambulatory - In Office (Meds in Office), Ambulatory (Meds as Rx)",
    "StrOrder_Outpatient1": "Aspirin",
    "StrOrder_Outpatient2": "Amoxicillin",
    "StrOrder_Outpatient3": "Acetaminophen",
    "StrDiagnosis1": "Fever",
    "StrDiagnosis2": "Cancer",
    "StrDiagnosis3": "Pain",
    "StrProblem1": "Pain",
    "StrProblem2": "Broken nose",
    "strRightClickActionModify": "Modify",
    "strRightClickActionCancel_Reorder": "Reorder",
    "strRightClickActionCancel_DC": "Cancel/DC",
    "strOrderType_Prescriptions": "Discharge Meds as Rx",
    "StrOrder_Prescription_Outpatient4": "gabapentin",
    "strRightClickActionConverAMB": "Convert",
    "Struse_synonyms": "True",
    "Struse_OrderSentence": "True",
    "Struse_ReschduleTask": "True",
    "Struse_CancelReorderDC": "True",
    "Struse_favorites": "False",
    "Struse_Careset": "True",
    "StrorderCareset": "Admission Orders Behavioral Health",
    "StrCaresetOrderName": "CBC",
    "StrOrderSupergroup_Careset": "False",
    "StrOrderNested_Careset": "False",
    "StrOrdeMultipleRx": "Activase",
    "StrOrderDiluentAddtive": "D5W",
    "StrOrderDoseCalc": "LORazepam",
    "StrOrderSlidingscale": "False",
    "StrOrderDocumentMed1": "acetaminophen 80 mg oral tablet",
    "StrOrderDocumentMed2": "gabapentin 100 mg oral capsule",
    "StrOrderDocumentMed3": "aspirin 325 mg oral tablet",
    "StrOrderDocumentMed4": "lithium 150 mg oral capsule",
    "StrOrderDocumentMed5": "lisinopril 2.5 mg oral tablet",
    "StrStatus": "Documented",
    "StrRightClickActionModify": "Modify",
    "StrnumorderInstanc": "1",
    "Struse_DocumentMeds": "False",
    "StrOrderFavorites": "acetaminophen",
    "StrOrderSynonym1": "acetaminophen",
    "StrOrderSynonym2": "Tylenol",
    "StrMedicationOrder": "acetaminophen",
    "StrOrderInstance": "1",
    "StrOrderIntervalFrequency": "Phenergan",
    "Strfrequency_intervalfrequency": "q6hr",
    "Struse_PrintOrderSheet": "False",
    "Struse_ProblemDiagnosis": "False",
    "StrOrderDiagnosis": "acetaminophen",
    "StrOrderProblem": "aspirin",
    "StrorderDuplicate": "CBC False Diff",
    "StrOrderTaper": "False",
    "IntOrderInstance": "1",
    "StrOrderFuture": "False",
    "StrOrderUnscheduled": "acetaminophen",
    "StrOrderUnscheduledValue": "On Call",
    "StrOrderOneTimeFreq": "ibuprofen",
    "StrOrderOneTimeFreqValue": "Once",
    "StrOrderDuration": "clindamycin",
    "StrOrderDetailsFieldName": "Duration",
    "StrOrderHardstop": "ketorolac",
    "StrDateTime_FieldName": "Start Date",
    "StrAdministration": "TRUE",
    "StrDateEntry": "T",
    "StrTimeEntry": "N",
    "StrSkipAdmin": "False",
    "StrOrderSoftstop": "False",
    "StrFIN": "False",
    "StrOrderEnchancedReOrder": "aspirin",
    "StrOrderEnhancedValue": "BID",
    "StrDateTime_FieldName1": "Stop Date",
    "Struse_supendResume": "True",
    "Struse_OrderCopy": "True",
    "Struse_OrderVoid": "True",
    "Struse_OrderNurseReview": "True",
    "StrOrderComplete": "Vital Signs",
    "Struse_OrderComplete": "False",
    "StrOrderMedStudent": "Medrol",
    "StrRightclickAction_Void": "Void",
    "StrOrderNonMed": "CXR 1 View",
    "StrAddtiveName": "potassium acetate",
    "strValidateModifyStatus": "Ordered",
    "StrValidate_MultipleRx": "Ordered",
    "StrValidate_Suspend": "False",
    "StrValidate_Resume": "False",
    "StrPhysician_Username": "False",
    "StrPhysician_Password": "False",
    "StrOrder_Prescription1": "Amoxicillin",
    "StrOrder_Prescription2": "aspirin 325 mg oral tablet",
    "StrOrder_Prescription3": "False",
    "StrOrder_Prescription4": "False",
    "StrorderMisc": "False",
    "StrOrder_DocumentMedHx_Presc": "Aspirin",
    "StrOrder_Inpatient": "clindamycin",
    "StrOrder_Prescription5": "Medrol 16 mg oral tablet",
    "Struse_ProposeRenewals": "False",
    "Struse_ConvertInpatient": "False",
    "Struse_ConvertRx": "False",
    "Struse_CompleteRx": "False",
    "Struse_VoidRx": "False",
    "Struse_supendResumeRx": "False",
    "Struse_CancelReorderRx": "False",
    "Struse_DiscontinueRx": "False",
    "Struse_MiscPrescription": "False",
    "Struse_copyPrescription": "False",
    "Struse_Referencetext": "False",
    "Struse_RenewPrescription": "False",
    "Struse_ModifyPrescription": "False",
    "StrOrderComment": "Testing Comments",
    "strOrdersentence_Prescriptions": "False",
    "Struse_MARSummary": "True",
    "Struse_Ivsite": "True",
    "StrOrderStatus": "False",
    "StrorderPRN": "acetaminophen",
    "Struse_CancelCharting": "True",
    "Struse_RescheduleDose": "False",
    "StrorderScheduledMed": "albuterol",
    "StrOrderMedInfo": "Routine",
    "StrOrderMedDose": "given",
    "StrOrderIVDose": "Pending",
    "StrorderIV": "D5W",
    "StrOrderIVInfo": "Routine",
    "Struse_AdditionalDose": "True",
    "Struse_ResponseTask": "False",
    "Struse_MARcomments": "False",
    "StrorderUnscheduled": "acetaminophen",
    "StrOrderPRNInfo": "PRN",
    "StrOrderPRNDose": "given",
    "StrOrderUnscheduledInfo": "Directed",
    "StrOrderUnscheduledDose": "given",
    "Struse_Unchart": "True",
    "Struse_ChartNotDone": "True",
    "Struse_RescheduleAdminTimes": "True",
    "Struse_AdminNote": "True",
    "Struse_InfuseVolume": "True",
    "Struse_TherapeuticClassView": "True",
    "Struse_PlanView": "False",
    "StrOrderInfo": "False",
    "StrOrderDose": "False",
    "StrorderImmunization": "influenza virus vaccine",
    "StrorderImmunizationMedInfo": "Routine",
    "StrorderImmunizationMedDose": "given",
    "StrorderNurseWitness": "albuterol",
    "StrorderNurseMedInfo": "Routine",
    "StrorderNurseMedDose": "given",
    "StrorderAutoVerify": "False",
    "strValidate_AutoVerify": "False",
    "StrorderIntermittentMed": "Levaquin",
    "StrOrderInterMedInfo": "qDay",
    "StrOrderInterMedDose": "given",
    "StrorderIntermittentIV": "D5W + KC",
    "StrOrderInterIVInfo": "Infusion",
    "StrOrderInterIVDose": "given",
    "StrorderDTA": "acetaminophen",
    "StrOrderDTAIVInfo": "PRN",
    "StrOrderDTADose": "given",
    "StrOrder_IVMAW": "False",
    "StrOrderMAW1": "albuterol",
    "StrOrderMAW2": "morphine",
    "StrOrderMultiIngredient": "Dextrose 5% in Water with KCL 30 mEq/ 1000 mL",
    "StrOrderMultiIngedientScan": "Epidural",
    "StrMedicationKeyword": "Routine",
    "StrTimeViewValue": "Cont",
    "StrReconciliationType_Admission": "Admission",
    "strPriorOrAfter1": "Prior",
    "strReconciliationOrderName1": "acetaminophen",
    "strReconciliationOrderStatus1": "False",
    "strRadioButton1": "Continue",
    "strPriorOrAfter2": "Prior",
    "strReconciliationOrderName2": "clindamycin",
    "strReconciliationOrderStatus2": "False",
    "strRadioButton2": "Continue",
    "strPriorOrAfter3": "Prior",
    "strReconciliationOrderName3": "Amoxicillin",
    "strReconciliationOrderStatus3": "False",
    "strRadioButton3": "DNC",
    "strPriorOrAfter4": "After",
    "strReconciliationOrderName4": "aspirin 325 mg oral tablet",
    "strReconciliationOrderStatus4": "False",
    "strRadioButton4": "Continue",
    "StrReconciliationType_Transfer": "Transfer",
    "StrReconciliationType_Discharge": "Discharge",
    "strRightClickAction_CnvtIPtoPrescription": "Convert",
    "StrStatus_Admission": "Admission",
    "StrTooltipText": "Complete",
    "StrStatus_Discharge": "Discharge",
    "StrTooltipText_Discharge": "Complete",
    "strRightClickAction_Modify": "Modify",
    "Struse_VoidReconciliation": "False",
    "StrVoid_option": "False",
    "Struse_SuspendResumeReconciliation": "True",
    "StrorderSinglephase": "Medicine Admission Orders",
    "StrOrderA_Singlephase": "Bedrest",
    "StrOrderB_Singlephase": "Up ad Lib",
    "StrOrderC_Singlephase": "Ambulate",
    "StrOrderD_Singlephase": "Up With Assistance",
    "StrorderE_Singlephase": "aspirin",
    "StrorderMultiphase": "False",
    "Strphase1_Multiphase": "Treatment Protocol - Hypoglycemia",
    "IntnumOccuranceCount": "1",
    "StrOrderA_Multiphase1": "glucagon",
    "StrOrderA_Multiphase2": "SCDs",
    "StrOrderA_Multiphase3": "False",
    "StrOrderB_Multiphase1": "glucose",
    "StrOrderB_Multiphase2": "heparin",
    "StrOrderB_Multiphase3": "False",
    "StrOrderC_Multiphase1": "Dextrose 50% in Water intravenous solution",
    "StrOrderC_Multiphase2": "enoxaparin",
    "StrOrderC_Multiphase3": "False",
    "StrOrderD_Multiphase1": "Notify Provider",
    "StrOrderD_Multiphase2": "fondaparinux",
    "StrOrderD_Multiphase3": "False",
    "StrOrderE_Multiphase1": "Nursing Task PRN",
    "StrOrderE_Multiphase2": "Ambulate - Nursing",
    "StrOrderE_Multiphase3": "False",
    "Strphase2_Multiphase": "VTE Adult Risk and Prophylaxis",
    "Strphase3_Multiphase": "False",
    "Struse_DiscontinuePlans": "True",
    "strReason_Discontinue": "a",
    "strReasonDiscontinue_IPOC": "a",
    "StrDiscontinueOrder": "Ambulate",
    "StrorderIPOC": "NUR Mother-Infant Postpartum",
    "Stroutcome1_IPOC": "Provide for Safe Environment - Met",
    "Stroutcome2_IPOC": "Breastfeeding Supported - Met",
    "Strintervention_IPOC": "Maternal Well-Being Maintained - Met",
    "StrDiscontinueOrder_IPOC": "False",
    "StrOrderSentence": "mg",
    "StrComponentStatus": "11/25/2024",
    "StrorderCopyForward": "False",
    "StrorderEvidenceLink": "False",
    "StrorderRxPlan": "Heart Failure Discharge",
    "StrOrder_Prescription1RxPlan": "lasix",
    "StrOrder_Prescription2RxPlan": "acetaminophen",
    "StrOrderFuturePlan": "False",
    "StrorderSequencePlan": "ED Bronchospasm MILD",
    "StrorderDiagnosisPlan": "Wound Care ...",
    "StrDiagnosis_Plan": "Fever",
    "StrorderLabCollect1": "False",
    "StrorderLabCollect2": "False",
    "StrorderLabCollect3": "False",
    "Struse_EnhancedSchedule": "False",
    "StrorderRouteforReview": "False",
    "StrProposePlan": "False",
    "StrOrderA_SequencePlan": "Pulse",
    "StrorderInfusionBillingInfo": "Routine",
    "StrorderInfusionBillingDose": "given",
    "StrorderInfusionBilling": "D5W"
}