{
    "TestedBy": "RS091347",
    "ClientMnemonic": "ATLN_NJ",
    "TTPurpose": "UCMS_ATLN_NJ_C232_Test",
    "Domain": "C232",
    "SolutionName": "Orders Management",
    "StrClientName": "ATLN_NJ",
    "StrUsername_DBA": "RS091347A",
    "StrPassword_DBA": "cerner*1",
    "StrUsername_RN": "RS091347A",
    "StrPassword_RN": "cerner*1",
    "StrUsername_MED": "RS091347A",
    "StrPassword_MED": "cerner",
    "StrAllergy_Mode": "Flat",
    "StrAllergyName": "penicillin",
    "StrReactionName": "Rash",
    "StrAllergy_Action":"Modify",
    "StrAllergy_Modify":"penicillin",
    "StrAllergyRemove_MCDS":"True",
    "StrAllergyActions_MCDS":"True",
    "StrDuplicate_MCDS": "True",
    "strOrderType": "Inpatient",
    "StrOrder_Allergy1": "ketorolac",
    "strOrderSentence": "mg",
    "StrPhysicianUserName": "RS091347B",
    "StrOrderOrProposal": "Order",
    "StrCommunicationType": "Verbal",
    "strOverrideReason": "Benefits",
    "strInteractions": "Apply to All",
    "StrOrder_Allergy2": "ketorolac",
    "StrInteractionCategory": "",
    "StrDuplicate_OrderName": "ibuprofen",
    "strAllergyStatus": "Ordered",
    "strAllergyStatus1": "Ordered",
    "IntAllergyInstance": "1",
    "strOrderType_Ambulatory": "Inpatient",
    "StrOrder_Outpatient1": "aspirin",
    "StrOrder_Outpatient2": "amoxicillin",
    "StrOrder_Outpatient3": "acetaminophen",
    "StrDiagnosis1":"Fever",
    "StrDiagnosis2":"Cough",
    "StrDiagnosis3": "Diabetes",
    "StrProblem1": "Pain",
    "StrProblem2": "Broken nose",
    "strRightClickActionModify": "Modify",
    "strRightClickActionCancel_Reorder": "Cancel/Reorder",
    "strRightClickActionCancel_DC": "Cancel/DC",
    "strOrderType_Prescriptions": "Discharge Meds as Rx",
    "StrOrder_Prescription_Outpatient4":"aspirin 325 mg oral capsule",
    "strRightClickActionConverAMB": "Convert",
    "Struse_synonyms": "True",
    "Struse_OrderSentence": "True",
    "Struse_ReschduleTask": "True",
    "Struse_CancelReorderDC": "True",
    "Struse_favorites": "True",
    "Struse_Careset": "True",
    "StrorderCareset": "CAP Order Set",
    "StrCaresetOrderName": "Vital Signs",
    "StrOrderSupergroup_Careset": "False",
    "StrOrderNested_Careset": "PEDS Order Set",
    "StrOrdeMultipleRx": "False",
    "StrOrderDiluentAddtive": "lVF- D5W/LR",
    "StrOrderDoseCalc": "acetaminophen",
    "StrOrderSlidingscale": "Humalog for sliding scale",
    "StrOrderDocumentMed1": "acetaminophen 80 mg oral tablet",
    "StrOrderDocumentMed2": "gabapentin 100 mg oral capsule",
    "StrOrderDocumentMed3": "aspirin 325 mg oral tablet",
    "StrOrderDocumentMed4": "lithium 150 mg oral capsule",
    "StrOrderDocumentMed5": "lisinopril 2.5 mg oral tablet",
    "StrStatus": "Documented",
    "StrRightClickActionModify": "Modify",
    "StrnumorderInstanc": "1",
    "Struse_DocumentMeds": "True",
    "StrOrderFavorites": "Zofran",
    "StrOrderSynonym1": "furosemide",
    "StrOrderSynonym2": "Lasix",
    "StrMedicationOrder": "Zofran",
    "StrOrderInstance": "1",
    "StrOrderIntervalFrequency": "aspirin",
    "Strfrequency_intervalfrequency": "Q6H",
    "Struse_PrintOrderSheet": "True",
    "Struse_ProblemDiagnosis": "True",
    "StrOrderDiagnosis": "CBC",
    "StrOrderProblem": "acetaminophen",
    "StrorderDuplicate": "CBC",
    "StrOrderTaper": "predniSONE for taper dosing",
    "IntOrderInstance": "1",
    "StrOrderFuture": "CBC",
    "StrOrderUnscheduled": "ceFAZolin",
    "StrOrderUnscheduledValue": "On Call",
    "StrOrderOneTimeFreq": "aspirin",
    "StrOrderOneTimeFreqValue": "ONCE",
    "StrOrderDuration": "lisinopril",
    "StrOrderDetailsFieldName": "Duration",
    "StrOrderHardstop": "aspirin",
    "StrDateTime_FieldName": "First Dose Date",
    "StrAdministration": "TRUE",
    "StrDateEntry": "T",
    "StrTimeEntry": "N",
    "StrSkipAdmin": "",
    "StrOrderSoftstop": "ibuprofen",
    "StrFIN": "",
    "StrOrderEnchancedReOrder": "False",
    "StrOrderEnhancedValue": "BID",
    "StrDateTime_FieldName1": "Stop Date",
    "Struse_supendResume": "False",
    "Struse_OrderCopy": "True",
    "Struse_OrderVoid": "False",
    "Struse_OrderNurseReview": "True",
    "Struse_OrderComplete": "False",
    "StrRightclickAction_Void": "Void",
    "StrOrderNonMed": "Chest CT w/o Contrast",
    "StrAddtiveName": "calcium gluconate",
    "strValidateModifyStatus": "Ordered",
    "StrValidate_MultipleRx": "Ordered",
    "StrValidate_Suspend": "",
    "StrValidate_Resume": "",
    "StrPhysician_Username": "",
    "StrPhysician_Password": "",
    "StrOrder_Prescription1":"acetaminophen 160 mg oral tablet, chewable",
    "StrOrder_Prescription2":"Medrol 16 mg oral tablet",
    "StrOrder_Prescription3":"Cipro 250 mg oral tablet",
    "StrOrder_Prescription4": "Benadryl 25 mg oral capsule",
    "StrorderMisc": "Miscellaneous Medication",
    "StrOrder_DocumentMedHx_Presc": "Aspirin",
    "StrOrder_Inpatient": "ALPRAZolam",
    "StrOrder_Prescription5": "acetaminophen 160 mg oral tablet, chewable",
    "Struse_ProposeRenewals": "False",
    "Struse_ConvertInpatient": "True",
    "Struse_ConvertRx": "True",
    "Struse_CompleteRx": "Ture",
    "Struse_VoidRx": "True",
    "Struse_supendResumeRx": "False",
    "Struse_CancelReorderRx": "True",
    "Struse_DiscontinueRx": "False",
    "Struse_MiscPrescription": "True",
    "Struse_copyPrescription": "False",
    "Struse_Referencetext": "True",
    "Struse_RenewPrescription": "True",
    "Struse_ModifyPrescription": "True",
    "StrOrderComment": "Testing Comments",
    "strOrdersentence_Prescriptions": "Oral",
    "Struse_MARSummary": "True",
    "Struse_Ivsite": "True",
    "StrOrderStatus": "Documented",
    "StrorderPRN": "aspirin",
    "Struse_CancelCharting": "True",
    "Struse_RescheduleDose": "True",
    "StrorderScheduledMed": "acetaminophen",
    "StrOrderMedInfo": "Routine",
    "StrOrderMedDose": "given",
    "StrOrderIVDose": "Pending",
    "StrorderIV": "IVF - D5W/LR",
    "StrOrderIVInfo": "infusion",
    "Struse_AdditionalDose": "True",
    "Struse_ResponseTask": "True",
    "Struse_MARcomments": "True",
    "StrorderUnscheduled": "ceFAZolin",
    "StrOrderPRNInfo": "PRN",
    "StrOrderPRNDose": "given",
    "StrOrderUnscheduledInfo": "Call",
    "StrOrderUnscheduledDose": "given",
    "Struse_Unchart": "True",
    "Struse_ChartNotDone": "True",
    "Struse_RescheduleAdminTimes": "True",
    "Struse_AdminNote": "True",
    "Struse_InfuseVolume": "True",
    "Struse_TherapeuticClassView": "True",
    "Struse_PlanView": "False",
    "StrOrderInfo": "",
    "StrOrderDose": "",
    "StrorderImmunization": "influenza virus vaccine",
    "StrorderImmunizationMedInfo": "Call",
    "StrorderImmunizationMedDose": "given",
    "StrorderNurseWitness": "diphenhydrAMINE",
    "StrorderNurseMedInfo": "Call",
    "StrorderNurseMedDose": "given",
    "StrorderAutoVerify": "aspirin",
    "strValidate_AutoVerify": "Ordered",
    "StrorderIntermittentMed": "aspirin",
    "StrOrderInterMedInfo": "",
    "StrOrderInterMedDose": "",
    "StrorderIntermittentIV": "IVF - D5W / NaCl 0.225% with KCl 40 mEq",
    "StrOrderInterIVInfo": "",
    "StrOrderInterIVDose": "",
    "StrorderDTA": "aspirin",
    "StrOrderDTAIVInfo": "PRN",
    "StrOrderDTADose": "given",
    "StrOrder_IVMAW": "IVF - D2.5W / NaCl 0.45%",
    "StrOrderMAW1": "ferrous sulfate",
    "StrOrderMAW2": "acetaminophen",
    "StrOrderMultiIngredient": "Amicar infusion in NSS (10 gm/500 ml)",
    "StrOrderMultiIngedientScan": "NaCl 0.9%",
    "StrMedicationKeyword": "Routine",
    "StrTimeViewValue": "Cont",
    "StrReconciliationType_Admission": "Admission",
    "strPriorOrAfter1": "Prior",
    "strReconciliationOrderName1": [
        "docusate",
        "diphenhydrAMINE",
        "albuterol"
    ],
    "strReconciliationOrderStatus1": "",
    "strRadioButton1": "Continue",
    "strPriorOrAfter2": "Prior",
    "strReconciliationOrderName2": "ALPRAZolam",
    "strReconciliationOrderStatus2": "",
    "strRadioButton2": "Continue",
    "strPriorOrAfter3": "Prior",
    "strReconciliationOrderName3": [
        "acetaminophen 160 mg oral tablet, chewable",
        "Cipro 250 mg oral tablet"
    ],
    "strReconciliationOrderStatus3": "",
    "strRadioButton3": "DNC",
    "strPriorOrAfter4": "After",
    "strReconciliationOrderName4": [
        "Medrol 16 mg oral tablet",
        "acetaminophen 160 mg oral powder"
    ],
    "strReconciliationOrderStatus4": "",
    "strRadioButton4": "Continue",
    "StrReconciliationType_Transfer": "Transfer",
    "StrReconciliationType_Discharge": "Discharge",
    "strRightClickAction_CnvtIPtoPrescription": "Convert",
    "StrStatus_Admission": "Admission",
    "StrTooltipText": "Complete",
    "StrStatus_Discharge": "Discharge",
    "StrTooltipText_Discharge": "Complete",
    "strRightClickAction_Modify": "Modify",
    "Struse_VoidReconciliation": "",
    "StrVoid_option": "",
    "Struse_SuspendResumeReconciliation": "True",
    "StrorderSinglephase": "Analgesia, Pain Management",
    "StrOrderA_Singlephase": "acetaminophen",
    "StrOrderB_Singlephase": "ketorolac",
    "StrOrderC_Singlephase":"HYDROmorphone",
    "StrOrderD_Singlephase": "morphine",
    "StrorderE_Singlephase": "aspirin",
    "StrorderMultiphase": "Pediatric Severe Sepsis",
    "Strphase1_Multiphase": "Initiate within First Hour",
    "IntnumOccuranceCount": "1",
    "StrOrderA_Multiphase1": "Vital Signs",
    "StrOrderA_Multiphase2": "DOPamine",
    "StrOrderA_Multiphase3": "",
    "StrOrderB_Multiphase1": "Orthostatic Blood Pressure",
    "StrOrderB_Multiphase2": "epinephrine",
    "StrOrderB_Multiphase3": "",
    "StrOrderC_Multiphase1": "Peds Diet Tray For Parent",
    "StrOrderC_Multiphase2": "epinephrine",
    "StrOrderC_Multiphase3": "",
    "StrOrderD_Multiphase1": "Peripheral Intravenous Insert",
    "StrOrderD_Multiphase2": "norepinephrine",
    "StrOrderD_Multiphase3": "",
    "StrOrderE_Multiphase1": "Medrol",
    "StrOrderE_Multiphase2": "aspirin",
    "StrOrderE_Multiphase3": "",
    "Strphase2_Multiphase": "Within 6 Hours of Time Zero",
    "Strphase3_Multiphase": "False",
    "Struse_DiscontinuePlans": "True",
    "strReason_Discontinue": "Treatment",
    "strReasonDiscontinue_IPOC": "a",
    "StrDiscontinueOrder": "acetaminophen",
    "StrorderIPOC": "Risk for Imbalanced Fluid Volume Plan of Care",
    "Stroutcome1_IPOC": "Demonstrate behaviors to monitor and correct",
    "Stroutcome2_IPOC": "Will maintain fluid volume",
    "Strintervention_IPOC": "Other - Goal",
    "StrDiscontinueOrder_IPOC": "Demonstrate",
    "StrOrderSentence": "mg",
    "StrComponentStatus": "11/25/2024",
    "StrorderCopyForward": "",
    "StrorderEvidenceLink": "",
    "StrorderRxPlan": "Analgesia, Pain Management",
    "StrOrder_Prescription1RxPlan": "",
    "StrOrder_Prescription2RxPlan": "",
    "StrOrderFuturePlan": "",
    "StrorderSequencePlan": "",
    "StrorderDiagnosisPlan": [
        "docusate",
        "diphenhydrAMINE",
        "albuterol"
    ],
    "StrDiagnosis_Plan": "Analgesia, Pain Management",
    "StrorderLabCollect1": "CBC",
    "StrorderLabCollect2": "BMP",
    "StrorderLabCollect3": "BUN",
    "Struse_EnhancedSchedule": "False",
    "StrorderRouteforReview": "",
    "StrProposePlan": "",
    "StrOrderComplete":"CBC",
    "StrOrderMedStudent":"Medrol",
    "Struse_Medstudent":"True",
    "StrOrderA_SequencePlan":"Team Conference"
}
