{
    "TestedBy": "AB101277",
    "ClientMnemonic": "BH_AL",
    "TTPurpose": "UCMS__BH_AL_B1011_Build_Domain",
    "Domain": "B1011",
    "StrClientName":"BH_AL",
    "SolutionName":"Orders Management",
   
    "StrFINAmb":"082020861",
"StrUsername_DBA":"UCDBA",
"StrPassword_DBA":"cerner",
"StrUsername_RN": "UCDBA",
"strOrderTypeAMB_Prescriptions":"Prescriptions",
    "StrPassword_RN": "cerner",
    "StrUsername_MED": "UCDBA",
    "StrPassword_MED": "cerner",
    "StrAllergy_Mode": "Popup",
    "StrOrderMedStudent":"Ziagen",
    "StrAllergyName": "aspirin",
    "StrReactionName": "Rash",
    "StrAllergy_Action": "Modify",
    "StrAllergy_Modify": "True",
    "StrAllergyRemove_MCDS": "True",
    "StrAllergyActions_MCDS": "True",
    "StrDuplicate_MCDS": "True",
    "strOrderType": "Inpatient",
    "StrOrder_Allergy1": "Ketorolac",
    "strOrderSentence": "mg",
    "StrPhysicianUserName": "RS091347B",
    "StrOrderOrProposal": "",
    "StrCommunicationType": "Verbal",
    "strOverrideReason": "a",
    "strInteractions": "Apply to all",
    "StrOrder_Allergy2": "ibuprofen",
    "StrInteractionCategory": "Drug/Drug",
    "StrOrderName": "ketorolac",
    "strAllergyStatus": "Discontiue",
    "strAllergyStatus1": "Ordered",
    "IntAllergyInstance": "1",
    "strOrderType_Ambulatory": "Office",
    "StrOrder_Outpatient1": "diphenhydrAMINE",
    "StrOrder_Outpatient2": "ALPRAZolam",
    "StrOrder_Outpatient3": "hydrALAZINE",
    "StrDiagnosis1": "Cancer",
    "StrDiagnosis2": "Fever",
    "StrDiagnosis3": "Pain",
    "StrProblem1": "Broken nose",
    "StrProblem2": "Chest pain",
    "strRightClickActionModify": "Modify",
    "strRightClickActionCancel_Reorder": "Cancel/Reorder",
    "strRightClickActionCancel_DC": "Cancel/DC",
    "strOrderType_Prescriptions": "Discharge Meds as Rx",
    "StrOrder_Prescription_Outpatient4": "Medrol 2 mg oral",
    "strRightClickActionConverAMB": "Convert to Amb",
    "Struse_synonyms": "True",
    "Struse_OrderSentence": "True",
    "Struse_ReschduleTask": "False",
    "Struse_CancelReorderDC": "True",
    "Struse_favorites": "True",
    "Struse_Careset": "True",
    "StrorderCareset": "CABG Care Set",
    "StrCaresetOrderName": "NPO",
    "StrOrderSupergroup_Careset": "False",
    "StrOrderNested_Careset": "False",
    "StrOrdeMultipleRx": "False",
    "StrOrderDiluentAddtive": "D5W",
    "StrOrderDoseCalc": "acetaminophen",
    "StrOrderSlidingscale": "False",
    "StrOrderDocumentMed1": "acetaminophen 80 mg oral tablet",
    "StrOrderDocumentMed2": "gabapentin",
    "StrOrderDocumentMed3": "aspirin",
    "StrOrderDocumentMed4": "lisinopril",
    "StrOrderDocumentMed5": "Flexeril",
    "StrStatus": "Documented",
    "StrRightClickActionModify": "Modify",
    "StrnumorderInstanc": "",
    "Struse_DocumentMeds": "True",
    "StrOrderType": "Inpatient",
    "StrOrderFavorites": "Calan",
    "StrOrderSynonym1": "abacavir",
    "StrOrderSynonym2": "Ziagen",
    "StrMedicationOrder": "abacavir",
    "StrOrderInstance": "1",
    "StrOrderIntervalFrequency": "aspirin",
    "Strfrequency_intervalfrequency": "Daily",
    "Struse_PrintOrderSheet": "True",
    "Struse_ProblemDiagnosis": "True",
    "StrOrderDiagnosis1": "lisinopril",
    "StrOrderProblem": "lithium",
    "StrorderDuplicate": "CBC with Auto Differential",
    "StrOrderTaper": "Prednisone",
    "IntOrderInstance": "1",
    "StrOrderFuture": "CBC with Auto Differential",
    "StrOrderUnscheduled": "influenza virus Vaccine",
    "StrOrderUnscheduledValue": "Unscheduled",
    "StrOrderOneTimeFreq": "clindamycin",
    "StrOrderOneTimeFreqValue": "Once",
    "StrOrderDuration": "amoxicillin 250 mg oral capsule",
    "strOrderDetailsFieldName": "Duration",
    "StrDurationTextBoxValue": "2",
    "StrDurationDropDownList": "Day",
    "StrOrderHardstop": "acetaZOLAMIDE",
    "StrDateTime_FieldName": "First Dose Date/time",
    "StrAdministration": "",
    "StrDateEntry": "+",
    "StrTimeEntry": "12:00",
    "StrSkipAdmin": "No",
    "StrOrderSoftstop": "acebutolol 200 mg oral capsule",
    "StrFIN": "082020860",
    "StrOrderEnchancedReOrder": "aspirin",
    "StrOrderEnhancedValue": "BID",
    "StrDateTime_FieldName1": "Stop Date/Time",
    "Struse_supendResume": "True",
    "Struse_OrderCopy": "True",
    "Struse_OrderVoid": "True",
    "Struse_OrderNurseReview": "True",
    "Struse_OrderComplete": "False",
    "Struse_Medstudent": "True",
    "StrRightclickAction_Void": "Void",
    "StrOrderNonMed": "Vital Signs",
    "StrAddtiveName": "penicillin G sodium",
    "strValidateModifyStatus": "Modify",
    "StrValidate_MultipleRx": "Ordered",
    "StrValidate_Suspend": "Suspend",
    "StrValidate_Resume": "Resume",
"StrPhysician_Username":"ZTESTP",
"StrPhysician_Password":"cerner",
"StrOrder_Prescription1":"Medrol 4 mg oral tablet",
"StrOrder_Prescription2":"Lithium 150 mg oral",
"StrOrder_Prescription3":"clindamycin 150 mg oral",
"StrOrder_Prescription4":"lisinopril 5 mg oral",
"StrorderMisc":"Miscellaneous Medication",
"StrOrder_DocumentMedHx_Presc": " ",
    "StrOrder_Inpatient": "lisinopril",
    "StrOrder_Prescription5": "aspirin 81 mg oral capsule",
    "Struse_ProposeRenewals": "Yes",
    "Struse_ConvertInpatient": "Yes",
    "Struse_ConvertRx": "Yes",
    "Struse_CompleteRx": "Yes",
    "Struse_VoidRx": "Yes",
    "Struse_supendResumeRx": "Yes",
    "Struse_CancelReorderRx": "Yes",
    "Struse_DiscontinueRx": "Yes",
    "Struse_MiscPrescription": "Yes",
    "Struse_copyPrescription": "Yes",
    "Struse_Referencetext": "Yes",
    "Struse_RenewPrescription": "Yes",
    "Struse_ModifyPrescription": "Yes",
    "StrOrderComment": " ",
    "strOrdersentence_Prescriptions": "Yes",
    "Struse_MARSummary": "Yes",
    "Struse_Ivsite": "Yes",
    "StrOrderStatus": " ",
    "StrorderPRN": "acetaminophen",
    "Struse_CancelCharting": "Yes",
    "Struse_RescheduleDose": "No",
    "StrorderScheduledMed": "albuterol",
    "StrOrderMedInfo": " ",
    "StrOrderMedDose": " ",
    "StrOrderIVDose": " ",
    "StrorderIV": "Premix Dextrose 5% in Water",
    "StrOrderIVInfo": " ",
    "Struse_AdditionalDose": "No",
    "Struse_ResponseTask": "Yes",
    "Struse_MARcomments": "No",
    "StrorderUnscheduled": "Tylenol",
    "StrOrderPRNInfo": " ",
    "StrOrderPRNDose": " ",
    "StrOrderUnscheduledInfo": " ",
    "StrOrderUnscheduledDose": " ",
    "Struse_Unchart": "Yes",
    "Struse_ChartNotDone": "Yes",
    "Struse_RescheduleAdminTimes": "Yes",
    "Struse_AdminNote": "Yes",
    "Struse_InfuseVolume": "Yes",
    "Struse_TherapeuticClassView": "Yes",
    "Struse_PlanView": "Yes",
    "StrOrderInfo": " ",
    "StrOrderDose": " ",
    "StrorderImmunization": "MMR II",
    "StrorderImmunizationMedInfo": " ",
    "StrorderImmunizationMedDose": " ",
    "StrorderNurseWitness": "",
    "StrorderNurseMedInfo": " ",
    "StrorderNurseMedDose": " ",
    "StrorderAutoVerify": "docusate",
    "strValidate_AutoVerify": " ",
    "StrorderIntermittentMed": "sodium chloride 0.45%",
    "StrOrderInterMedInfo": " ",
    "StrOrderInterMedDose": " ",
    "StrorderIntermittentIV": "banana IV bag",
    "StrOrderInterIVInfo": " ",
    "StrOrderInterIVDose": " ",
    "StrorderDTA": "hyaluronan",
    "StrOrderDTAIVInfo": " ",
    "StrOrderDTADose": " ",
    "StrOrder_IVMAW": "D5W",
    "StrOrderMAW1": "aspirin",
    "StrOrderMAW2": "acetaminophen",
    "StrOrderMultiIngredient": "DOBUTamine 16 mg with D5W 20 mL (NICU)",
    "StrOrderMultiIngedientScan": " ",
    "StrMedicationKeyword": " ",
    "StrTimeViewValue": " ",
    "StrReconciliationType_Admission": "Admission",
    "strPriorOrAfter1": " ",
    "strReconciliationOrderName1": "ibuprofen",
    "strReconciliationOrderStatus1": " ",
    "strRadioButton1": " ",
    "strPriorOrAfter2": " ",
    "strReconciliationOrderName2": "lisinopril",
    "strReconciliationOrderStatus2": " ",
    "strRadioButton2": " ",
    "strPriorOrAfter3": " ",
    "strReconciliationOrderName3": "aspirin 81 mg oral capsule",
    "strReconciliationOrderStatus3": " ",
    "strRadioButton3": " ",
    "strPriorOrAfter4": " ",
    "strReconciliationOrderName4": "acetaminophen 80 mg oral tablet, chewable",
    "strReconciliationOrderStatus4": " ",
    "strRadioButton4": " ",
    "StrReconciliationType_Transfer": "Transfer",
    "StrReconciliationType_Discharge": "Discharge",
    "strRightClickAction_CnvtIPtoPrescription": " ",
    "StrStatus_Admission": " ",
    "StrTooltipText": " ",
    "StrStatus_Discharge": " ",
    "StrTooltipText_Discharge": " ",
    "strRightClickAction_Modify": " ",
    "Struse_VoidReconciliation": "",
    "StrVoid_option": "",
    "Struse_SuspendResumeReconciliation": " ",
    "StrorderSinglephase": "MCH SURG ENT Postoperative",
    "StrOrderA_Singlephase": "Regular Diet",
    "StrOrderB_Singlephase": "Peripheral IV Discontinue",
    "StrOrderC_Singlephase": "ceFAZolin",
    "StrOrderD_Singlephase": "acetaminophen",
    "StrorderE_Singlephase": "Oxygen Therapy",
    "StrorderMultiphase": "MCH OB Cesarean Delivery Acute",
    "Strphase1_Multiphase": "Pre-op C-Section",
    "IntnumOccuranceCount": " ",
    "StrOrderA_Multiphase1": "CBC w/ Diff",
    "StrOrderA_Multiphase2": "Transfer patient",
    "StrOrderA_Multiphase3": "NPO",
    "StrOrderB_Multiphase1": "Patient Isolation",
    "StrOrderB_Multiphase2": "Vital Signs",
    "StrOrderB_Multiphase3": "Urinary Catheter Care",
    "StrOrderC_Multiphase1": "Blood Glucose Monitoring POC",
    "StrOrderC_Multiphase2": "Postpartum Checks",
    "StrOrderC_Multiphase3": "Peripheral IV Discontinue",
    "StrOrderD_Multiphase1": "RPR",
    "StrOrderD_Multiphase2": "N/A",
    "StrOrderD_Multiphase3": "Ice Pack Application",
    "StrOrderE_Multiphase1": "simethicone",
    "StrOrderE_Multiphase2": "N/A",
    "StrOrderE_Multiphase3": "oxytocin",
    "Strphase2_Multiphase": "Recovery",
    "Strphase3_Multiphase": "Post-operative",
    "Struse_DiscontinuePlans": "Yes",
    "strReason_Discontinue": " ",
    "strReasonDiscontinue_IPOC": " ",
    "StrDiscontinueOrder": " ",
    "StrorderIPOC": "Activity Intolerance IPOC",
    "Stroutcome1_IPOC": "Achieve Optimal Activity Tolerance",
    "Stroutcome2_IPOC": "Demonstrates Improved Energy Conservation",
    "Strintervention_IPOC": "Patient Specific Goal 1",
    "StrDiscontinueOrder_IPOC": " ",
    "StrOrderSentence": "mg",
    "StrComponentStatus": " ",
    "StrorderCopyForward": "MCH AMB STD Panel",
    "StrorderEvidenceLink": "",
    "StrorderRxPlan": "MCH AMB Well Child (12 Months)",
    "StrOrder_Prescription1RxPlan": " ",
    "StrOrder_Prescription2RxPlan": " ",
    "StrOrderFuturePlan": "",
    "StrorderSequencePlan": "",
    "StrorderDiagnosisPlan": "ibuprofen",
    "StrDiagnosis_Plan": "MCH AMB STD Panel",
    "StrorderLabCollect1": "CBC w/ Diff",
    "StrorderLabCollect2": "CBC w/ Diff",
    "StrorderLabCollect3": "CBC w/ Diff",
    "Struse_EnhancedSchedule": "Yes",
    "StrorderRouteforReview": "",
    "StrProposePlan": " "

}