{
    "StrClientName": "BHS_FL",
    "StrUsername_DBA": "SN100932",
    "StrPassword_DBA": "cerner*1",
    "StrUsername_RN": "SN100932C",
    "StrPassword_RN": "cerner*1",
    "StrUsername_MED": "SN100932",
    "StrPassword_MED": "cerner",
    "StrAllergy_Mode": "Flat",
    "StrAllergyName": "aspirin",
    "StrReactionName": "Rash",
    "StrAllergy_Action": "Modify",
    "StrAllergy_Modify": "True",
    "StrAllergyRemove_MCDS": "True",
    "StrAllergyActions_MCDS": "True",
    "StrDuplicate_MCDS": "False",
    "strOrderType": "Inpatient",
    "StrOrder_Allergy1": "Aspirin",
    "strOrderSentence": "Protonix",
    "StrPhysicianUserName": "SN100932",
    "StrOrderOrProposal": "Order",
    "StrCommunicationType": "Verbal",
    "strOverrideReason": "Acknowledge",
    "strInteractions": "Apply to All",
    "StrOrder_Allergy2": "ketorolac",
    "StrInteractionCategory": "False",
    "StrDuplicate_OrderName": "Chest CT WO Con",
    "strAllergyStatus": "Apply to All",
    "strAllergyStatus1": "False",
    "IntAllergyInstance": "1",
    "strOrderType_Ambulatory": "Meds in Office",
    "StrOrder_Outpatient1": "Aspirin",
    "StrOrder_Outpatient2": "Amoxicillin",
    "StrOrder_Outpatient3": "Acetaminophen",
    "StrDiagnosis1": "Acute kidney failure, unspecified",
    "StrDiagnosis2": "Bone cancer",
    "StrDiagnosis3": "Abattoir fever",
    "StrProblem1": "Pain",
    "StrProblem2": "Broken Nose",
    "strRightClickActionModify": "Modify",
    "strRightClickActionCancel_Reorder": "Reorder",
    "strRightClickActionCancel_DC": "Cancel/DC",
    "strOrderType_Prescriptions": "Prescriptions",
    "StrOrder_Prescription_Outpatient4": "aspirin 81 mg",
    "strRightClickActionConverAMB": "False",
    "Struse_synonyms": "True",
    "Struse_OrderSentence": "True",
    "Struse_ReschduleTask": "True",
    "Struse_CancelReorderDC": "False",
    "Struse_favorites": "True",
    "Struse_Careset": "False",
    "StrorderCareset": "False",
    "StrCaresetOrderName": "False",
    "StrOrderSupergroup_Careset": "False",
    "StrOrderNested_Careset": "False",
    "StrOrdeMultipleRx": "NovoLIN R",
    "StrOrderDiluentAddtive": "Heparin additive PF",
    "StrOrderDoseCalc": "ampicilllin",
    "StrOrderSlidingscale": "False",
    "StrOrderDocumentMed1": "acetaminophen  ",
    "StrOrderDocumentMed2": "gabapentin 100 mg oral capsule",
    "StrOrderDocumentMed3": "aspirin 325 mg oral tablet",
    "StrOrderDocumentMed4": "lithium 150 mg oral capsule",
    "StrOrderDocumentMed5": "lisinopril 2.5 mg oral tablet",
    "StrStatus": "Documented",
    "StrRightClickActionModify": "Modify",
    "StrnumorderInstanc": "1",
    "Struse_DocumentMeds": "True",
    "StrOrderFavorites": "Protonix",
    "StrOrderSynonym1": "abacavir",
    "StrOrderSynonym2": "Ziagen",
    "StrMedicationOrder": "Protonix",
    "StrOrderInstance": "1",
    "StrOrderIntervalFrequency": "ondasetron",
    "Strfrequency_intervalfrequency": "q6hr",
    "Struse_PrintOrderSheet": "True",
    "Struse_ProblemDiagnosis": "True",
    "StrOrderDiagnosis": "CBC",
    "StrOrderProblem": "CBC",
    "StrorderDuplicate": "Chest CT WO Con",
    "StrOrderTaper": "prednisone",
    "IntOrderInstance": "1",
    "StrOrderFuture": "CBC",
    "StrOrderUnscheduled": "cefepine",
    "StrOrderUnscheduledValue": "as directed",
    "StrOrderOneTimeFreq": "Norflex injectable",
    "StrOrderOneTimeFreqValue": "once",
    "StrOrderDuration": "Niitrostat 0.4 mg sublingual tablet",
    "StrOrderDetailsFieldName": "Duration",
    "StrOrderHardstop": "ketorolac",
    "StrDateTime_FieldName": "Start Date",
    "StrAdministration": "TRUE",
    "StrDateEntry": "T",
    "StrTimeEntry": "N",
    "StrSkipAdmin": "False",
    "StrOrderSoftstop": "Meropenem",
    "StrFIN": "False",
    "StrOrderEnchancedReOrder": "aspirin",
    "StrOrderEnhancedValue": "BID",
    "StrDateTime_FieldName1": "Stop Date",
    "Struse_supendResume": "True",
    "Struse_OrderCopy": "True",
    "Struse_OrderVoid": "True",
    "Struse_OrderNurseReview": "True",
    "Struse_OrderComplete": "True",
    "StrRightclickAction_Void": "False",
    "StrOrderNonMed": "Brain CT W Con",
    "StrAddtiveName": "Heparin additive PF",
    "strValidateModifyStatus": "Ordered",
    "StrValidate_MultipleRx": "Ordered",
    "StrValidate_Suspend": "False",
    "StrValidate_Resume": "False",
    "StrPhysician_Username": "SN100932",
    "StrPhysician_Password": "cerner*1",
    "StrOrder_Prescription1": "Tylenol 325 mg oral tablet",
    "StrOrder_Prescription2": "amoxicillin 125 mg oral tablet, chewable",
    "StrOrder_Prescription3": "acetaminophen 80 mg oral tablet, chewable",
    "StrOrder_Prescription4": "aspirin 81 mg oral delayed release tablet",
    "StrorderMisc": "Misc Prescription",
    "StrOrder_DocumentMedHx_Presc": "Aspirin",
    "StrOrder_Inpatient": "Tylenol",
    "StrOrder_Prescription5": "Tylenol 325 mg oral tablet",
    "Struse_ProposeRenewals": "True",
    "Struse_ConvertInpatient": "True",
    "Struse_ConvertRx": "True",
    "Struse_CompleteRx": "True",
    "Struse_VoidRx": "True",
    "Struse_supendResumeRx": "True",
    "Struse_CancelReorderRx": "True",
    "Struse_DiscontinueRx": "True",
    "Struse_MiscPrescription": "True",
    "Struse_copyPrescription": "True",
    "Struse_Referencetext": "True",
    "Struse_RenewPrescription": "True",
    "Struse_ModifyPrescription": "True",
    "StrOrderComment": "Testing Comments",
    "strOrdersentence_Prescriptions": "True",
    "Struse_MARSummary": "True",
    "Struse_Ivsite": "True",
    "StrOrderStatus": "False",
    "StrorderPRN": "HYDROmorphone",
    "Struse_CancelCharting": "True",
    "Struse_RescheduleDose": "True",
    "StrorderScheduledMed": "Famotidine",
    "StrOrderMedInfo": "False",
    "StrOrderMedDose": "False",
    "StrOrderIVDose": "Pending",
    "StrorderIV": "Sodium Chloride 0.45%",
    "StrOrderIVInfo": "False",
    "Struse_AdditionalDose": "False",
    "Struse_ResponseTask": "True",
    "Struse_MARcomments": "False",
    "StrorderUnscheduled": "cefepine",
    "StrOrderPRNInfo": "False",
    "StrOrderPRNDose": "False",
    "StrOrderUnscheduledInfo": "False",
    "StrOrderUnscheduledDose": "False",
    "Struse_Unchart": "True",
    "Struse_ChartNotDone": "True",
    "Struse_RescheduleAdminTimes": "False",
    "Struse_AdminNote": "True",
    "Struse_InfuseVolume": "True",
    "Struse_TherapeuticClassView": "True",
    "Struse_PlanView": "True",
    "StrOrderInfo": "False",
    "StrOrderDose": "False",
    "StrorderImmunization": "influenza virus vaccine, live",
    "StrorderImmunizationMedInfo": "False",
    "StrorderImmunizationMedDose": "False",
    "StrorderNurseWitness": "warfarin",
    "StrorderNurseMedInfo": "False",
    "StrorderNurseMedDose": "False",
    "StrorderAutoVerify": "Zosyn 4.5 gram",
    "strValidate_AutoVerify": "False",
    "StrorderIntermittentMed": "azithromycin",
    "StrOrderInterMedInfo": "False",
    "StrOrderInterMedDose": "False",
    "StrorderIntermittentIV": "cefepime",
    "StrOrderInterIVInfo": "False",
    "StrOrderInterIVDose": "False",
    "StrorderDTA": "False",
    "StrOrderDTAIVInfo": "False",
    "StrOrderDTADose": "False",
    "StrOrder_IVMAW": "False",
    "StrOrderMAW1": "Famotidine",
    "StrOrderMAW2": "HYDROmorphone",
    "StrOrderMultiIngredient": "DOBUTamine/D5W 2 mg/mL IV Drip STD PED<50kg",
    "StrOrderMultiIngedientScan": "Epidural",
    "StrMedicationKeyword": "Routine",
    "StrTimeViewValue": "Cont",
    "StrReconciliationType_Admission": "Admission",
    "strPriorOrAfter1": "Prior",
    "strReconciliationOrderName1": "aspirin",
    "strReconciliationOrderStatus1": "False",
    "strRadioButton1": "Continue",
    "strPriorOrAfter2": "Prior",
    "strReconciliationOrderName2": "Tylenol",
    "strReconciliationOrderStatus2": "False",
    "strRadioButton2": "Continue",
    "strPriorOrAfter3": "Prior",
    "strReconciliationOrderName3": "Tylenol 325 mg oral tablet",
    "strReconciliationOrderStatus3": "False",
    "strRadioButton3": "DNC",
    "strPriorOrAfter4": "After",
    "strReconciliationOrderName4": "amoxicillin 125 mg oral tablet, chewable",
    "strReconciliationOrderStatus4": "False",
    "strRadioButton4": "Continue",
    "StrReconciliationType_Transfer": "Transfer",
    "StrReconciliationType_Discharge": "Discharge",
    "strRightClickAction_CnvtIPtoPrescription": "Convert",
    "StrStatus_Admission": "Admission",
    "StrTooltipText": "Complete",
    "StrStatus_Discharge": "Discharge",
    "StrTooltipText_Discharge": "Complete",
    "strRightClickAction_Modify": "Modify",
    "Struse_VoidReconciliation": "False",
    "StrVoid_option": "False",
    "Struse_SuspendResumeReconciliation": "True",
    "StrorderSinglephase": "ANES OB Pre-Cesarean Section_B",
    "StrOrderA_Singlephase": "Phase to be intiated when patient arrives to unit ",
    "StrOrderB_Singlephase": "Peripheral IV ",
    "StrOrderC_Singlephase": "CBC",
    "StrOrderD_Singlephase": "PTT",
    "StrorderE_Singlephase": "pepcid",
    "StrorderMultiphase": "CARD SURG Cardiothoracic Surgery (Phased)_B",
    "Strphase1_Multiphase": "Pre-Op Open Heart ",
    "IntnumOccuranceCount": "1",
    "StrOrderA_Multiphase1": "NPO After Mid Night ",
    "StrOrderA_Multiphase2": "Phase to be intiated when patient arrives to unit ",
    "StrOrderA_Multiphase3": "Urinary Catheter Insertion ",
    "StrOrderB_Multiphase1": "Surgical Prep ",
    "StrOrderB_Multiphase2": "albumin human 5% intravenous solution ",
    "StrOrderB_Multiphase3": "Intake and Output ",
    "StrOrderC_Multiphase1": "Obtain surgical consent",
    "StrOrderC_Multiphase2": "bacitracin",
    "StrOrderC_Multiphase3": "Extubation",
    "StrOrderD_Multiphase1": "xanax",
    "StrOrderD_Multiphase2": "heparin",
    "StrOrderD_Multiphase3": "Tylenol ",
    "StrOrderE_Multiphase1": "mupirocin 2% topical ointment",
    "StrOrderE_Multiphase2": "magnesium sulfate ",
    "StrOrderE_Multiphase3": "Zofran",
    "Strphase2_Multiphase": "Intra- Op Open Heart",
    "Strphase3_Multiphase": "Post-Op Open Heart",
    "Struse_DiscontinuePlans": "True",
    "strReason_Discontinue": "a",
    "strReasonDiscontinue_IPOC": "a",
    "StrDiscontinueOrder": "False",
    "StrorderIPOC": "Altered Mood IPOC",
    "Stroutcome1_IPOC": "Demonstrates Increased Behavioral Self-control",
    "Stroutcome2_IPOC": "Establish a trusting, Therapeutic Relationship with Patient ",
    "Strintervention_IPOC": "N/A",
    "StrDiscontinueOrder_IPOC": "False",
    "StrOrderSentence": "mg",
    "StrComponentStatus": "11/25/2024",
    "StrorderCopyForward": "MED General Admission_B",
    "StrorderEvidenceLink": "EBCC ANES OB pre-Cesarean Section_B",
    "StrorderRxPlan": "EBCC Ortho Same Day Total Joint Replacement (TJR) Elective Hip Knee (Phased)_B",
    "StrOrder_Prescription1RxPlan": "False",
    "StrOrder_Prescription2RxPlan": "False",
    "StrOrderFuturePlan": "Ped ICU diabetic ketoacidosiss DKA_B",
    "StrorderSequencePlan": "Bone Marrow Procedure",
    "StrDiagnosis_Plan": "aspirin",
    "StrorderDiagnosisPlan ": "ANES Adult Patient Controlled IV Analgesia (PCA)_B",
    "StrorderLabCollect1": "Urinalysis",
    "StrorderLabCollect2": "Stool Culture",
    "StrorderLabCollect3": "CSF Culture",
    "Struse_EnhancedSchedule": "True",
    "StrorderRouteforReview": "False",
    "StrProposePlan": "False"
}