{
    "StrClientName": " ",
    "StrUsername_DBA": 
        "RS091347A",
        
    "StrPassword_DBA": 
        "cerner*1",
        
    "StrUsername_RN": 
        "RS091347",
        
    "StrPassword_RN": "cerner*1",
    "StrUsername_MED": "RS091347B",
    "StrPassword_MED": "cerner*1",
    "StrAllergy_Mode": "Flat",
    "StrAllergyName": "aspirin",
    "StrReactionName": " ",
    "StrAllergy_Action": " ",
    "StrAllergy_Modify": "",
    "StrAllergyRemove_MCDS": " ",
    "StrAllergyActions_MCDS": " ",
    "StrDuplicate_MCDS": " ",
    "strOrderType": "Inpatient",
    "StrOrder_Allergy1": "",
    "strOrderSentence": "amoxicillin",
    "StrPhysicianUserName": 
        
        "RS091347A",
        
    "StrOrderOrProposal": " ",
    "StrCommunicationType": " ",
    "strOverrideReason": " ",
    "strInteractions": " ",
    "StrOrder_Allergy2": "",
    "StrInteractionCategory": " ",
    "StrDuplicate_OrderName": "Regular Diet",
    "strAllergyStatus": " ",
    "strAllergyStatus1": " ",
    "IntAllergyInstance": " ",
    "strOrderType_Ambulatory": 
        
        "Ambulatory- In Office (Meds in Office)",
    
    "StrOrder_Outpatient1": "Acetaminophen Level",
    "StrOrder_Outpatient2": "aspirin",
    "StrOrder_Outpatient3": "Morphine",
    "StrDiagnosis1": 
        "Acetabular Fracture",
        
    "StrDiagnosis2": 
        "Asthma",
        
    "StrDiagnosis3": "Cancer",
    "StrProblem1": "Broken Nose",
    "StrProblem2": "Pain",
    "strRightClickActionModify": " ",
    "strRightClickActionCancel_Reorder": " ",
    "strRightClickActionCancel_DC": " ",
    "strOrderType_Prescriptions": 
        "Prescriptions",
        
    "strOrderType_Prescriptions_AMB": 
        
        "Ambulatory- In Office (Meds as Rx)"
    ,
    "StrOrder_Prescription_Outpatient4": "cefazolin",
    "strRightClickActionConverAMB": " ",
    "Struse_synonyms": " ",
    "Struse_OrderSentence": " ",
    "Struse_ReschduleTask": "True",
    "Struse_CancelReorderDC": "True",
    "Struse_favorites": "True",
    "Struse_Careset": "",
    "StrorderCareset": "GTT 2 Hr",
    "StrCaresetOrderName": "GTT 2 Hr",
    "StrOrderSupergroup_Careset": "Type and Screen",
    "StrOrderNested_Careset": "",
    "StrOrdeMultipleRx": "EPINEPHrine 0.1 mg/mL injectable solution",
    "StrOrderDiluentAddtive": 
        "Bupivacaine 0.5%",
        
    "StrOrderDoseCalc": "Toradol",
    "StrOrderSlidingscale": "NovoLIN R",
    "StrOrderDocumentMed1": "",
    "StrOrderDocumentMed2": "",
    "StrOrderDocumentMed3": "",
    "StrOrderDocumentMed4": "",
    "StrOrderDocumentMed5": "",
    "StrStatus": " ",
    "StrRightClickActionModify": " ",
    "StrnumorderInstanc": " ",
    "Struse_DocumentMeds": "True",
    "StrOrderFavorites": "amoxicillin",
    "StrOrderSynonym1": "clindamycin",
    "StrOrderSynonym2": "Cleocin HCl",
    "StrMedicationOrder": "amoxicillin",
    "StrOrderInstance": " ",
    "StrOrderIntervalFrequency": 
       
        "aspirin"
    ,
    "Strfrequency_intervalfrequency": "Q4H",
    "Struse_PrintOrderSheet": "True",
    "Struse_ProblemDiagnosis": "True",
    "StrOrderDiagnosis": "CT Brain w/ + w/o Contrast",
    "StrOrderProblem": "CT Brain w/ + w/o Contrast",
    "StrorderDuplicate": "Regular Diet",
    "StrOrderTaper": "predniSONE",
    "IntOrderInstance": " ",
    "StrOrderFuture": "CBC",
    "StrOrderUnscheduled": 
        "varicella virus vaccine",
       
    "StrOrderUnscheduledValue": "As Indicated",
    "StrOrderOneTimeFreq": "amoxicillin",
    "StrOrderOneTimeFreqValue": "Once",
    "StrOrderDuration": "Toradol",
    "StrstrOrderDetailsFieldName": " ",
    "StrOrderHardstop": "ketorolac",
    "StrDateTime_FieldName": " ",
    "StrAdministration": " ",
    "StrDateEntry": " ",
    "StrTimeEntry": " ",
    "StrSkipAdmin": " ",
    "StrOrderSoftstop": "amoxicillin",
    "StrFIN": "",
    "StrOrderEnchancedReOrder": " ",
    "StrOrderEnhancedValue": " ",
    "StrDateTime_FieldName1": " ",
    "Struse_supendResume": " ",
    "Struse_OrderCopy": "True",
    "Struse_OrderVoid": "True",
    "Struse_OrderNurseReview": "True",
    "Struse_OrderComplete": "True",
    "StrRightclickAction_Void": " ",
    "StrOrderNonMed": "CT Angio Head WI + Wlo Contrast",
    "StrAddtiveName": 
        "Bupivacaine 0.5%",
        
    "strValidateModifyStatus": " ",
    "StrValidate_MultipleRx": " ",
    "StrValidate_Suspend": " ",
    "StrValidate_Resume": " ",
    "StrPhysician_Username": 
        
        "RS091347A",
        
    "StrPhysician_Password": "cerner*1",
    "StrOrder_Prescription1": 
        "acetaminophen 80 mg oral tablet, chewable",
        
    "StrOrder_Prescription2": 
        "lisinopril 10 mg oral tablet",
        
    "StrOrder_Prescription3": "aspirin 325 mg oral tablet",
    "StrOrder_Prescription4": "codeine sulfate 15 mg oral tablet",
    "StrorderMisc": "Misc Prescription",
    "StrOrder_DocumentMedHx_Presc": " ",
    "StrOrder_Inpatient": "aspirin",
    "StrOrder_Prescription5": 
        
        "ibuprofen 100 mg oral tablet"
    ,
    "Struse_ProposeRenewals": "False",
    "Struse_ConvertInpatient": "True",
    "Struse_ConvertRx": "True",
    "Struse_CompleteRx": "True",
    "Struse_VoidRx": "True",
    "Struse_supendResumeRx": "True",
    "Struse_CancelReorderRx": "True",
    "Struse_DiscontinueRx": "True",
    "Struse_MiscPrescription": "True",
    "Struse_copyPrescription": "True",
    "Struse_Referencetext": "True",
    "Struse_RenewPrescription": "True",
    "Struse_ModifyPrescription": "True",
    "StrOrderComment": " ",
    "strOrdersentence_Prescriptions": "True",
    "Struse_MARSummary": "True",
    "Struse_Ivsite": "True",
    "StrOrderStatus": " ",
    "StrorderPRN": "Benadryl",
    "Struse_CancelCharting": "True",
    "Struse_RescheduleDose": "True",
    "StrorderScheduledMed": "amoxicillin",
    "StrOrderMedInfo": " ",
    "StrOrderMedDose": " ",
    "StrOrderIVDose": " ",
    "StrorderIV": 
        "Sodium Chloride 0.45%",
       
    "StrOrderIVInfo": " ",
    "Struse_AdditionalDose": "True",
    "Struse_ResponseTask": "True",
    "Struse_MARcomments": "True",
    "StrorderUnscheduled": 
        "varicella virus vaccine",
        
    "StrOrderPRNInfo": " ",
    "StrOrderPRNDose": " ",
    "StrOrderUnscheduledInfo": " ",
    "StrOrderUnscheduledDose": " ",
    "Struse_Unchart": "True",
    "Struse_ChartNotDone": "True",
    "Struse_RescheduleAdminTimes": "True",
    "Struse_AdminNote": "True",
    "Struse_InfuseVolume": "True",
    "Struse_TherapeuticClassView": "True",
    "Struse_PlanView": "True",
    "StrOrderInfo": " ",
    "StrOrderDose": " ",
    "StrorderImmunization": "hepatitis A adult vaccine",
    "StrorderImmunizationMedInfo": " ",
    "StrorderImmunizationMedDose": " ",
    "StrorderNurseWitness": "Altepase 2 mg injection",
    "StrorderNurseMedInfo": " ",
    "StrorderNurseMedDose": " ",
    "StrorderAutoVerify": "clindamycin",
    "strValidate_AutoVerify": " ",
    "StrorderIntermittentMed": "Dextrose 5% in Water intravenous solution",
    "StrOrderInterMedInfo": " ",
    "StrOrderInterMedDose": " ",
    "StrorderIntermittentIV": "Activase",
    "StrOrderInterIVInfo": " ",
    "StrOrderInterIVDose": " ",
    "StrorderDTA": "heparin",
    "StrOrderDTAIVInfo": " ",
    "StrOrderDTADose": " ",
    "StrOrder_IVMAW": " ",
    "StrOrderMAW1": "aspirin",
    "StrOrderMAW2": "Benadryl",
    "StrOrderMultiIngredient": "D5W with KCL 20 mEq/L 1000 mL",
    "StrOrderMultiIngedientScan": " ",
    "StrMedicationKeyword": " ",
    "StrTimeViewValue": " ",
    "StrReconciliationType_Admission": "Admission",
    "strPriorOrAfter1": " ",
    "strReconciliationOrderName1": 
        "Ammonia Level",
       
    "strReconciliationOrderStatus1": " ",
    "strRadioButton1": " ",
    "strPriorOrAfter2": " ",
    "strReconciliationOrderName2": "aspirin",
    "strReconciliationOrderStatus2": " ",
    "strRadioButton2": " ",
    "strPriorOrAfter3": " ",
    "strReconciliationOrderName3": 
        "acetaminophen ",
        
    "strReconciliationOrderStatus3": " ",
    "strRadioButton3": " ",
    "strPriorOrAfter4": " ",
    "strReconciliationOrderName4": 
        "lisinopril 10 mg oral tablet",
       
    "strReconciliationOrderStatus4": " ",
    "strRadioButton4": " ",
    "StrReconciliationType_Transfer": "Transfer",
    "StrReconciliationType_Discharge": "Outpatient",
    "strRightClickAction_CnvtIPtoPrescription": " ",
    "StrStatus_Admission": " ",
    "StrTooltipText": " ",
    "StrStatus_Discharge": " ",
    "StrTooltipText_Discharge": " ",
    "strRightClickAction_Modify": " ",
    "Struse_VoidReconciliation": "",
    "StrVoid_option": "",
    "Struse_SuspendResumeReconciliation": " ",
    "StrorderSinglephase": "ANES Epidural Analgesia (",
    "StrOrderA_Singlephase": "Assign to Observation",
    "StrOrderB_Singlephase": "Vital Signs",
    "StrOrderC_Singlephase": 
        "NPO",
        
    "StrOrderD_Singlephase": 
        "ibuprofen",
        
    "StrorderE_Singlephase": "acetaminophen",
    "StrorderMultiphase": "ORTHO Hemi Arthro Hi Fracture MP",
    "Strphase1_Multiphase": "ORTHO Hemi Arthro Hip Fracture Preop",
    "IntnumOccuranceCount": " ",
    "StrOrderA_Multiphase1": "tranexamic acid",
    "StrOrderA_Multiphase2": "Weight",
    "StrOrderA_Multiphase3": "",
    "StrOrderB_Multiphase1": "Bedrest",
    "StrOrderB_Multiphase2": "Vital Signs",
    "StrOrderB_Multiphase3": "",
    "StrOrderC_Multiphase1": "NPO",
    "StrOrderC_Multiphase2": "Sitter",
    "StrOrderC_Multiphase3": "",
    "StrOrderD_Multiphase1": "NS Bolus",
    "StrOrderD_Multiphase2": "",
    "StrOrderD_Multiphase3": "",
    "StrOrderE_Multiphase1": "Lactated Ringers IV Solution 1000 mL",
    "StrOrderE_Multiphase2": "Wound Care Routine",
    "StrOrderE_Multiphase3": "",
    "Strphase2_Multiphase": "",
    "Strphase3_Multiphase": "",
    "Struse_DiscontinuePlans": "True",
    "strReason_Discontinue": " ",
    "strReasonDiscontinue_IPOC": " ",
    "StrDiscontinueOrder": " ",
    "StrorderIPOC": "Activity Intolerance IPOC",
    "Stroutcome1_IPOC": "Verbalization of feeling less fatigued and weak",
    "Stroutcome2_IPOC": "Ability to perform activities of daily living without worsening symptoms",
    "Strintervention_IPOC": "Maintain activity restrictions as ordered",
    "StrDiscontinueOrder_IPOC": " ",
    "StrOrderSentence": " ",
    "StrComponentStatus": " ",
    "StrorderCopyForward": "ONC ABVD",
    "StrorderEvidenceLink": "ONC Azacitidine Q28 Days",
    "StrorderRxPlan": "ED Allergic Reaction (Initiated)",
    "StrOrder_Prescription1RxPlan": " ",
    "StrOrder_Prescription2RxPlan": " ",
    "StrOrderFuturePlan": "ONC Belantamab Mafodotin Q21",
    "StrorderSequencePlan": "",
    "StrorderDiagnosisPlan": 
        "Ammonia Level",
        
    "StrDiagnosis_Plan": "ONC Belantamab Mafodotin Q21 D",
    "StrorderLabCollect1": "CBC",
    "StrorderLabCollect2": "Type and Screen",
    "StrorderLabCollect3": "Culture Blood",
    "Struse_EnhancedSchedule": "True",
    "StrorderRouteforReview": "",
    "StrProposePlan": " "
}