{
    "TestedBy": "HK1925696",
    "ClientMnemonic": "CAMC_WV",
    "TTPurpose": "UCMS_CAMC_WV M0570_Test",
    "Domain": "M0570",
    "SolutionName": "Orders Management",
    "StrClientName": "CAMC_WV C0570",
    "ClientName":"CAMC_WV",
    "StrUsername_DBA": "RS091347",
    "StrPassword_DBA": 
        "cerner",
    "StrUsername_RN": "SN100932",
    "StrPassword_RN": "cerner*1",
    "StrUsername_MED": "RS091347",
    "StrPassword_MED": "cerner",
    "StrAllergy_Mode": "Flat",
    "StrAllergyName": "aspirin",
    "StrReactionName": "Rash",
    "StrAllergy_Action": "Modify",
    "StrAllergy_Modify": "True",
    "StrAllergyRemove_MCDS": "True",
    "StrAllergyActions_MCDS": "True",
    "StrDuplicate_MCDS": "False",
    "strOrderType": "Inpatient",
    "StrOrder_Allergy1": "ketorolac",
    "strOrderSentence": "mg",
    "StrPhysicianUserName": 
        "SN100932",
    "StrOrderOrProposal": "False",
    "StrCommunicationType": "Written",
    "strOverrideReason": "Prescriber",
    "strInteractions": "Apply to All",
    "StrOrder_Allergy2": "ibuprofen",
    "StrInteractionCategory": "False",
    "StrDuplicate_OrderName": "Glucose 1 Hour PC",
    "strAllergyStatus": "Discontin",
    "strAllergyStatus1": "Ordered",
    "IntAllergyInstance": "1",
    "strOrderType_Ambulatory": "Ambulatory - In Office (Meds in Office)",

    "StrOrder_Outpatient1": "clindamycin",
    "StrOrder_Outpatient2": "amoxicillin",
    "StrOrder_Outpatient3": "ibuprofen",
    "StrDiagnosis1": "Fever",
    "StrDiagnosis2":
        "Cough",
        
    
    "StrDiagnosis3": "Cancer",
    "StrProblem1": "Pain",
    "StrProblem2": "Broken Nose",
    "strRightClickActionModify": "Modify",
    "strRightClickActionCancel_Reorder": "Reorder",
    "strRightClickActionCancel_DC": "Discontinue",
    "strOrderType_Prescriptions":
       
        "Meds as Rx",
   
    "StrOrder_Prescription_Outpatient4": "aspirin 81 mg oral capsule",
    "strRightClickActionConverAMB": "Convert",
    "Struse_synonyms": "True",
    "Struse_OrderSentence": "True",
    "Struse_ReschduleTask": "False",
    "Struse_CancelReorderDC": "True",
    "Struse_favorites": "True",
    "Struse_Careset": "True",
    "StrorderCareset": "Adult Admission Rule",
    "StrCaresetOrderName": "Admission History",
    "StrOrderSupergroup_Careset": "False",
    "StrOrderNested_Careset": "False",
    "StrOrdeMultipleRx": "False",
    "StrOrderDiluentAddtive": "D5W",
       

    "StrOrderDoseCalc": "LORazepam",
    "StrOrderSlidingscale": "False",
    "StrOrderDocumentMed1": "acetaminophen 80 mg oral tablet, chewable",
    "StrOrderDocumentMed2": "gabapentin 100 mg oral capsule",
    "StrOrderDocumentMed3": "aspirin 325 mg oral tablet",
    "StrOrderDocumentMed4": "lithium 150 mg oral capsule",
    "StrOrderDocumentMed5": "lisinopril 2.5 mg oral tablet",
    "StrStatus": "Documented",
    "StrRightClickActionModify": "Modify",
    "StrnumorderInstanc": "1",
    "Struse_DocumentMeds": "True",
    "StrOrderFavorites": "aspirin",
    "StrOrderSynonym1": "allopurinol",
    "StrOrderSynonym2": "Zyloprim",
    "StrMedicationOrder": "aspirin",
    "StrOrderInstance": "1",
    "StrOrderIntervalFrequency": "aspirin",
    "Strfrequency_intervalfrequency": "q6hr",
    "Struse_PrintOrderSheet": "True",
    "Struse_ProblemDiagnosis": "True",
    "StrOrderDiagnosis": "aspirin",
    "StrOrderProblem": "Medrol",
    "StrorderDuplicate": "Glucose 1 Hour PC",
    "StrOrderTaper": "predniSONE",
    "IntOrderInstance": "1",
    "StrOrderFuture": "CBC w/ Diff",
    "StrOrderUnscheduled": "influenza vaccine",
    "StrOrderUnscheduledValue": "Vaccine",
    "StrOrderOneTimeFreq": "aspirin",
    "StrOrderOneTimeFreqValue": "Once",
    "StrOrderDuration": "Medrol",
    "StrOrderDetailsFieldName": "Duration",
    "StrOrderHardstop": "Toradol",
    "StrDateTime_FieldName": "first Date",
    "StrAdministration": "True",
    "StrDateEntry": "T",
    "StrTimeEntry": "N",
    "StrSkipAdmin": "True",
    "StrOrderSoftstop": "False",
    "StrFIN": "False",
    "StrOrderEnchancedReOrder": "aspirin",
    "StrOrderEnhancedValue": "BID",
    "StrDateTime_FieldName1": "Stop Date",
    "Struse_supendResume": "False",
    "Struse_OrderCopy": "True",
    "Struse_OrderVoid": "True",
    "Struse_OrderNurseReview": "True",
    "Struse_OrderComplete": "True",
    "StrRightclickAction_Void": "Void",
    "StrOrderNonMed": "CT Chest w/o Contrast",
    "StrAddtiveName": "Benicar",
    "strValidateModifyStatus": "Ordered",
    "StrValidate_MultipleRx": "Ordered",
    "StrValidate_Suspend": "Suspended",
    "StrValidate_Resume": "Resume",
    "StrPhysician_Username": 
        "SN100932",

    "StrPhysician_Password": "cerner",
    "StrOrder_Prescription1": 
        "Medrol 2 mg oral tablet",
       
    "StrOrder_Prescription2": "ketorolac 10 mg oral tablet",
    "StrOrder_Prescription3": "Zithromax 250 mg oral tablet",
    "StrOrder_Prescription4": "aspirin 81 mg oral capsule",
    "StrorderMisc": "Magic Mouthwash-Lidocaine",
    "StrOrder_DocumentMedHx_Presc": "Aspirin",
    "StrOrder_Inpatient": "acetaminophen",
    "StrOrder_Prescription5": 
        
        "Medrol 4 mg oral tablet",
    
    "Struse_ProposeRenewals": "False",
    "Struse_ConvertInpatient": "True",
    "Struse_ConvertRx": "True",
    "Struse_CompleteRx": "True",
    "Struse_VoidRx": "True",
    "Struse_supendResumeRx": "True",
    "Struse_CancelReorderRx": "True",
    "Struse_DiscontinueRx": "True",
    "Struse_MiscPrescription": "True",
    "Struse_copyPrescription": "True",
    "Struse_Referencetext": "True",
    "Struse_RenewPrescription": "True",
    "Struse_ModifyPrescription": "True",
    "StrOrderComment": "Testing Comments",
    "strOrdersentence_Prescriptions": "True",
    "Struse_MARSummary": "True",
    "Struse_Ivsite": "True",
    "StrOrderStatus": "False",
    "StrorderPRN": "hyoscyamine",
    "Struse_CancelCharting": "False",
    "Struse_RescheduleDose": "True",
    "StrorderScheduledMed": "aspirin",
    "StrOrderMedInfo": "Daily",
    "StrOrderMedDose": "False",
    "StrOrderIVDose": "Pending",
    "StrorderIV": "D5W drip",
    "StrOrderIVInfo": "False",
    "Struse_AdditionalDose": "True",
    "Struse_ResponseTask": "True",
    "Struse_MARcomments": "False",
    "StrorderUnscheduled": "influenza vaccine",
    "StrOrderPRNInfo": "False",
    "StrOrderPRNDose": "False",
    "StrOrderUnscheduledInfo": "False",
    "StrOrderUnscheduledDose": "False",
    "Struse_Unchart": "True",
    "Struse_ChartNotDone": "True",
    "Struse_RescheduleAdminTimes": "False",
    "Struse_AdminNote": "True",
    "Struse_InfuseVolume": "True",
    "Struse_TherapeuticClassView": "True",
    "Struse_PlanView": "True",
    "StrOrderInfo": "False",
    "StrOrderDose": "False",
    "StrorderImmunization": "False",
    "StrorderImmunizationMedInfo": "False",
    "StrorderImmunizationMedDose": "False",
    "StrorderNurseWitness": "Proleukin",
    "StrorderNurseMedInfo": "False",
    "StrorderNurseMedDose": "False",
    "StrorderAutoVerify": "Tylenol",
    "strValidate_AutoVerify": "False",
    "StrorderIntermittentMed": "dexlansoprazole",
    "StrOrderInterMedInfo": "False",
    "StrOrderInterMedDose": "False",
    "StrorderIntermittentIV": "PEDIATRIC Brethine PICU 10 mg/D5W 100 mL IV Drip",
    "StrOrderInterIVInfo": "False",
    "StrOrderInterIVDose": "False",
    "StrorderDTA": "acetaminophen",
    "StrOrderDTAIVInfo": "False",
    "StrOrderDTADose": "False",
    "StrOrder_IVMAW": "D5W",
    "StrOrderMAW1": "acetaminophen",
    "StrOrderMAW2": "hyoscyamine",
    "StrOrderMultiIngredient": "Sodium Chloride 0.45% with KCI 20 mEq/L intravenous solution",
    "StrOrderMultiIngedientScan": "Sodium Chloride",
    "StrMedicationKeyword": "Epidural",
    "StrTimeViewValue": "Cont",
    "StrReconciliationType_Admission": "Admission",
    "strPriorOrAfter1": "Prior",
    "strReconciliationOrderName1": 
        "acetaminophen",
    "strReconciliationOrderStatus1": "Ordered",
    "strRadioButton1": "Continue",
    "strPriorOrAfter2": "Prior",
    "strReconciliationOrderName2": "aspirin",
    "strReconciliationOrderStatus2": "Ordered",
    "strRadioButton2": "Continue",
    "strPriorOrAfter3": "Prior",
    "strReconciliationOrderName3": 
        "Medrol 2 mg oral tablet",
        
    "strReconciliationOrderStatus3": "False",
    "strRadioButton3": "DNC",
    "strPriorOrAfter4": "After",
    "strReconciliationOrderName4": "ketorolac 10 mg oral tablet",
    "strReconciliationOrderStatus4": "False",
    "strRadioButton4": "Continue",
    "StrReconciliationType_Transfer": "Transfer",
    "StrReconciliationType_Discharge": "Discharge",
    "strRightClickAction_CnvtIPtoPrescription": "Convert",
    "StrStatus_Admission": "Admission",
    "StrTooltipText": "Complete",
    "StrStatus_Discharge": "Discharge",
    "StrTooltipText_Discharge": "Complete",
    "strRightClickAction_Modify": "Modify",
    "Struse_VoidReconciliation": "False",
    "StrVoid_option": "False",
    "Struse_SuspendResumeReconciliation": "True",
    "StrorderSinglephase": "ORTHO Trauma Admission",
    "StrOrderA_Singlephase": "Cardiac Monitoring",
    "StrOrderB_Singlephase": "Vital Signs",
    "StrOrderC_Singlephase": "Weight",
       
    
    "StrOrderD_Singlephase": "Wound Care",
    "StrorderE_Singlephase": "ibuprofen",
    "StrorderMultiphase": "SURG ERAS Colon Inpatient Phased",
    "Strphase1_Multiphase": "Inpatient Day Prior to Surgery",
    "IntnumOccuranceCount": "1",
    "StrOrderA_Multiphase1": "bisacodyl",
    "StrOrderA_Multiphase2": "Peripheral IV",
    "StrOrderA_Multiphase3": "N/A",
    "StrOrderB_Multiphase1": "metroNIDAZOLE",
    "StrOrderB_Multiphase2": "Supplement",
    "StrOrderB_Multiphase3": "N/A",
    "StrOrderC_Multiphase1": "CBC without Diff",
    "StrOrderC_Multiphase2": "Entereg",
    "StrOrderC_Multiphase3": "N/A",
    "StrOrderD_Multiphase1": "PTT",
    "StrOrderD_Multiphase2": "Blood Glucose Monitoring POC",
    "StrOrderD_Multiphase3": "N/A",
    "StrOrderE_Multiphase1": "Basic Metabolic Panel",
    "StrOrderE_Multiphase2": "NovoLOG correction factor scale",
    "StrOrderE_Multiphase3": "N/A",
    "Strphase2_Multiphase": "Inpatient Day of Surgery",
    "Strphase3_Multiphase": "N/A",
    "Struse_DiscontinuePlans": "True",
    "strReason_Discontinue": "a",
    "strReasonDiscontinue_IPOC": "a",
    "StrDiscontinueOrder": "Weight",
    "StrorderIPOC": "Alteration in Nutrition IPOC",
    "Stroutcome1_IPOC": "Patient Stated/Specific",
    "Stroutcome2_IPOC": "Achieves assessed weight goal",
    "Strintervention_IPOC": "Achieves adequate nutrition to meet physiologic needs",
    "StrDiscontinueOrder_IPOC": "Achieves",
    "StrOrderSentence": "mg",
    "StrComponentStatus": "11/27/2024",
    "StrorderCopyForward": "False",
    "StrorderEvidenceLink": "Moderate Sedation Phased",
    "StrorderRxPlan": "Trauma ICU Admission",
    "StrOrder_Prescription1RxPlan": "Medrol",
    "StrOrder_Prescription2RxPlan": "aspirin",
    "StrOrderFuturePlan": "INF Outpatient Blood Administration",
    "StrorderSequencePlan": "MEDONC mFOLFOX6 (Colon Neo, Adj, Adv,Met)",
    "StrorderDiagnosisPlan": "INF Outpatient Blood Administration",
    "StrDiagnosis_Plan": "Fever",
    "StrorderLabCollect1": "Culture, Throat",
    "StrorderLabCollect2": "Glucose Level, Random",
    "StrorderLabCollect3": "Hemagram",
    "Struse_EnhancedSchedule": "True",
    "StrorderRouteforReview": "False",
    "StrProposePlan": "False",
    "StrOrderComplete":"Glucose 1 Hour PC",
    "StrOrderMedStudent":"aspirin"
}