{
    "StrClientName": "CGF_NY",
    "StrUsername_DBA": 
        "RS091347A",
        
    "StrPassword_DBA": 
        "cerner*1",
        
    "StrUsername_RN": 
        "RS091347D",
        
    "StrPassword_RN": 
        "cerner",
        
    "StrUsername_MED": "RS091347A",
    "StrPassword_MED": "cerner*1",
    "StrAllergy_Mode": "Flat",
    "StrAllergyName": "aspirin",
    "StrReactionName": "Rash",
    "StrAllergy_Action": "Modify",
    "StrAllergy_Modify": "True",
    "StrAllergyRemove_MCDS": "True",
    "StrAllergyActions_MCDS": "True",
    "StrDuplicate_MCDS": "False",
    "strOrderType": "All Orders",
    "StrOrder_Allergy1": "ketorolac",
    "strOrderSentence": "mg",
    "StrPhysicianUserName": "SN100932",
    "StrOrderOrProposal": "Order",
    "StrCommunicationType": "Verbal",
    "strOverrideReason": "Treatment",
    "strInteractions": "Apply to All",
    "StrOrder_Allergy2": "ibuprofen",
    "StrInteractionCategory": "False",
    "StrDuplicate_OrderName": "Amylase Level",
    "strAllergyStatus": "Apply to All",
    "strAllergyStatus1": "False",
    "IntAllergyInstance": "1",
    "strOrderType_Ambulatory": "Ambulatory",
    "StrOrder_Outpatient1": "diphenhydrAMINE",
    "StrOrder_Outpatient2": "Amoxicillin",
    "StrOrder_Outpatient3": "Acetaminophen",
    "StrDiagnosis1": 
        "Erysipelas",
        
    "StrDiagnosis2": "Palsy of conjugate gaze",
    "StrDiagnosis3": "Problems with sight",
    "StrProblem1": "Pain",
    "StrProblem2": "Broken Nose",
    "strRightClickActionModify": "Modify",
    "strRightClickActionCancel_Reorder": "Reorder",
    "strRightClickActionCancel_DC": "Cancel/DC",
    "strOrderType_Prescriptions": "Ambulatory Meds as Rx",
    "StrOrder_Prescription_Outpatient4": "clindamycin 150 mg oral capsule",
    "strRightClickActionConverAMB": "Convert",
    "Struse_synonyms": "True",
    "Struse_OrderSentence": "True",
    "Struse_ReschduleTask": "True",
    "Struse_CancelReorderDC": "True",
    "Struse_favorites": "True",
    "Struse_Careset": "True",
    "StrorderCareset": "Cardio Thoracic Pre-Op Orders",
    "StrCaresetOrderName": "CBC",
    "StrOrderSupergroup_Careset": "False",
    "StrOrderNested_Careset": "False",
    "StrOrdeMultipleRx": "Dextrose 50% injection",
    "StrOrderDiluentAddtive": "D5W",
    "StrOrderDoseCalc": "HYDROmorphone",
    "StrOrderSlidingscale": "humulin R 100 units",
    "StrOrderDocumentMed1": "acetaminophen  80 mg oral tablet",
    "StrOrderDocumentMed2": "gabapentin 100 mg oral capsule",
    "StrOrderDocumentMed3": "aspirin 325 mg oral tablet",
    "StrOrderDocumentMed4": "lithium 150 mg oral capsule",
    "StrOrderDocumentMed5": "clindamycin 150 mg oral capsule",
    "StrStatus": "Documented",
    "StrRightClickActionModify": "Modify",
    "StrnumorderInstanc": "1",
    "Struse_DocumentMeds": "True",
    "StrOrderFavorites": "Cardiac Markers Profile Monitoring POC",
    "StrOrderSynonym1": "ibuprofen",
    "StrOrderSynonym2": "Advil",
    "StrMedicationOrder": "Vital Signs",
    "StrOrderInstance": "1",
    "StrOrderIntervalFrequency": "Wound Care",
    "Strfrequency_intervalfrequency": "q8h",
    "Struse_PrintOrderSheet": "True",
    "Struse_ProblemDiagnosis": "True",
    "StrOrderDiagnosis": "aspirin",
    "StrOrderProblem": "acetaminophen",
    "StrorderDuplicate": "Amylase Level",
    "StrOrderTaper": "predniSONE",
    "IntOrderInstance": "1",
    "StrOrderFuture": "AMB Phototherapy",
    "StrOrderUnscheduled": 
        "ibuprofen",
        
    "StrOrderUnscheduledValue": "before discharge",
    "StrOrderOneTimeFreq": "Neuro Checks",
    "StrOrderOneTimeFreqValue": "Once",
    "StrOrderDuration": "Urine Culture",
    "StrOrderDetailsFieldName": "Duration",
    "StrOrderHardstop": "False",
    "StrDateTime_FieldName": "Start Date",
    "StrAdministration": "TRUE",
    "StrDateEntry": "T",
    "StrTimeEntry": "N",
    "StrSkipAdmin": "False",
    "StrOrderSoftstop": "False",
    "StrFIN": "False",
    "StrOrderEnchancedReOrder": "aspirin",
    "StrOrderEnhancedValue": "BID",
    "StrDateTime_FieldName1": "Stop Date",
    "Struse_supendResume": "True",
    "Struse_OrderCopy": "True",
    "Struse_OrderVoid": "True",
    "Struse_OrderNurseReview": "False",
    "Struse_OrderComplete": "False",
    "StrRightclickAction_Void": "Void",
    "StrOrderNonMed": "Abdomen AP w,",
    "StrAddtiveName": "Dextrose 50% injection",
    "strValidateModifyStatus": "Ordered",
    "StrValidate_MultipleRx": "Ordered",
    "StrValidate_Suspend": "Suspended",
    "StrValidate_Resume": "Order",
    "StrPhysician_Username": "SN100932B",
    "StrPhysician_Password": 
        "cerner"
    ,
    "StrOrder_Prescription1": "acetaminophen 120 mg rectal suppository",
    "StrOrder_Prescription2": "aspirin 325 mg oral tablet",
    "StrOrder_Prescription3": "dexamethasone 2 mg oral tablet",
    "StrOrder_Prescription4": "Medrol 2 mg oral tablet",
    "StrorderMisc": "False",
    "StrOrder_DocumentMedHx_Presc": "clindamycin",
    "StrOrder_Inpatient": "ibuprofen",
    "StrOrder_Prescription5": "albuterol 4 mg oral tablet",
    "Struse_ProposeRenewals": "False",
    "Struse_ConvertInpatient": "True",
    "Struse_ConvertRx": "True",
    "Struse_CompleteRx": "False",
    "Struse_VoidRx": "True",
    "Struse_supendResumeRx": "True",
    "Struse_CancelReorderRx": "False",
    "Struse_DiscontinueRx": "False",
    "Struse_MiscPrescription": "False",
    "Struse_copyPrescription": "True",
    "Struse_Referencetext": "True",
    "Struse_RenewPrescription": "True",
    "Struse_ModifyPrescription": "True",
    "StrOrderComment": "Testing Comments",
    "strOrdersentence_Prescriptions": "True",
    "Struse_MARSummary": "True",
    "Struse_Ivsite": "True",
    "StrOrderStatus": "False",
    "StrorderPRN": "oxyCODONE",
    "Struse_CancelCharting": "True",
    "Struse_RescheduleDose": "False",
    "StrorderScheduledMed": "acetaminophen",
    "StrOrderMedInfo": "False",
    "StrOrderMedDose": "False",
    "StrOrderIVDose": "Pending",
    "StrorderIV": 
        "Dextrose 10% in Water"
    ,
    "StrOrderIVInfo": "False",
    "Struse_AdditionalDose": "True",
    "Struse_ResponseTask": "False",
    "Struse_MARcomments": "True",
    "StrorderUnscheduled":
        "ibuprofen",
        
    "StrOrderPRNInfo": "False",
    "StrOrderPRNDose": "False",
    "StrOrderUnscheduledInfo": "False",
    "StrOrderUnscheduledDose": "False",
    "Struse_Unchart": "True",
    "Struse_ChartNotDone": "True",
    "Struse_RescheduleAdminTimes": "True",
    "Struse_AdminNote": "True",
    "Struse_InfuseVolume": "True",
    "Struse_TherapeuticClassView": "True",
    "Struse_PlanView": "True",
    "StrOrderInfo": "False",
    "StrOrderDose": "False",
    "StrorderImmunization": "measles/mumps/rubella virus vaccine",
    "StrorderImmunizationMedInfo": "False",
    "StrorderImmunizationMedDose": "False",
    "StrorderNurseWitness": "False",
    "StrorderNurseMedInfo": "False",
    "StrorderNurseMedDose": "False",
    "StrorderAutoVerify": "False",
    "strValidate_AutoVerify": "False",
    "StrorderIntermittentMed": "False",
    "StrOrderInterMedInfo": "False",
    "StrOrderInterMedDose": "False",
    "StrorderIntermittentIV": "False",
    "StrOrderInterIVInfo": "False",
    "StrOrderInterIVDose": "False",
    "StrorderDTA": "False",
    "StrOrderDTAIVInfo": "False",
    "StrOrderDTADose": "False",
    "StrOrder_IVMAW": "False",
    "StrOrderMAW1": "acetaminophen",
    "StrOrderMAW2": "oxyCODONE",
    "StrOrderMultiIngredient": "DOPamine 1600 mcg/mL in D5W infusion",
    "StrOrderMultiIngedientScan": "a",
    "StrMedicationKeyword": "Routine",
    "StrTimeViewValue": "Cont",
    "StrReconciliationType_Admission": "Admission",
    "strPriorOrAfter1": "Prior",
    "strReconciliationOrderName1": 
        "ibalizumab"
,
    "strReconciliationOrderStatus1": "False",
    "strRadioButton1": "Continue",
    "strPriorOrAfter2": "Prior",
    "strReconciliationOrderName2": "ibuprofen",
    "strReconciliationOrderStatus2": "False",
    "strRadioButton2": "Continue",
    "strPriorOrAfter3": "Prior",
    "strReconciliationOrderName3": "acetaminophen 120 mg rectal suppository",
    "strReconciliationOrderStatus3": "False",
    "strRadioButton3": "DNC",
    "strPriorOrAfter4": "After",
    "strReconciliationOrderName4": "Lotrel 10 mg-40 mg oral capsule",
    "strReconciliationOrderStatus4": "False",
    "strRadioButton4": "Continue",
    "StrReconciliationType_Transfer": "Transfer",
    "StrReconciliationType_Discharge": "Discharge",
    "strRightClickAction_CnvtIPtoPrescription": "Convert",
    "StrStatus_Admission": "Admission",
    "StrTooltipText": "Complete",
    "StrStatus_Discharge": "Discharge",
    "StrTooltipText_Discharge": "Complete",
    "strRightClickAction_Modify": "Modify",
    "Struse_VoidReconciliation": "True",
    "StrVoid_option": "False",
    "Struse_SuspendResumeReconciliation": "True",



"IntnumOccuranceCount": "1",
"StrorderSinglephase": "ORTHO Adult Post-Op Orders",
    "StrOrderA_Singlephase": "Vital Signs",
    "StrOrderB_Singlephase": "Liquid Diet",
    "StrOrderC_Singlephase": "Knee Flex",
    "StrOrderD_Singlephase": "Weight Bearing",
    "StrorderE_Singlephase": "aspirin",


    "StrorderMultiphase": "AMB OB Antepartum Management",
    "Strphase1_Multiphase": "OB Management Ambulatory - 24-28 wks",
    "StrOrderA_Multiphase1": "AMB Request for Nutritional Services",
    "StrOrderB_Multiphase1": "AMB Request for Social Work NOW",
    "StrOrderC_Multiphase1": "Fetal Fibronectin",
    "StrOrderD_Multiphase1": "CBC",
    "StrOrderE_Multiphase1": "Hematocrit",

    "Strphase2_Multiphase": "OB Management Ambulatory - Up to 24",
    "StrOrderA_Multiphase2": "AMB Request for Nutritional Services NOW",
    "StrOrderB_Multiphase2": "AMB Request for Social Work NOW",
    "StrOrderC_Multiphase2": "Antibody Screen",    
    "StrOrderD_Multiphase2": "CBC",
    "StrOrderE_Multiphase2": "Hematocrit",


    "Strphase3_Multiphase": "OB Management Ambulatory - 37-42 wks",
    "StrOrderA_Multiphase3": "AMB Request for Nutritional Services NOW",   
    "StrOrderB_Multiphase3": "AMB Request for Social Work NOW",
    "StrOrderC_Multiphase3": "AMB Request for Financial Counseling NOW",

   
    "StrOrderD_Multiphase3": "OB Antepartum 37 Weeks - Post Dates",

   
    
    "StrOrderE_Multiphase3": "AMB Request for EEG",
    
   
    "Struse_DiscontinuePlans": "True",
    "strReason_Discontinue": "Another",
    "strReasonDiscontinue_IPOC": "a",
    "StrDiscontinueOrder": "Pulse",
    "StrorderIPOC": "Activity Impairment Rehab",
    "Stroutcome1_IPOC": "Increase Activity Levels - Met",
    "Stroutcome2_IPOC": "Maintain Activity Levels - Met",
    "Strintervention_IPOC": "N/A",
    "StrDiscontinueOrder_IPOC": "False",
    "StrOrderSentence": "mg",
    "StrComponentStatus": "11/25/2024",
    "StrorderCopyForward": "False",
    "StrorderEvidenceLink": "False",
    "StrorderRxPlan": "ANES OB Duramorph Orders",
    "StrOrder_Prescription1RxPlan": "acetaminophen",
    "StrOrder_Prescription2RxPlan": "ketorolac",
    "StrOrderFuturePlan": "False",
    "StrorderSequencePlan": "False",
    "StrorderDiagnosisPlan": 
        "Medrol",
        
    "StrDiagnosis_Plan": "HEM ONC PED Sickle Cell Acute Chest Syndrome Orders",
    "StrorderLabCollect1": "False",
    "StrorderLabCollect2": "False",
    "StrorderLabCollect3": "False",
    "Struse_EnhancedSchedule": "True",
    "StrorderRouteforReview": "False",
    "StrProposePlan": "False",
    "StrOrderMedStudent":"False",
    "StrOrderComplete":"VTE Quality Measures"
}