{
    "StrClientName": "CHLD_MO",
    "StrUsername_DBA": "SN100932A",
    "StrPassword_DBA": "cerner",
    "StrUsername_RN": 
        "RS091347D"
    ,
    "StrPassword_RN": 
        "cerner*1",
       
    "StrUsername_MED": "RS091347C",
    "StrPassword_MED": "cerner*1",
    "StrAllergy_Mode": "Flat",
    "StrAllergyName": "penicillin",
    "StrReactionName": "Rash",
    "StrAllergy_Action": "Modify",
    "StrAllergy_Modify": "False",
    "StrAllergyRemove_MCDS": "True",
    "StrAllergyActions_MCDS": "True",
    "StrDuplicate_MCDS": "False",
    "strOrderType": "inpatient",
    "StrOrder_Allergy1": "ketorolac",
    "strOrderSentence": "esmolol",
    "StrPhysicianUserName": "SN100932B",
    "StrOrderOrProposal": "Order",
    "StrCommunicationType": "Verbal",
    "strOverrideReason": "Acknowledge",
    "strInteractions": "Apply to All",
    "StrOrder_Allergy2": "Aspirin",
    "StrInteractionCategory": "False",
    "StrDuplicate_OrderName": "Cardiac Diet",
    "strAllergyStatus": "Apply to All",
    "strAllergyStatus1": "False",
    "IntAllergyInstance": "1",
    "strOrderType_Ambulatory": "Meds in Office",
    "StrOrder_Outpatient1": "Aspirin",
    "StrOrder_Outpatient2": "Amoxicillin",
    "StrOrder_Outpatient3": "Acetaminophen",
    "StrDiagnosis1": "Diabetes",
    "StrDiagnosis2": "Hypertension",
    "StrDiagnosis3": "False",
    "StrProblem1": "Pain",
    "StrProblem2": "Broken Nose",
    "strRightClickActionModify": "False",
    "strRightClickActionCancel_Reorder": "Reorder",
    "strRightClickActionCancel_DC": "Cancel/DC",
    "strOrderType_Prescriptions": "Prescriptions",
    "StrOrder_Prescription_Outpatient4": "lisinopril 5 mg oral tablet",
    "strRightClickActionConverAMB": "False",
    "Struse_synonyms": "True",
    "Struse_OrderSentence": "True",
    "Struse_ReschduleTask": "True",
    "Struse_CancelReorderDC": "False",
    "Struse_favorites": "True",
    "Struse_Careset": "False",
    "StrorderCareset": "Adult Admission Rule",
    "StrCaresetOrderName": "Adult Admission Rule",
    "StrOrderSupergroup_Careset": "False",
    "StrOrderNested_Careset": "False",
    "StrOrdeMultipleRx": "mannitol 20% intravenous solution",
    "StrOrderDiluentAddtive": "vancomycin IV additive",
    "StrOrderDoseCalc": "acetaminophen",
    "StrOrderSlidingscale": "False",
    "StrOrderDocumentMed1": "acetaminophen  ",
    "StrOrderDocumentMed2": "gabapentin 100 mg oral capsule",
    "StrOrderDocumentMed3": "aspirin 325 mg oral tablet",
    "StrOrderDocumentMed4": "lithium 150 mg oral capsule",
    "StrOrderDocumentMed5": "lisinopril 2.5 mg oral tablet",
    "StrStatus": "Documented",
    "StrRightClickActionModify": "Modify",
    "StrnumorderInstanc": "1",
    "Struse_DocumentMeds": "True",
    "StrOrderFavorites": "esmolol",
    "StrOrderSynonym1": "pantoprazole",
    "StrOrderSynonym2": "Protonix",
    "StrMedicationOrder": "esmolol",
    "StrOrderInstance": "1",
    "StrOrderIntervalFrequency": "Aspirin",
    "Strfrequency_intervalfrequency": "q6hr",
    "Struse_PrintOrderSheet": "True",
    "Struse_ProblemDiagnosis": "False",
    "StrOrderDiagnosis": "CBC w/ Auto Diff",
    "StrOrderProblem": "CBC w/ Auto Diff",
    "StrorderDuplicate": "Cardiac Diet",
    "StrOrderTaper": "Prednisone",
    "IntOrderInstance": "1",
    "StrOrderFuture": "COVID-19 IgG",
    "StrOrderUnscheduled": "Vaccine",
    "StrOrderUnscheduledValue": "MMR",
    "StrOrderOneTimeFreq": "Aspirin",
    "StrOrderOneTimeFreqValue": "once",
    "StrOrderDuration": "Drug Screen Urine",
    "StrOrderDetailsFieldName": "Duration",
    "StrOrderHardstop": "Coreg",
    "StrDateTime_FieldName": "Start Date",
    "StrAdministration": "TRUE",
    "StrDateEntry": "T",
    "StrTimeEntry": "N",
    "StrSkipAdmin": "False",
    "StrOrderSoftstop": "pantoprazole",
    "StrFIN": "False",
    "StrOrderEnchancedReOrder": "aspirin",
    "StrOrderEnhancedValue": "BID",
    "StrDateTime_FieldName1": "Stop Date",
    "Struse_supendResume": "True",
    "Struse_OrderCopy": "True",
    "Struse_OrderVoid": "True",
    "Struse_OrderNurseReview": "True",
    "Struse_OrderComplete": "False",
    "StrRightclickAction_Void": "False",
    "StrOrderNonMed": "CT Abdomen and Pelvis w/o Contrast",
    "StrAddtiveName": "PEDS HumuLIN R drip 100 units in 0.9% Sodium Chloride 100 mL",
    "strValidateModifyStatus": "Ordered",
    "StrValidate_MultipleRx": "Ordered",
    "StrValidate_Suspend": "False",
    "StrValidate_Resume": "False",
    "StrPhysician_Password": "cerner*1",
    "StrOrder_Prescription1": "albumin human 25% intravenous solution",
    "StrOrder_Prescription2": "Medrol 2 mg oral tablet",
    "StrOrder_Prescription3": "ibuprofen 100 mg oral tablet, chewable",
    "StrOrder_Prescription4": "lisinopril 5 mg oral tablet",
    "StrorderMisc": "False",
    "StrOrder_DocumentMedHx_Presc": "Aspirin",
    "StrOrder_Inpatient": "Medrol",
    "StrOrder_Prescription5": "captopril 25 mg oral tablet",
    "Struse_ProposeRenewals": "False",
    "Struse_ConvertInpatient": "True",
    "Struse_ConvertRx": "True",
    "Struse_CompleteRx": "True",
    "Struse_VoidRx": "True",
    "Struse_supendResumeRx": "True",
    "Struse_CancelReorderRx": "True",
    "Struse_DiscontinueRx": "True",
    "Struse_MiscPrescription": "False",
    "Struse_copyPrescription": "True",
    "Struse_Referencetext": "True",
    "Struse_RenewPrescription": "True",
    "Struse_ModifyPrescription": "True",
    "StrOrderComment": "Testing Comments",
    "strOrdersentence_Prescriptions": "True",
    "Struse_MARSummary": "True",
    "Struse_Ivsite": "True",
    "StrOrderStatus": "False",
    "StrorderPRN": "cetirizine",
    "Struse_CancelCharting": "True",
    "Struse_RescheduleDose": "False",
    "StrorderScheduledMed": "gentamicin",
    "StrOrderMedInfo": "False",
    "StrOrderMedDose": "False",
    "StrOrderIVDose": "Pending",
    "StrorderIV": "Dextrose 5% with 0.45% NaCl",
    "StrOrderIVInfo": "False",
    "Struse_AdditionalDose": "False",
    "Struse_ResponseTask": "False",
    "Struse_MARcomments": "True",
    "StrorderUnscheduled": "Vaccine",
    "StrOrderPRNInfo": "False",
    "StrOrderPRNDose": "False",
    "StrOrderUnscheduledInfo": "False",
    "StrOrderUnscheduledDose": "False",
    "Struse_Unchart": "True",
    "Struse_ChartNotDone": "True",
    "Struse_RescheduleAdminTimes": "False",
    "Struse_AdminNote": "True",
    "Struse_InfuseVolume": "True",
    "Struse_TherapeuticClassView": "True",
    "Struse_PlanView": "True",
    "StrOrderInfo": "False",
    "StrOrderDose": "False",
    "StrorderImmunization": "acetaminophen",
    "StrorderImmunizationMedInfo": "False",
    "StrorderImmunizationMedDose": "False",
    "StrorderNurseWitness": "succinylcholine",
    "StrorderNurseMedInfo": "False",
    "StrorderNurseMedDose": "False",
    "StrorderAutoVerify": "acetaminophen",
    "strValidate_AutoVerify": "False",
    "StrorderIntermittentMed": "heparin flush 10",
    "StrOrderInterMedInfo": "False",
    "StrOrderInterMedDose": "False",
    "StrorderIntermittentIV": "False",
    "StrOrderInterIVInfo": "False",
    "StrOrderInterIVDose": "False",
    "StrorderDTA": "acetaminophen",
    "StrOrderDTAIVInfo": "False",
    "StrOrderDTADose": "False",
    "StrOrder_IVMAW": "False",
    "StrOrderMAW1": "False",
    "StrOrderMAW2": "False",
    "StrOrderMultiIngredient": "False",
    "StrOrderMultiIngedientScan": "Epidural",
    "StrMedicationKeyword": "Routine",
    "StrTimeViewValue": "Cont",
    "StrReconciliationType_Admission": "Admission",
    "strPriorOrAfter1": "Prior",
    "strReconciliationOrderName1": "acetaminophen",
    "strReconciliationOrderStatus1": "False",
    "strRadioButton1": "Continue",
    "strPriorOrAfter2": "Prior",
    "strReconciliationOrderName2": "Medrol",
    "strReconciliationOrderStatus2": "False",
    "strRadioButton2": "Continue",
    "strPriorOrAfter3": "Prior",
    "strReconciliationOrderName3": "captopril 25 mg oral tablet",
    "strReconciliationOrderStatus3": "False",
    "strRadioButton3": "DNC",
    "strPriorOrAfter4": "After",
    "strReconciliationOrderName4": "Medrol 2 mg oral tablet",
    "strReconciliationOrderStatus4": "False",
    "strRadioButton4": "Continue",
    "StrReconciliationType_Transfer": "Transfer",
    "StrReconciliationType_Discharge": "Discharge to Home",
    "strRightClickAction_CnvtIPtoPrescription": "Convert",
    "StrStatus_Admission": "Admission",
    "StrTooltipText": "Complete",
    "StrStatus_Discharge": "Discharge",
    "StrTooltipText_Discharge": "Complete",
    "strRightClickAction_Modify": "Modify",
    "Struse_VoidReconciliation": "False",
    "StrVoid_option": "False",
    "Struse_SuspendResumeReconciliation": "True",
    "StrorderSinglephase": "EDP Mediastinal mass work",
    "StrOrderA_Singlephase": "ENT",
    "StrOrderB_Singlephase": "Type and Screen",
    "StrOrderC_Singlephase": "Hepatic Function Panel",
    "StrOrderD_Singlephase": "Basic Metabolic Panel",
    "StrorderE_Singlephase": "ondansetron",
    "StrorderMultiphase": "False",
    "Strphase1_Multiphase": "Preop-Anesthesia",
    "IntnumOccuranceCount": "1",
    "StrOrderA_Multiphase1": "PTT",
    "StrOrderA_Multiphase2": "ondansetron",
    "StrOrderA_Multiphase3": "False",
    "StrOrderB_Multiphase1": "Potassium Level",
    "StrOrderB_Multiphase2": "morphine",
    "StrOrderB_Multiphase3": "False",
    "StrOrderC_Multiphase1": "Platelets",
    "StrOrderC_Multiphase2": "fentaNYL",
    "StrOrderC_Multiphase3": "False",
    "StrOrderD_Multiphase1": "Drug Screen Urine",
    "StrOrderD_Multiphase2": "Temperature",
    "StrOrderD_Multiphase3": "False",
    "StrOrderE_Multiphase1": "gabapentin",
    "StrOrderE_Multiphase2": "Intake and Output",
    "StrOrderE_Multiphase3": "False",
    "Strphase2_Multiphase": "PACU-Anesthesia",
    "Strphase3_Multiphase": "False",
    "Struse_DiscontinuePlans": "False",
    "strReason_Discontinue": "a",
    "strReasonDiscontinue_IPOC": "a",
    "StrDiscontinueOrder": "False",
    "StrorderIPOC": "False",
    "Stroutcome1_IPOC": "Anxiety Signs and Symptoms Reduced",
    "Stroutcome2_IPOC": "Patient Specific Goal 1",
    "Strintervention_IPOC": "Patient Specific Goal 2",
    "StrDiscontinueOrder_IPOC": "False",
    "StrOrderSentence": "mg",
    "StrComponentStatus": "11/25/2024",
    "StrorderCopyForward": "CARD EP Cardiac Inpatient",
    "StrorderEvidenceLink": "PEDONCP ANBL1221 Regimen B",
    "StrorderRxPlan": "ONCP Nilotinib",
    "StrOrder_Prescription1RxPlan": "False",
    "StrOrder_Prescription2RxPlan": "False",
    "StrOrderFuturePlan": "ONCP Atezolizumab 1200 mg q3 week",
    "StrorderSequencePlan": "OB Risk for Postpartum Hemorrhage IPOC",
    "StrDiagnosis_Plan": "acetaminophen",
    "StrorderDiagnosisPlanStrDiagnosis_Plan": "AMB Vitamin B-12 1000 mcg Injection - Weekly",
    "StrorderLabCollect1": "False",
    "StrorderLabCollect2": "False",
    "StrorderLabCollect3": "False",
    "Struse_EnhancedSchedule": "True",
    "StrorderRouteforReview": "False",
    "StrProposePlan": "False",
    "TestedBy": "HK1925696",
    "ClientMnemonic": "CHLD_MO",
    "TTPurpose": "UCMS__CHLD_MO_M3385_Testrun",
    "Domain": "M3385",
    "SolutionName": "Orders Management",
    "StrOrderA_SequencePlan": "Pulse",
    "StrorderInfusionBillingInfo": "False",
    "StrorderInfusionBillingDose": "False",
    "StrorderInfusionBilling": "D5W"
}