{
    "StrClientName": "CHLD_DC Cert Domain",
    "StrUsername_DBA": "UCA",
    "StrPassword_DBA": "cerner",
    "StrUsername_RN": "ONCRN1",
    "StrPassword_RN": "cerner",
    "StrUsername_MED": "ONCRN1",
    "StrPassword_MED": "cerner",
    "StrAllergy_Mode": "Flat",
    "StrAllergyName": "aspirin",
    "StrReactionName": "Rash",
    "StrAllergy_Action": "Modify",
    "StrAllergy_Modify": "True",
    "StrAllergyRemove_MCDS": "True",
    "StrAllergyActions_MCDS": "True",
    "StrDuplicate_MCDS": "False",
    "strOrderType": "Inpatient",
    "StrOrder_Allergy1": "ketorolac",
    "strOrderSentence": "mg",
    "StrPhysicianUserName": "HOSP",
    "StrOrderOrProposal": "Order",
    "StrCommunicationType": "Verbal",
    "strOverrideReason": "Patient",
    "strInteractions": "Apply to All",
    "StrOrder_Allergy2": "ibuprofen",
    "StrInteractionCategory": "",
    "StrDuplicate_OrderName": "",
    "strAllergyStatus": "Apply to All",
    "strAllergyStatus1": "Ordered",
    "IntAllergyInstance": "1",
    "strOrderType_Ambulatory": "",
    "StrOrder_Outpatient1": "Aspirin",
    "StrOrder_Outpatient2": "Amoxicillin",
    "StrOrder_Outpatient3": "Acetaminophen",
    "StrDiagnosis1": "Cancer",
    "StrDiagnosis2": "Asthma",
    "StrDiagnosis3": "Cough",
    "StrProblem1": "Pain",
    "StrProblem2": "Broken nose",
    "strRightClickActionModify": "Modify",
    "strRightClickActionCancel_Reorder": "Reorder",
    "strRightClickActionCancel_DC": "Cancel/DC",
    "strOrderType_Prescriptions": "Discharge Meds as Rx",
    "StrOrder_Prescription_Outpatient4": "Medrol 2 mg oral tablet",
    "strRightClickActionConverAMB": "Convert",
    "Struse_synonyms": "True",
    "Struse_OrderSentence": "True",
    "Struse_ReschduleTask": "True",
    "Struse_CancelReorderDC": "True",
    "Struse_favorites": "True",
    "Struse_Careset": "False",
    "StrorderCareset": "",
    "StrCaresetOrderName": "",
    "StrOrderSupergroup_Careset": "False",
    "StrOrderNested_Careset": "False",
    "StrOrdeMultipleRx": "normal saline",
    "StrOrderDiluentAddtive": "D5W",
    "StrOrderDoseCalc": "abacavir",
    "StrOrderSlidingscale": "False",
    "StrOrderDocumentMed1": "acetaminophen 80 mg oral tablet",
    "StrOrderDocumentMed2": "gabapentin 100 mg oral capsule",
    "StrOrderDocumentMed3": "aspirin 325 mg oral tablet",
    "StrOrderDocumentMed4": "lithium 150 mg oral capsule",
    "StrOrderDocumentMed5": "lisinopril 2.5 mg oral tablet",
    "StrStatus": "Documented",
    "StrRightClickActionModify": "Modify",
    "StrnumorderInstanc": "1",
    "Struse_DocumentMeds": "True",
    "StrOrderFavorites": "True",
    "StrOrderSynonym1": "acetaminophen",
    "StrOrderSynonym2": "Tylenol",
    "StrMedicationOrder": "abacavir",
    "StrOrderInstance": "1",
    "StrOrderIntervalFrequency": "",
    "Strfrequency_intervalfrequency": "Daily",
    "Struse_PrintOrderSheet": "True",
    "Struse_ProblemDiagnosis": "True",
    "StrOrderDiagnosis": "abacavir",
    "StrOrderProblem": "acetaminophen",
    "StrorderDuplicate": "CBC",
    "StrOrderTaper": "True",
    "IntOrderInstance": "1",
    "StrOrderFuture": "",
    "StrOrderUnscheduled": "aspirin",
    "StrOrderUnscheduledValue": "On Call",
    "StrOrderOneTimeFreq": "acetaminophen",
    "StrOrderOneTimeFreqValue": "ONCE",
    "StrOrderDuration": "ketorolac",
    "StrstrOrderDetailsFieldName": "Duration",
    "StrOrderHardstop": "",
    "StrDateTime_FieldName": "Start Date",
    "StrAdministration": "TRUE",
    "StrDateEntry": "T",
    "StrTimeEntry": "N",
    "StrSkipAdmin": "",
    "StrOrderSoftstop": "",
    "StrFIN": "",
    "StrOrderEnchancedReOrder": "aspirin",
    "StrOrderEnhancedValue": "BID",
    "StrDateTime_FieldName1": "Stop Date",
    "Struse_supendResume": "True",
    "Struse_OrderCopy": "",
    "Struse_OrderVoid": "",
    "Struse_OrderNurseReview": "",
    "Struse_OrderComplete": "",
    "StrRightclickAction_Void": "",
    "StrOrderNonMed": "",
    "StrAddtiveName": "",
    "strValidateModifyStatus": "Ordered",
    "StrValidate_MultipleRx": "Ordered",
    "StrValidate_Suspend": "",
    "StrValidate_Resume": "",
    "StrPhysician_Username": "",
    "StrPhysician_Password": "",
    "StrOrder_Prescription1": "Zithromax 250 mg oral tablet",
    "StrOrder_Prescription2": "aspirin 325 mg oral capsule",
    "StrOrder_Prescription3": "vancomycin 1 g intravenous injection",
    "StrOrder_Prescription4": "digoxin 125 mcg oral tablet",
    "StrorderMisc": "Misc Supply eRx",
    "StrOrder_DocumentMedHx_Presc": "aspirin 325 mg oral capsule",
    "StrOrder_Inpatient": "",
    "StrOrder_Prescription5": "ibuprofen 200 mg oral tablet",
    "Struse_ProposeRenewals": "No",
    "Struse_ConvertInpatient": "Yes",
    "Struse_ConvertRx": "Yes",
    "Struse_CompleteRx": "Yes",
    "Struse_VoidRx": "Yes",
    "Struse_supendResumeRx": "No",
    "Struse_CancelReorderRx": "Yes",
    "Struse_DiscontinueRx": "Yes",
    "Struse_MiscPrescription": "No",
    "Struse_copyPrescription": "Yes",
    "Struse_Referencetext": "Yes",
    "Struse_RenewPrescription": "Yes",
    "Struse_ModifyPrescription": "Yes",
    "StrOrderComment": "Testing Comments",
    "strOrdersentence_Prescriptions": "Yes",
    "Struse_MARSummary": "",
    "Struse_Ivsite": "",
    "StrOrderStatus": "",
    "StrorderPRN": "",
    "Struse_CancelCharting": "",
    "Struse_RescheduleDose": "",
    "StrorderScheduledMed": "",
    "StrOrderMedInfo": "",
    "StrOrderMedDose": "",
    "StrOrderIVDose": "Pending",
    "StrorderIV": "",
    "StrOrderIVInfo": "",
    "Struse_AdditionalDose": "",
    "Struse_ResponseTask": "",
    "Struse_MARcomments": "",
    "StrorderUnscheduled": "",
    "StrOrderPRNInfo": "",
    "StrOrderPRNDose": "",
    "StrOrderUnscheduledInfo": "",
    "StrOrderUnscheduledDose": "",
    "Struse_Unchart": "",
    "Struse_ChartNotDone": "",
    "Struse_RescheduleAdminTimes": "",
    "Struse_AdminNote": "",
    "Struse_InfuseVolume": "",
    "Struse_TherapeuticClassView": "",
    "Struse_PlanView": "",
    "StrOrderInfo": "",
    "StrOrderDose": "",
    "StrorderImmunization": "",
    "StrorderImmunizationMedInfo": "",
    "StrorderImmunizationMedDose": "",
    "StrorderNurseWitness": "",
    "StrorderNurseMedInfo": "",
    "StrorderNurseMedDose": "",
    "StrorderAutoVerify": "",
    "strValidate_AutoVerify": "",
    "StrorderIntermittentMed": "",
    "StrOrderInterMedInfo": "",
    "StrOrderInterMedDose": "",
    "StrorderIntermittentIV": "",
    "StrOrderInterIVInfo": "",
    "StrOrderInterIVDose": "",
    "StrorderDTA": "",
    "StrOrderDTAIVInfo": "",
    "StrOrderDTADose": "",
    "StrOrder_IVMAW": "D5W",
    "StrOrderMAW1": "ketorolac",
    "StrOrderMAW2": "ibuprofen",
    "StrOrderMultiIngredient": "Dextrose 10% with 0.33% NaCl & KCl 10 mEq/L",
    "StrOrderMultiIngedientScan": "Dextrose",
    "StrMedicationKeyword": "Routine",
    "StrTimeViewValue": "Cont",
    "StrReconciliationType_Admission": "",
    "strPriorOrAfter1": "Prior",
    "strReconciliationOrderName1": [
        "ravulizumab",
        "aspirin PO"
    ],
    "strReconciliationOrderStatus1": "",
    "strRadioButton1": "Continue",
    "strPriorOrAfter2": "Prior",
    "strReconciliationOrderName2": "",
    "strReconciliationOrderStatus2": "",
    "strRadioButton2": "Continue",
    "strPriorOrAfter3": "Prior",
    "strReconciliationOrderName3": "Zithromax 250 mg oral tablet",
    "strReconciliationOrderStatus3": "",
    "strRadioButton3": "DNC",
    "strPriorOrAfter4": "After",
    "strReconciliationOrderName4": "Medrol 2 mg oral tablet",
    "strReconciliationOrderStatus4": "",
    "strRadioButton4": "Continue",
    "StrReconciliationType_Transfer": "",
    "StrReconciliationType_Discharge": "",
    "strRightClickAction_CnvtIPtoPrescription": "Convert",
    "StrStatus_Admission": "Admission",
    "StrTooltipText": "Complete",
    "StrStatus_Discharge": "Discharge",
    "StrTooltipText_Discharge": "Complete",
    "strRightClickAction_Modify": "Modify",
    "Struse_VoidReconciliation": "",
    "StrVoid_option": "",
    "Struse_SuspendResumeReconciliation": "True",
    "StrorderSinglephase": "",
    "StrOrderA_Singlephase": "",
    "StrOrderB_Singlephase": "",
    "StrOrderC_Singlephase": "",
    "StrOrderD_Singlephase": "",
    "StrorderE_Singlephase": "",
    "StrorderMultiphase": "",
    "Strphase1_Multiphase": "",
    "IntnumOccuranceCount": "1",
    "StrOrderA_Multiphase1": "",
    "StrOrderA_Multiphase2": "",
    "StrOrderA_Multiphase3": "",
    "StrOrderB_Multiphase1": "",
    "StrOrderB_Multiphase2": "",
    "StrOrderB_Multiphase3": "",
    "StrOrderC_Multiphase1": "",
    "StrOrderC_Multiphase2": "",
    "StrOrderC_Multiphase3": "",
    "StrOrderD_Multiphase1": "",
    "StrOrderD_Multiphase2": "",
    "StrOrderD_Multiphase3": "",
    "StrOrderE_Multiphase1": "",
    "StrOrderE_Multiphase2": "",
    "StrOrderE_Multiphase3": "",
    "Strphase2_Multiphase": "",
    "Strphase3_Multiphase": "",
    "Struse_DiscontinuePlans": "",
    "strReason_Discontinue": "a",
    "strReasonDiscontinue_IPOC": "a",
    "StrDiscontinueOrder": "",
    "StrorderIPOC": "",
    "Stroutcome1_IPOC": "",
    "Stroutcome2_IPOC": "",
    "Strintervention_IPOC": "",
    "StrDiscontinueOrder_IPOC": "",
    "StrOrderSentence": "mg",
    "StrComponentStatus": "11/25/2024",
    "StrorderCopyForward": "",
    "StrorderEvidenceLink": "",
    "StrorderRxPlan": "",
    "StrOrder_Prescription1RxPlan": "",
    "StrOrder_Prescription2RxPlan": "",
    "StrOrderFuturePlan": "",
    "StrorderSequencePlan": "",
    "StrorderDiagnosisPlan": [
        "ravulizumab",
        "aspirin PO"
    ],
    "StrDiagnosis_Plan": "",
    "StrorderLabCollect1": "",
    "StrorderLabCollect2": "",
    "StrorderLabCollect3": "",
    "Struse_EnhancedSchedule": "",
    "StrorderRouteforReview\n": "",
    "StrProposePlan": ""
}