{
    "StrClientName": "CHWB_CA MOCKB",
    "StrUsername_DBA": "RS091347",
    "StrPassword_DBA": "cerner",
    "StrUsername_RN": "RS091347",
    "StrPassword_RN": "cerner",
    "StrUsername_MED": "RS091347",
    "StrPassword_MED": "cerner",
    "StrAllergy_Mode": "Popup",
    "StrAllergyName": "aspirin",
    "StrReactionName": "Rash",
    "StrAllergy_Action": "Modify",
    "StrAllergy_Modify": "True",
    "StrAllergyRemove_MCDS": "True",
    "StrAllergyActions_MCDS": "True",
    "StrDuplicate_MCDS": "False",
    "strOrderType": "Inpatient",
    "StrOrder_Allergy1": "ketorolac",
    "strOrderSentence": "mg",
    "StrPhysicianUserName": "RS091347",
    "StrOrderOrProposal": "Order",
    "StrCommunicationType": "Verbal",
    "strOverrideReason": "Not True Allergy",
    "strInteractions": "Apply to All",
    "StrOrder_Allergy2": "ibuprofen",
    "StrInteractionCategory": "",
    "StrDuplicate_OrderName": "aspirin",
    "strAllergyStatus": "Apply to All",
    "strAllergyStatus1": "",
    "IntAllergyInstance": "1",
    "strOrderType_Ambulatory": "Ambulatory - In Office",
    "StrOrder_Outpatient1": "aspirin",
    "StrOrder_Outpatient2": "amoxicillin",
    "StrOrder_Outpatient3": "acetaminophen",
    "StrDiagnosis1": "Chest pain",
    "StrDiagnosis2": "Hypokalemia",
    "StrDiagnosis3": "Fever",
    "StrProblem1": "Pain",
    "StrProblem2": "Broken nose",
    "strRightClickActionModify": "Modify",
    "strRightClickActionCancel_Reorder": "Reorder",
    "strRightClickActionCancel_DC": "Discontinue",
    "strOrderType_Prescriptions": "Meds as Rx",
    "StrOrder_Prescription_Outpatient4": "acetaminophen 325 mg oral tablet",
    "strRightClickActionConverAMB": "Convert",
    "Struse_synonyms": "True",
    "Struse_OrderSentence": "True",
    "Struse_ReschduleTask": "True",
    "Struse_CancelReorderDC": "True",
    "Struse_favorites": "True",
    "Struse_Careset": "False",
    "StrorderCareset": "ABG Panel",
    "StrCaresetOrderName": "ABG Panel",
    "StrOrderSupergroup_Careset": "False",
    "StrOrderNested_Careset": "False",
    "StrOrdeMultipleRx": "alteplase",
    "StrOrderDiluentAddtive": "D5W",
    "StrOrderDoseCalc": "vancomycin",
    "StrOrderSlidingscale": "insulin Sliding Scale TOOL Lispro",
    "StrOrderDocumentMed1": "acetaminophen  80 mg oral tablet, chewable",
    "StrOrderDocumentMed2": "gabapentin 100 mg oral capsule",
    "StrOrderDocumentMed3": "aspirin 325 mg oral tablet",
    "StrOrderDocumentMed4": "lithium 150 mg oral capsule",
    "StrOrderDocumentMed5": "lisinopril 2.5 mg oral tablet",
    "StrStatus": "Documented",
    "StrRightClickActionModify": "Modify",
    "StrnumorderInstanc": "1",
    "Struse_DocumentMeds": "True",
    "StrOrderFavorites": "aspirin",
    "StrOrderSynonym1": "Vital Signs",
    "StrOrderSynonym2": "VS",
    "StrMedicationOrder": "ibuprofen",
    "StrOrderInstance": "1",
    "StrOrderIntervalFrequency": "aspirin",
    "Strfrequency_intervalfrequency": "qDay",
    "Struse_PrintOrderSheet": "True",
    "Struse_ProblemDiagnosis": "True",
    "StrOrderDiagnosis": "lisinopril",
    "StrOrderProblem": "lisinopril",
    "StrorderDuplicate": "CBC w/Diff* (man diff if indicated)",
    "StrOrderTaper": "predniSONE",
    "IntOrderInstance": "1",
    "StrOrderFuture": "CBC w/Diff* (man diff if indicated)",
    "StrOrderUnscheduled": "influenza virus vaccine, inactivated",
    "StrOrderUnscheduledValue": "oncall",
    "StrOrderOneTimeFreq": "furosemide",
    "StrOrderOneTimeFreqValue": "x1",
    "StrOrderDuration": "PriLOSEC",
    "StrOrderDetailsFieldName": "Duration",
    "StrOrderHardstop": "aspirin",
    "StrDateTime_FieldName": "Start Date",
    "StrAdministration": "TRUE",
    "StrDateEntry": "T",
    "StrTimeEntry": "N",
    "StrSkipAdmin": "True",
    "StrOrderSoftstop": "aspirin",
    "StrFIN": "",
    "StrOrderEnchancedReOrder": "aspirin",
    "StrOrderEnhancedValue": "BID",
    "StrDateTime_FieldName1": "Stop Date",
    "Struse_supendResume": "True",
    "Struse_OrderCopy": "True",
    "Struse_OrderVoid": "True",
    "Struse_OrderNurseReview": "True",
    "Struse_OrderComplete": "True",
    "StrRightclickAction_Void": "Void",
    "StrOrderNonMed": "Vital Signs",
    "StrAddtiveName": "Zofran additive",
    "strValidateModifyStatus": "Ordered",
    "StrValidate_MultipleRx": "Ordered",
    "StrValidate_Suspend": "Suspend",
    "StrValidate_Resume": "Resume",
    "StrPhysician_Username": "RS091347",
    "StrPhysician_Password": "cerner",
    "StrOrder_Prescription1": "lisinopril 10 mg oral tablet",
    "StrOrder_Prescription2": "aspirin 81 mg oral capsule",
    "StrOrder_Prescription3": "acetaZOLAMIDE 125 mg oral tablet",
    "StrOrder_Prescription4": "acetaminophen 325 mg oral tablet",
    "StrorderMisc": "Misc Prescription",
    "StrOrder_DocumentMedHx_Presc": "aspirin",
    "StrOrder_Inpatient": "clindamycin",
    "StrOrder_Prescription5": "amoxicillin 250 mg oral capsule",
    "Struse_ProposeRenewals": "False",
    "Struse_ConvertInpatient": "True",
    "Struse_ConvertRx": "True",
    "Struse_CompleteRx": "True",
    "Struse_VoidRx": "True",
    "Struse_supendResumeRx": "True",
    "Struse_CancelReorderRx": "True",
    "Struse_DiscontinueRx": "True",
    "Struse_MiscPrescription": "False",
    "Struse_copyPrescription": "True",
    "Struse_Referencetext": "False",
    "Struse_RenewPrescription": "True",
    "Struse_ModifyPrescription": "True",
    "StrOrderComment": "Testing Comments",
    "strOrdersentence_Prescriptions": "True",
    "Struse_MARSummary": "True",
    "Struse_Ivsite": "",
    "StrOrderStatus": "",
    "StrorderPRN": "acetaminophen",
    "Struse_CancelCharting": "True",
    "Struse_RescheduleDose": "True",
    "StrorderScheduledMed": "aspirin",
    "StrOrderMedInfo": "Routine",
    "StrOrderMedDose": "given",
    "StrOrderIVDose": "Pending",
    "StrorderIV": "D5W",
    "StrOrderIVInfo": "Routine",
    "Struse_AdditionalDose": "True",
    "Struse_ResponseTask": "True",
    "Struse_MARcomments": "False",
    "StrorderUnscheduled": "Medrol",
    "StrOrderPRNInfo": "Priority",
    "StrOrderPRNDose": "given",
    "StrOrderUnscheduledInfo": "oncall",
    "StrOrderUnscheduledDose": "given",
    "Struse_Unchart": "True",
    "Struse_ChartNotDone": "True",
    "Struse_RescheduleAdminTimes": "True",
    "Struse_AdminNote": "True",
    "Struse_InfuseVolume": "True",
    "Struse_TherapeuticClassView": "True",
    "Struse_PlanView": "False",
    "StrOrderInfo": "",
    "StrOrderDose": "",
    "StrorderImmunization": "rubella virus vaccine",
    "StrorderImmunizationMedInfo": "Routine",
    "StrorderImmunizationMedDose": "given",
    "StrorderNurseWitness": "acetaminophen",
    "StrorderNurseMedInfo": "Priority",
    "StrorderNurseMedDose": "given",
    "StrorderAutoVerify": "aspirin",
    "strValidate_AutoVerify": "Ordered",
    "StrorderIntermittentMed": "Amiodarone BOLUS IV",
    "StrOrderInterMedInfo": "",
    "StrOrderInterMedDose": "",
    "StrorderIntermittentIV": "Amiodarone BOLUS IV",
    "StrOrderInterIVInfo": "",
    "StrOrderInterIVDose": "",
    "StrorderDTA": "ibuprofen",
    "StrOrderDTAIVInfo": "Priority",
    "StrOrderDTADose": "given",
    "StrOrder_IVMAW": "D5W",
    "StrOrderMAW1": "ibuprofen",
    "StrOrderMAW2": "aspirin",
    "StrOrderMultiIngredient": "D5W with 0.2%NaC",
    "StrOrderMultiIngedientScan": "D5W",
    "StrMedicationKeyword": "Epidural",
    "StrTimeViewValue": "Cont",
    "StrReconciliationType_Admission": "Admission",
    "strPriorOrAfter1": "Prior",
    "strReconciliationOrderName1": "ibuprofen",
    "strReconciliationOrderStatus1": "",
    "strRadioButton1": "Continue",
    "strPriorOrAfter2": "Prior",
    "strReconciliationOrderName2": "clindamycin",
    "strReconciliationOrderStatus2": "",
    "strRadioButton2": "Continue",
    "strPriorOrAfter3": "Prior",
    "strReconciliationOrderName3": "lisinopril 10 mg oral tablet",
    "strReconciliationOrderStatus3": "",
    "strRadioButton3": "DNC",
    "strPriorOrAfter4": "After",
    "strReconciliationOrderName4": "aspirin 81 mg oral capsule",
    "strReconciliationOrderStatus4": "",
    "strRadioButton4": "Continue",
    "StrReconciliationType_Transfer": "Transfer",
    "StrReconciliationType_Discharge": "Discharge",
    "strRightClickAction_CnvtIPtoPrescription": "Convert",
    "StrStatus_Admission": "Admission",
    "StrTooltipText": "Complete",
    "StrStatus_Discharge": "Discharge",
    "StrTooltipText_Discharge": "Complete",
    "strRightClickAction_Modify": "Modify",
    "Struse_VoidReconciliation": "",
    "StrVoid_option": "",
    "Struse_SuspendResumeReconciliation": "True",
    "StrorderSinglephase": "Pediatric Admission General",
    "StrOrderA_Singlephase": "Bedrest",
    "StrOrderB_Singlephase": "Pulse Oximetry",
    "StrOrderC_Singlephase": "Height and Weight",
    "StrOrderD_Singlephase": "Intake and Output",
    "StrorderE_Singlephase": "NPO",
    "StrorderMultiphase": "OB Hemorrhage - Multi Phase",
    "Strphase1_Multiphase": "OB Hemorrhage Stage 1",
    "IntnumOccuranceCount": "1",
    "StrOrderA_Multiphase1": "Vital Signs",
    "StrOrderA_Multiphase2": "PTT",
    "StrOrderA_Multiphase3": "Warming Measures",
    "StrOrderB_Multiphase1": "Intake and Output",
    "StrOrderB_Multiphase2": "Fibrinogen",
    "StrOrderB_Multiphase3": "Blanket Warming (Warming Blanket)",
    "StrOrderC_Multiphase1": "Assess for drainage and bleeding",
    "StrOrderC_Multiphase2": "CBC w/Diff* (man diff if indicated)",
    "StrOrderC_Multiphase3": "CBC w/o Diff",
    "StrOrderD_Multiphase1": "Nursing Communication",
    "StrOrderD_Multiphase2": "miSOPROStol",
    "StrOrderD_Multiphase3": "PTT",
    "StrOrderE_Multiphase1": "IV Saline Lock",
    "StrOrderE_Multiphase2": "Nursing Communication",
    "StrOrderE_Multiphase3": "Fibrinogen",
    "Strphase2_Multiphase": "OB Hemorrhage Stage 2",
    "Strphase3_Multiphase": "OB Hemorrhage Stage 3",
    "Struse_DiscontinuePlans": "True",
    "strReason_Discontinue": "a",
    "strReasonDiscontinue_IPOC": "a",
    "StrDiscontinueOrder": "Full Code",
    "StrorderIPOC": "LTC Gastrointestinal IPOC",
    "Stroutcome1_IPOC": "Patient Specific Goal 1",
    "Stroutcome2_IPOC": "Patient Specific Goal 2",
    "Strintervention_IPOC": "Patient Specific Intervention 1",
    "StrDiscontinueOrder_IPOC": "Patient",
    "StrOrderSentence": "mg",
    "StrComponentStatus": "11/25/2024",
    "StrorderCopyForward": "False",
    "StrorderEvidenceLink": "ED Alcohol Withdrawal",
    "StrorderRxPlan": "Asthma - AMB",
    "StrOrder_Prescription1RxPlan": "albuterol (albuterol 0.083% NEB)",
    "StrOrder_Prescription2RxPlan": "albuterol (albuterol 0.5% NEB)",
    "StrOrderFuturePlan": "False",
    "StrorderSequencePlan": "False",
    "StrorderDiagnosisPlan": "Asthma - AMB",
    "StrDiagnosis_Plan": "Fever",
    "StrorderLabCollect1": "",
    "StrorderLabCollect2": "",
    "StrorderLabCollect3": "",
    "Struse_EnhancedSchedule": "True",
    "StrorderRouteforReview": "False",
    "StrProposePlan": "False",
    "StrOrderComplete":"Nutrition Screen Alert",
    "StrOrderMedStudent":"False"
}