{
    "StrClientName": "False",
    "StrUsername_DBA": "RAVITEJA-S",
    "StrPassword_DBA": "cerner*1",
    "StrUsername_RN": "RAVITEJA-S4",
    "StrPassword_RN": "cerner*1",
    "StrUsername_MED": "RAVITEJA-S3",
    "StrPassword_MED": "Cerner123",
    "StrAllergy_Mode": "Flat",
    "StrAllergyName": "penicillin",
    "StrReactionName": "Rash",
    "StrAllergy_Action": "Modify",
    "StrAllergy_Modify": "False",
    "StrAllergyRemove_MCDS": "True",
    "StrAllergyActions_MCDS": "True",
    "StrDuplicate_MCDS": "False",
    "strOrderType": "Inpatient",
    "StrOrder_Allergy1": "Aspirin",
    "strOrderSentence": "Glucose 1 Hour",
    "StrPhysicianUserName": "RAVITEJA-S2",
    "StrOrderOrProposal": "Order",
    "StrCommunicationType": "Verbal",
    "strOverrideReason": "Acknowledge",
    "strInteractions": "Apply to All",
    "StrOrder_Allergy2": "ketoacidosiss",
    "StrInteractionCategory": "False",
    "StrDuplicate_OrderName": "ADA Diet",
    "strAllergyStatus": "Apply to All",
    "strAllergyStatus1": "False",
    "IntAllergyInstance": "1",
    "strOrderType_Ambulatory": "Meds in Office",
    "StrOrder_Outpatient1": "Aspirin",
    "StrOrder_Outpatient2": "Amoxicillin",
    "StrOrder_Outpatient3": "Acetaminophen",
    "StrDiagnosis1": "Fever",
    "StrDiagnosis2": "Cough",
    "StrDiagnosis3": "Hyperchylomicronemia",
    "StrProblem1": "Pain",
    "StrProblem2": "Broken Nose",
    "strRightClickActionModify": "Modify",
    "strRightClickActionCancel_Reorder": "Reorder",
    "strRightClickActionCancel_DC": "Cancel/DC",
    "strOrderType_Prescriptions": "Prescriptions",
    "strOrderType_Prescriptions_AMB": "Meds as Rx",
    "StrOrder_Prescription_Outpatient4": "Crestor 5 mg oral tablet",
    "strRightClickActionConverAMB": "False",
    "Struse_synonyms": "True",
    "Struse_OrderSentence": "True",
    "Struse_ReschduleTask": "No",
    "Struse_CancelReorderDC": "True",
    "Struse_favorites": "True",
    "Struse_Careset": "False",
    "StrorderCareset": "Adult Admission Rule",
    "StrCaresetOrderName": "Adult Admission Rule",
    "StrOrderSupergroup_Careset": "Cord Blood Workup",
    "StrOrderNested_Careset": "False",
    "StrOrdeMultipleRx": "Pitocin 20 units IV Drip",
    "StrOrderDiluentAddtive": "LORazepam 10 mg in NS 100 mL IV Drip",
    "StrOrderDoseCalc": "LORazepam",
    "StrOrderSlidingscale": "insulin aspart sliding scale ALTERNATE",
    "StrOrderDocumentMed1": "acetaminophen  ",
    "StrOrderDocumentMed2": "gabapentin 100 mg oral capsule",
    "StrOrderDocumentMed3": "aspirin 325 mg oral tablet",
    "StrOrderDocumentMed4": "lithium 150 mg oral capsule",
    "StrOrderDocumentMed5": "lisinopril 2.5 mg oral tablet",
    "StrStatus": "Documented",
    "StrRightClickActionModify": "Modify",
    "StrnumorderInstanc": "1",
    "Struse_DocumentMeds": "True",
    "StrOrderFavorites": "Glucose 1 Hour",
    "StrOrderSynonym1": "lisinopril",
    "StrOrderSynonym2": "Zestril",
    "StrMedicationOrder": "Glucose 1 Hour",
    "StrOrderInstance": "1",
    "StrOrderIntervalFrequency": "morphine",
    "Strfrequency_intervalfrequency": "q6hr",
    "Struse_PrintOrderSheet": "No",
    "Struse_ProblemDiagnosis": "True",
    "StrOrderDiagnosis": "Vital Signs",
    "StrOrderProblem": "Vital Signs",
    "StrorderDuplicate": "ADA Diet",
    "StrOrderTaper": "prednisone taper",
    "IntOrderInstance": "1",
    "StrOrderFuture": "CT Abdomen w/IV Contrast",
    "StrOrderUnscheduled": "vancomycin",
    "StrOrderUnscheduledValue": "Once a month",
    "StrOrderOneTimeFreq": "morphine",
    "StrOrderOneTimeFreqValue": "Once",
    "StrOrderDuration": "acetaminophen",
    "StrOrderDetailsFieldName": "Duration",
    "StrOrderHardstop": "Aerosol Treatment",
    "StrDateTime_FieldName": "Start Date",
    "StrAdministration": "TRUE",
    "StrDateEntry": "T",
    "StrTimeEntry": "N",
    "StrSkipAdmin": "False",
    "StrOrderSoftstop": "Advil",
    "StrFIN": "False",
    "StrOrderEnchancedReOrder": "aspirin",
    "StrOrderEnhancedValue": "BID",
    "StrDateTime_FieldName1": "Stop Date",
    "Struse_supendResume": "True",
    "Struse_OrderCopy": "True",
    "Struse_OrderVoid": "True",
    "Struse_OrderNurseReview": "True",
    "Struse_OrderComplete": "True",
    "StrRightclickAction_Void": "False",
    "StrOrderNonMed": "CT Abdomen w/IV Contrast",
    "StrAddtiveName": "LORazepam IV additive",
    "strValidateModifyStatus": "Ordered",
    "StrValidate_MultipleRx": "Ordered",
    "StrValidate_Suspend": "False",
    "StrValidate_Resume": "False",
    "StrPhysician_Password": "cerner",
    "StrOrder_Prescription1": "Medrol Dosepak 4 mg oral tablet",
    "StrOrder_Prescription2": "lisinopril 5 mg oral tablet",
    "StrOrder_Prescription3": "apixaban 5 mg oral tablet",
    "StrOrder_Prescription4": "Crestor 5 mg oral tablet",
    "StrorderMisc": "Ensure Clear Liquid",
    "StrOrder_DocumentMedHx_Presc": "Aspirin",
    "StrOrder_Inpatient": "vancomycin",
    "StrOrder_Prescription5": "acetylcysteine 10% inhalation solution",
    "Struse_ProposeRenewals": "True",
    "Struse_ConvertInpatient": "True",
    "Struse_ConvertRx": "True",
    "Struse_CompleteRx": "True",
    "Struse_VoidRx": "True",
    "Struse_supendResumeRx": "No",
    "Struse_CancelReorderRx": "True",
    "Struse_DiscontinueRx": "True",
    "Struse_MiscPrescription": "True",
    "Struse_copyPrescription": "True",
    "Struse_Referencetext": "True",
    "Struse_RenewPrescription": "True",
    "Struse_ModifyPrescription": "True",
    "StrOrderComment": "Testing Comments",
    "strOrdersentence_Prescriptions": "True",
    "Struse_MARSummary": "True",
    "Struse_Ivsite": "True",
    "StrOrderStatus": "False",
    "StrorderPRN": "acetaminophen",
    "Struse_CancelCharting": "True",
    "Struse_RescheduleDose": "True",
    "StrorderScheduledMed": "aspirin",
    "StrOrderMedInfo": "False",
    "StrOrderMedDose": "False",
    "StrOrderIVDose": "Pending",
    "StrorderIV": "D5W",
    "StrOrderIVInfo": "False",
    "Struse_AdditionalDose": "True",
    "Struse_ResponseTask": "True",
    "Struse_MARcomments": "No",
    "StrorderUnscheduled": "vancomycin",
    "StrOrderPRNInfo": "False",
    "StrOrderPRNDose": "False",
    "StrOrderUnscheduledInfo": "False",
    "StrOrderUnscheduledDose": "False",
    "Struse_Unchart": "True",
    "Struse_ChartNotDone": "True",
    "Struse_RescheduleAdminTimes": "No",
    "Struse_AdminNote": "True",
    "Struse_InfuseVolume": "True",
    "Struse_TherapeuticClassView": "True",
    "Struse_PlanView": "True",
    "StrOrderInfo": "False",
    "StrOrderDose": "False",
    "StrorderImmunization": "Varivax Vaccine",
    "StrorderImmunizationMedInfo": "False",
    "StrorderImmunizationMedDose": "False",
    "StrorderNurseWitness": "ibuprofen",
    "StrorderNurseMedInfo": "False",
    "StrorderNurseMedDose": "False",
    "StrorderAutoVerify": "lisinopril",
    "strValidate_AutoVerify": "False",
    "StrorderIntermittentMed": "sotrovimab",
    "StrOrderInterMedInfo": "False",
    "StrOrderInterMedDose": "False",
    "StrorderIntermittentIV": "cisatracurium 100 mg in NS 250 mL",
    "StrOrderInterIVInfo": "False",
    "StrOrderInterIVDose": "False",
    "StrorderDTA": "ibuprofen",
    "StrOrderDTAIVInfo": "False",
    "StrOrderDTADose": "False",
    "StrOrder_IVMAW": "False",
    "StrOrderMAW1": "aspirin",
    "StrOrderMAW2": "acetaminophen",
    "StrOrderMultiIngredient": "fentaNYL 1250 mcg in 250 mL NS IV Drip",
    "StrOrderMultiIngedientScan": "Epidural",
    "StrMedicationKeyword": "Routine",
    "StrTimeViewValue": "Cont",
    "StrReconciliationType_Admission": "Admission",
    "strPriorOrAfter1": "Prior",
    "strReconciliationOrderName1": "acetaminophen",
    "strReconciliationOrderStatus1": "False",
    "strRadioButton1": "Continue",
    "strPriorOrAfter2": "Prior",
    "strReconciliationOrderName2": "vancomycin",
    "strReconciliationOrderStatus2": "False",
    "strRadioButton2": "Continue",
    "strPriorOrAfter3": "Prior",
    "strReconciliationOrderName3": "Medrol Dosepak 4 mg oral tablet",
    "strReconciliationOrderStatus3": "False",
    "strRadioButton3": "DNC",
    "strPriorOrAfter4": "After",
    "strReconciliationOrderName4": "lisinopril 5 mg oral tablet",
    "strReconciliationOrderStatus4": "False",
    "strRadioButton4": "Continue",
    "StrReconciliationType_Transfer": "Transfer",
    "StrReconciliationType_Discharge": "Discharge",
    "strRightClickAction_CnvtIPtoPrescription": "Convert",
    "StrStatus_Admission": "Admission",
    "StrTooltipText": "Complete",
    "StrStatus_Discharge": "Discharge",
    "StrTooltipText_Discharge": "Complete",
    "strRightClickAction_Modify": "Modify",
    "Struse_VoidReconciliation": "False",
    "StrVoid_option": "False",
    "Struse_SuspendResumeReconciliation": "True",
    "StrorderSinglephase": 
        "ED Asthma - Adult",
        
    "StrOrderA_Singlephase": "Vital Signs",
    "StrOrderB_Singlephase": "predniSONE",
    "StrOrderC_Singlephase": 
        "terbutaline",
        
    "StrOrderD_Singlephase": 
        "BMP"
    ,
    "StrorderE_Singlephase": "ED EKG",
    "StrorderMultiphase": "OB Cesarean Section",
    "Strphase1_Multiphase": "Pre-op C-Section",
    "IntnumOccuranceCount": "1",
    "StrOrderA_Multiphase1": "Up ad Lib",
    "StrOrderA_Multiphase2": "Regualr Diet",
    "StrOrderA_Multiphase3": "False",
    "StrOrderB_Multiphase1": "Bedrest",
    "StrOrderB_Multiphase2": "NPO",
    "StrOrderB_Multiphase3": "False",
    "StrOrderC_Multiphase1": "Abdominal Prep",
    "StrOrderC_Multiphase2": "ketorolac",
    "StrOrderC_Multiphase3": "False",
    "StrOrderD_Multiphase1": "NPO",
    "StrOrderD_Multiphase2": "Up ad Lib",
    "StrOrderD_Multiphase3": "False",
    "StrOrderE_Multiphase1": "famotidine",
    "StrOrderE_Multiphase2": "ibuprofen",
    "StrOrderE_Multiphase3": "False",
    "Strphase2_Multiphase": "Post-op C-section",
    "Strphase3_Multiphase": "False",
    "Struse_DiscontinuePlans": "True",
    "strReason_Discontinue": "a",
    "strReasonDiscontinue_IPOC": "a",
    "StrDiscontinueOrder": "False",
    "StrorderIPOC": "Activity Intolerance IPOC",
    "Stroutcome1_IPOC": "Report measureable increase in activity tolerance",
    "Stroutcome2_IPOC": "Participate in desired activities",
    "Strintervention_IPOC": "Verbalizes and uses energy conserv techniques",
    "StrDiscontinueOrder_IPOC": "False",
    "StrOrderSentence": "mg",
    "StrComponentStatus": "11/25/2024",
    "StrorderCopyForward": "Adult Well Exam - Female",
    "StrorderEvidenceLink": "PCA Morphine Adult",
    "StrorderRxPlan": "AMB Asthma",
    "StrOrder_Prescription1RxPlan": "False",
    "StrOrder_Prescription2RxPlan": "False",
    "StrOrderFuturePlan": "OB Cesarean Section",
    "StrorderSequencePlan": "False",
    "StrDiagnosis_Plan": "acetaminophen",
    "StrorderDiagnosisPlan": "Adult Well Exam - Female",
    "StrorderLabCollect1": "False",
    "StrorderLabCollect2": "False",
    "StrorderLabCollect3": "False",
    "Struse_EnhancedSchedule": "True",
    "StrorderRouteforReview": "False",
    "StrProposePlan": "False"
}