{
    "TestedBy": "RS091347",
    "ClientMnemonic": "COOK_IL",
    "TTPurpose": "UCMS_COOK_IL_C587_Test",
    "Domain": "C587",
    "SolutionName": "Orders Management",
    "StrClientName": "COOK_IL C587",
    "StrUsername_DBA": "V.SHRIKUNJ.NASHINE.C",
    "StrPassword_DBA": "cerner",
    "StrUsername_RN": "V.SHRIKUNJ.NASHINE.D",
    "StrPassword_RN": "cerner*1",
    "StrUsername_MED": "",
    "StrPassword_MED": "",
    "StrAllergy_Mode": "Popup",
    "StrAllergyName": "penicillin",
    "StrReactionName": "Rash",
    "StrAllergy_Action": "Modify",
    "StrAllergy_Modify": "True",
    "StrAllergyRemove_MCDS": "True",
    "StrAllergyActions_MCDS": "True",
    "StrDuplicate_MCDS": "False",
    "strOrderType": "Inpatient",
    "StrOrder_Allergy1": "aspirin",
    "strOrderSentence": "mg",
    "StrPhysicianUserName": "V.RAVITEJA.S.B",
    "StrOrderOrProposal": "Order",
    "StrCommunicationType": "Verbal",
    "strOverrideReason": "Patient",
    "strInteractions": "Apply to All",
    "StrOrder_Allergy2": "ibuprofen",
    "StrInteractionCategory": "",
    "StrDuplicate_OrderName": "",
    "strAllergyStatus": "Apply to All",
    "strAllergyStatus1": "",
    "IntAllergyInstance": "1",
    "strOrderType_Ambulatory": "Orders in Office",
    "StrOrder_Outpatient1": "ketorolac",
    "StrOrder_Outpatient2": "amoxicillin 250 mg oral tablet, chewable",
    "StrOrder_Outpatient3": "aspirin 325 mg enteric coated tablet",
    "StrDiagnosis1": "Asthma",
    "StrDiagnosis2": "Fever",
    "StrDiagnosis3": "Cough",
    "StrProblem1": "Pain",
    "StrProblem2": "Broken nose",
    "strRightClickActionModify": "Modify",
    "strRightClickActionCancel_Reorder": "Reorder",
    "strRightClickActionCancel_DC": "Cancel/DC",
    "strOrderType_Prescriptions": "Ambulatory (Meds as Rx)",
    "StrOrder_Prescription_Outpatient4": "aspirin 325 mg oral capsule",
    "strRightClickActionConverAMB": "",
    "Struse_synonyms": "True",
    "Struse_OrderSentence": "True",
    "Struse_ReschduleTask": "True",
    "Struse_CancelReorderDC": "True",
    "Struse_favorites": "True",
    "Struse_Careset": "True",
    "StrorderCareset": "LFT Careset",
    "StrCaresetOrderName": "Liver Profile",
    "StrOrderSupergroup_Careset": "False",
    "StrOrderNested_Careset": "ED Abdominal Pain",
    "StrOrdeMultipleRx": "levoFLOXacin IVPB",
    "StrOrderDiluentAddtive": "dextrose 10% in water IV soln",
    "StrOrderDoseCalc": "False",
    "StrOrderSlidingscale": "",
    "StrOrderDocumentMed1": "acetaminophen 80 mg oral tablet",
    "StrOrderDocumentMed2": "gabapentin 100 mg oral capsule",
    "StrOrderDocumentMed3": "aspirin 325 mg oral tablet",
    "StrOrderDocumentMed4": "lithium 150 mg oral capsule",
    "StrOrderDocumentMed5": "lisinopril 2.5 mg oral tablet",
    "StrStatus": "Documented",
    "StrRightClickActionModify": "Modify",
    "StrnumorderInstanc": "1",
    "Struse_DocumentMeds": "True",
    "StrOrderFavorites": "aspirin",
    "StrOrderSynonym1": "Complete Blood Count",
    "StrOrderSynonym2": "CBC",
    "StrMedicationOrder": "aspirin",
    "StrOrderInstance": "1",
    "StrOrderIntervalFrequency": "aspirin",
    "Strfrequency_intervalfrequency": "Q 6 Hr",
    "Struse_PrintOrderSheet": "True",
    "Struse_ProblemDiagnosis": "True",
    "StrOrderDiagnosis": "CBC",
    "StrOrderProblem": "acetaminophen",
    "StrorderDuplicate": "CBC with Differential",
    "StrOrderTaper": "predniSONE",
    "IntOrderInstance": "1",
    "StrOrderFuture": "CBC",
    "StrOrderUnscheduled": "acetaminophen 325 mg oral tablet",
    "StrOrderUnscheduledValue": "On Call",
    "StrOrderOneTimeFreq": "aspirin",
    "StrOrderOneTimeFreqValue": "Once",
    "StrOrderDuration": "azithromycin",
    "StrOrderDetailsFieldName": "Duration",
    "StrOrderHardstop": "Nebulizer",
    "StrDateTime_FieldName": "Start Date",
    "StrAdministration": "TRUE",
    "StrDateEntry": "T",
    "StrTimeEntry": "N",
    "StrSkipAdmin": "",
    "StrOrderSoftstop": "aspirin",
    "StrFIN": "",
    "StrOrderEnchancedReOrder": "aspirin",
    "StrOrderEnhancedValue": "BID",
    "StrDateTime_FieldName1": "Stop Date",
    "Struse_supendResume": "False",
    "Struse_OrderCopy": "True",
    "Struse_OrderVoid": "True",
    "Struse_OrderNurseReview": "True",
    "Struse_OrderComplete": "True",
    "StrRightclickAction_Void": "Delete",
    "StrOrderNonMed": "CBC with Differential",
    "StrAddtiveName": "PD potassium chloride additive",
    "strValidateModifyStatus": "Ordered",
    "StrValidate_MultipleRx": "Ordered",
    "StrValidate_Suspend": "",
    "StrValidate_Resume": "",
    "StrPhysician_Username": "",
    "StrPhysician_Password": "",
    "StrOrder_Prescription1": "aspirin 325 mg oral capsule",
    "StrOrder_Prescription2": "Benadryl 25 mg oral capsule",
    "StrOrder_Prescription3": "Medrol 2 mg oral tablet",
    "StrOrder_Prescription4": "ibuprofen 200 mg oral capsule",
    "StrorderMisc": "Non Formulary Med Template-",
    "StrOrder_DocumentMedHx_Presc": "aspirin",
    "StrOrder_Inpatient": "clindamycin",
    "StrOrder_Prescription5": "clindamycin 300 mg oral capsule",
    "Struse_ProposeRenewals": "True",
    "Struse_ConvertInpatient": "True",
    "Struse_ConvertRx": "True",
    "Struse_CompleteRx": "True",
    "Struse_VoidRx": "True",
    "Struse_supendResumeRx": "True",
    "Struse_CancelReorderRx": "True",
    "Struse_DiscontinueRx": "True",
    "Struse_MiscPrescription": "True",
    "Struse_copyPrescription": "True",
    "Struse_Referencetext": "True",
    "Struse_RenewPrescription": "True",
    "Struse_ModifyPrescription": "True",
    "StrOrderComment": "Testing Comments",
    "strOrdersentence_Prescriptions": "True",
    "Struse_MARSummary": "True",
    "Struse_Ivsite": "True",
    "StrOrderStatus": "",
    "StrorderPRN": "clindamycin",
    "Struse_CancelCharting": "True",
    "Struse_RescheduleDose": "True",
    "StrorderScheduledMed": "aspirin",
    "StrOrderMedInfo": "Tab",
    "StrOrderMedDose": "given",
    "StrOrderIVDose": "Pending",
    "StrorderIV": "dextrose",
    "StrOrderIVInfo": "Nursing",
    "Struse_AdditionalDose": "True",
    "Struse_ResponseTask": "True",
    "Struse_MARcomments": "True",
    "StrorderUnscheduled": "clindamycin",
    "StrOrderPRNInfo": "",
    "StrOrderPRNDose": "",
    "StrOrderUnscheduledInfo": "",
    "StrOrderUnscheduledDose": "",
    "Struse_Unchart": "True",
    "Struse_ChartNotDone": "True",
    "Struse_RescheduleAdminTimes": "True",
    "Struse_AdminNote": "True",
    "Struse_InfuseVolume": "True",
    "Struse_TherapeuticClassView": "False",
    "Struse_PlanView": "False",
    "StrOrderInfo": "",
    "StrOrderDose": "",
    "StrorderImmunization": "varicella virus vaccine",
    "StrorderImmunizationMedInfo": "ICON",
    "StrorderImmunizationMedDose": "given",
    "StrorderNurseWitness": "morphine",
    "StrorderNurseMedInfo": "",
    "StrorderNurseMedDose": "",
    "StrorderAutoVerify": "aspirin",
    "strValidate_AutoVerify": "Ordered",
    "StrorderIntermittentMed": "Vancomycin IVPB",
    "StrOrderInterMedInfo": "",
    "StrOrderInterMedDose": "",
    "StrorderIntermittentIV": "cycloPHOSphamide + mesna IVPB",
    "StrOrderInterIVInfo": "",
    "StrOrderInterIVDose": "",
    "StrorderDTA": "famotidine",
    "StrOrderDTAIVInfo": "",
    "StrOrderDTADose": "",
    "StrOrder_IVMAW": "Dextrose 5% in Lactated Ringers intravenous solution",
    "StrOrderMAW1": "morphine",
    "StrOrderMAW2": "aspirin",
    "StrOrderMultiIngredient": "dextrose 5% with 0.9% NaCl IV soln",
    "StrOrderMultiIngedientScan": "dextrose",
    "StrMedicationKeyword": "Routine",
    "StrTimeViewValue": "Cont",
    "StrReconciliationType_Admission": "Admission",
    "strPriorOrAfter1": "Prior",
    "strReconciliationOrderName1": "aspirin",
    "strReconciliationOrderStatus1": "",
    "strRadioButton1": "Continue",
    "strPriorOrAfter2": "Prior",
    "strReconciliationOrderName2": "Medrol",
    "strReconciliationOrderStatus2": "",
    "strRadioButton2": "Continue",
    "strPriorOrAfter3": "Prior",
    "strReconciliationOrderName3": "clindamycin 300 mg oral capsule",
    "strReconciliationOrderStatus3": "",
    "strRadioButton3": "DNC",
    "strPriorOrAfter4": "After",
    "strReconciliationOrderName4": "acetaminophen 325 mg oral capsule",
    "strReconciliationOrderStatus4": "",
    "strRadioButton4": "Continue",
    "StrReconciliationType_Transfer": "Transfer",
    "StrReconciliationType_Discharge": "Discharge",
    "strRightClickAction_CnvtIPtoPrescription": "Convert",
    "StrStatus_Admission": "Admission",
    "StrTooltipText": "Complete",
    "StrStatus_Discharge": "Discharge",
    "StrTooltipText_Discharge": "Complete",
    "strRightClickAction_Modify": "Modify",
    "Struse_VoidReconciliation": "",
    "StrVoid_option": "",
    "Struse_SuspendResumeReconciliation": "True",
    "StrorderSinglephase": "SICU Admission Orders",
    "StrOrderA_Singlephase": "Diet NPO",
    "StrOrderB_Singlephase": "Diet Adult Order",
    "StrOrderC_Singlephase": "Fall Risk Protocol",
    "StrOrderD_Singlephase": "Diet Liquid",
    "StrorderE_Singlephase": "aspirin",
    "StrorderMultiphase": "Cath Lab Outpatient Procedure Orders",
    "Strphase1_Multiphase": "Procedure and Prep",
    "IntnumOccuranceCount": "1",
    "StrOrderA_Multiphase1": "Blood Gas Arterial",
    "StrOrderA_Multiphase2": "Shave",
    "StrOrderA_Multiphase3": "BP, Pulse, RR, Temp (Vital Signs)",
    "StrOrderB_Multiphase1": "Basic Metabolic Profile (BMP)",
    "StrOrderB_Multiphase2": "Oxygen",
    "StrOrderB_Multiphase3": "Strict I & O (I & O)",
    "StrOrderC_Multiphase1": "Urine Pregnancy Test",
    "StrOrderC_Multiphase2": "Insert IV Catheter",
    "StrOrderC_Multiphase3": "Return to Unit",
    "StrOrderD_Multiphase1": "Complete Blood Count (CBC)",
    "StrOrderD_Multiphase2": "Apply Urinary Catheter",
    "StrOrderD_Multiphase3": "Nursing Orderable (generic)",
    "StrOrderE_Multiphase1": "Blood Gas Venous",
    "StrOrderE_Multiphase2": "predniSONE",
    "StrOrderE_Multiphase3": "prasugrel",
    "Strphase2_Multiphase": "Holding Orders",
    "Strphase3_Multiphase": "Recovery",
    "Struse_DiscontinuePlans": "True",
    "strReason_Discontinue": "Patient",
    "strReasonDiscontinue_IPOC": "Patient",
    "StrDiscontinueOrder": "VTE",
    "StrorderIPOC": "Anxiety IPOC",
    "Stroutcome1_IPOC": "Anxiety Signs and Symptoms Reduced",
    "Stroutcome2_IPOC": "Understanding of Relaxation Techniques",
    "Strintervention_IPOC": "Administer medications as ordered/needed",
    "StrDiscontinueOrder_IPOC": "Understanding",
    "StrOrderSentence": "mg",
    "StrComponentStatus": "11/25/2024",
    "StrorderCopyForward": "SICU Admission Orders",
    "StrorderEvidenceLink": "",
    "StrorderRxPlan": "ED Asthma Meds",
    "StrOrder_Prescription1RxPlan": "aspirin",
    "StrOrder_Prescription2RxPlan": "acetaminophen",
    "StrOrderFuturePlan": "ONC Immune Globulin Q21D",
    "StrorderSequencePlan": "ONC Immune Globulin Q21D",
    "StrorderDiagnosisPlan": "Cath Lab Emergent Procedure",
    "StrDiagnosis_Plan": "Fever",
    "StrorderLabCollect1": "",
    "StrorderLabCollect2": "",
    "StrorderLabCollect3": "",
    "Struse_EnhancedSchedule": "True",
    "StrorderRouteforReview": "",
    "StrProposePlan": "False",
    "StrOrderComplete":"VTE Prophylaxis",
    "StrOrderMedStudent":"aspirin"
}