{
    "StrClientName": "EAST_AL M322",
    "StrUsername_DBA": "CERNERDBA",
    "StrPassword_DBA": "cerner",
    "StrUsername_RN": "CERNERDBA",
    "StrPassword_RN":  "cerner",
    "StrUsername_MED": "CERNERDBA",
    "StrPassword_MED": "cerner",
    "StrAllergy_Mode": "Popup",
    "StrAllergyName": "aspirin",
    "StrReactionName": "Rash",
    "StrAllergy_Action": "Modify",
    "StrAllergy_Modify": "True",
    "StrAllergyRemove_MCDS": "True",
    "StrAllergyActions_MCDS": "True",
    "StrDuplicate_MCDS": "False",
    "strOrderType": "Inpatient",
    "StrOrder_Allergy1": "ketorolac",
    "strOrderSentence": "mg",
    "StrPhysicianUserName": "PHYSHOSP47",
    "StrOrderOrProposal": "",
    "StrCommunicationType": "Verbal",
    "strOverrideReason": "Patient",
    "strInteractions": "Apply to All",
    "StrOrder_Allergy2": "ibuprofen",
    "StrInteractionCategory": "",
    "StrDuplicate_OrderName": "CBC",
    "strAllergyStatus": "Apply to All",
    "strAllergyStatus1": "",
    "IntAllergyInstance": "1",
    "strOrderType_Ambulatory": "",
    "StrOrder_Outpatient1": "Aspirin",
    "StrOrder_Outpatient2": "Amoxicillin",
    "StrOrder_Outpatient3": "Acetaminophen",
    "StrDiagnosis1": "Fever",
    "StrDiagnosis2": "Cough",
    "StrDiagnosis3": "Cancer",
    "StrProblem1": "Pain",
    "StrProblem2": "Broken Nose",
    "strRightClickActionModify": "Modify",
    "strRightClickActionCancel_Reorder": "Reorder",
    "strRightClickActionCancel_DC": "Cancel/DC",
    "strOrderType_Prescriptions": "Discharge Meds as Rx",
    "StrOrder_Prescription_Outpatient4": "furosemide 20 mg oral tablet",
    "strRightClickActionConverAMB": "Convert",
    "Struse_synonyms": "True",
    "Struse_OrderSentence": "True",
    "Struse_ReschduleTask": "True",
    "Struse_CancelReorderDC": "True",
    "Struse_favorites": "True",
    "Struse_Careset": "True",
    "StrorderCareset": "Pressure Ulcer Precautions",
    "StrCaresetOrderName": "Education",
    "StrOrderSupergroup_Careset": "False",
    "StrOrderNested_Careset": "False",
    "StrOrdeMultipleRx": "alteplase",
    "StrOrderDiluentAddtive": "D5W",
    "StrOrderDoseCalc": "alteplase",
    "StrOrderSlidingscale": "False",
    "StrOrderDocumentMed1": "acetaminophen",
    "StrOrderDocumentMed2": "gabapentin 100 mg oral capsule",
    "StrOrderDocumentMed3": "aspirin 325 mg oral tablet",
    "StrOrderDocumentMed4": "lithium 150 mg oral capsule",
    "StrOrderDocumentMed5": "lisinopril 2.5 mg oral tablet",
    "StrStatus": "Documented",
    "StrRightClickActionModify": "Modify",
    "StrnumorderInstanc": "1",
    "Struse_DocumentMeds": "True",
    "StrOrderFavorites": "XR Chest 1 View",
    "StrOrderSynonym1": "abacavir 300 mg oral tablet",
    "StrOrderSynonym2": "Ziagen 300 mg oral tablet",
    "StrMedicationOrder": "aspirin",
    "StrOrderInstance": "1",
    "StrOrderIntervalFrequency": "aspirin",
    "Strfrequency_intervalfrequency": "q6hr",
    "Struse_PrintOrderSheet": "False",
    "Struse_ProblemDiagnosis": "True",
    "StrOrderDiagnosis": "acetaminophen 325 mg oral tablet",
    "StrOrderProblem": "aspiirn 81 mg oral tablet",
    "StrorderDuplicate": "CBC",
    "StrOrderTaper": "predniSONE oral for Taper",
    "IntOrderInstance": "1",
    "StrOrderFuture": "XR Chest 1 View",
    "StrOrderUnscheduled": "Medrol",
    "StrOrderUnscheduledValue": "OnCall",
    "StrOrderOneTimeFreq": "lasix 20 mg oral tablet",
    "StrOrderOneTimeFreqValue": "once",
    "StrOrderDuration": "ampicillin injection",
    "StrOrderDetailsFieldName": "Duration",
    "StrOrderHardstop": "norco 5 mg-325 mg oral tablet",
    "StrDateTime_FieldName": "Start Date",
    "StrAdministration": "TRUE",
    "StrDateEntry": "T",
    "StrTimeEntry": "N",
    "StrSkipAdmin": "",
    "StrOrderSoftstop": "HYDROcodone-ibuprofen 7.5 mg-200 mg oral tablet",
    "StrFIN": "",
    "StrOrderEnchancedReOrder": "aspirin",
    "StrOrderEnhancedValue": "BID",
    "StrDateTime_FieldName1": "Stop Date",
    "Struse_supendResume": "True",
    "Struse_OrderCopy": "False",
    "Struse_OrderVoid": "True",
    "Struse_OrderNurseReview": "True",
    "Struse_OrderComplete": "True",
    "StrRightclickAction_Void": "Delete",
    "StrOrderNonMed": "XR Chest 1 View",
    "StrAddtiveName": "Potassium Chloride",
    "strValidateModifyStatus": "Ordered",
    "StrValidate_MultipleRx": "Ordered",
    "StrValidate_Suspend": "",
    "StrValidate_Resume": "",
    "StrOrderComplete":"Reposition",
    "StrPhysician_Username": "PHYSHOSP47",
    "StrPhysician_Password": "cerner",
    "StrOrder_Prescription1": "carvedilol 25 mg oral tablet",
    "StrOrder_Prescription2": "simvastatin 20 mg oral tablet",
    "StrOrder_Prescription3": "levothyroxine 100 mcg (0.1 mg) oral tablet",
    "StrOrder_Prescription4": "furosemide 20 mg oral tablet",
    "StrorderMisc": "Misc RX Supply",
    "StrOrder_DocumentMedHx_Presc": "Aspirin",
    "StrOrder_Inpatient": "Medrol 4 mg oral tablet",
    "StrOrder_Prescription5": "carvedilol 25 mg oral tablet",
    "Struse_ProposeRenewals": "False",
    "Struse_ConvertInpatient": "True",
    "Struse_ConvertRx": "True",
    "Struse_CompleteRx": "True",
    "Struse_VoidRx": "True",
    "Struse_supendResumeRx": "False",
    "Struse_CancelReorderRx": "False",
    "Struse_DiscontinueRx": "False",
    "Struse_MiscPrescription": "True",
    "Struse_copyPrescription": "False",
    "Struse_Referencetext": "False",
    "Struse_RenewPrescription": "True",
    "Struse_ModifyPrescription": "True",
    "StrOrderComment": "Testing Comments",
    "strOrdersentence_Prescriptions": "True",
    "Struse_MARSummary": "True",
    "Struse_Ivsite": "True",
    "StrOrderStatus": "",
    "StrorderPRN": "ketorolac",
    "Struse_CancelCharting": "True",
    "Struse_RescheduleDose": "True",
    "StrorderScheduledMed": "acetaminophen",
    "StrOrderMedInfo": "Routine",
    "StrOrderMedDose": "given",
    "StrOrderIVDose": "Pending",
    "StrorderIV": "D5W",
    "StrOrderIVInfo": "Routine",
    "Struse_AdditionalDose": "True",
    "Struse_ResponseTask": "True",
    "Struse_MARcomments": "True",
    "StrorderUnscheduled": "Medrol",
    "StrOrderPRNInfo": "Each",
    "StrOrderPRNDose": "given",
    "StrOrderUnscheduledInfo": "Routine",
    "StrOrderUnscheduledDose": "given",
    "Struse_Unchart": "True",
    "Struse_ChartNotDone": "True",
    "Struse_RescheduleAdminTimes": "True",
    "Struse_AdminNote": "True",
    "Struse_InfuseVolume": "False",
    "Struse_TherapeuticClassView": "False",
    "Struse_PlanView": "False",
    "StrOrderInfo": "",
    "StrOrderDose": "",
    "StrorderImmunization": "influenza virus vaccine",
    "StrorderImmunizationMedInfo": "Routine",
    "StrorderImmunizationMedDose": "given",
    "StrorderNurseWitness": "ketorolac",
    "StrorderNurseMedInfo": "Routine",
    "StrorderNurseMedDose": "given",
    "StrorderAutoVerify": "Medrol",
    "strValidate_AutoVerify": "Ordered",
    "StrorderIntermittentMed": "ceFAZolin injection",
    "StrOrderInterMedInfo": "",
    "StrOrderInterMedDose": "",
    "StrorderIntermittentIV": "ceFAZolin injection",
    "StrOrderInterIVInfo": "",
    "StrOrderInterIVDose": "",
    "StrorderDTA": "ketorolac",
    "StrOrderDTAIVInfo": "eye",
    "StrOrderDTADose": "given",
    "StrOrder_IVMAW": "",
    "StrOrderMAW1": "amoxicillin 250 mg oral capsule",
    "StrOrderMAW2": "acetaminophen 500 mg oral tablet",
    "StrOrderMultiIngredient": "Dextrose 5% in Water with KCl 20 mEq",
    "StrOrderMultiIngedientScan": "Epidural",
    "StrMedicationKeyword": "Routine",
    "StrTimeViewValue": "Cont",
    "StrReconciliationType_Admission": "Admission",
    "strPriorOrAfter1": "Prior",
    "strReconciliationOrderName1": [
        "Ambulate",
        "aspirin 300 mg rectal suppository"
    ],
    "strReconciliationOrderStatus1": "",
    "strRadioButton1": "Continue",
    "strPriorOrAfter2": "Prior",
    "strReconciliationOrderName2": "Medrol 4 mg oral tablet",
    "strReconciliationOrderStatus2": "",
    "strRadioButton2": "Continue",
    "strPriorOrAfter3": "Prior",
    "strReconciliationOrderName3": "carvedilol 25 mg oral tablet",
    "strReconciliationOrderStatus3": "",
    "strRadioButton3": "DNC",
    "strPriorOrAfter4": "After",
    "strReconciliationOrderName4": "simvastatin 20 mg oral tablet",
    "strReconciliationOrderStatus4": "",
    "strRadioButton4": "Continue",
    "StrReconciliationType_Transfer": "Transfer",
    "StrReconciliationType_Discharge": "Discharge",
    "strRightClickAction_CnvtIPtoPrescription": "Convert",
    "StrStatus_Admission": "Admission",
    "StrTooltipText": "Complete",
    "StrStatus_Discharge": "Discharge",
    "StrTooltipText_Discharge": "Complete",
    "strRightClickAction_Modify": "Modify",
    "Struse_VoidReconciliation": "Delete",
    "StrVoid_option": "",
    "Struse_SuspendResumeReconciliation": "True",
    "StrorderSinglephase": "PACU (Adult) PowerPlan2",
    "StrOrderA_Singlephase": "morphine",
    "StrOrderB_Singlephase": "PACU Discharge",
    "StrOrderC_Singlephase": "Communication Order",
    "StrOrderD_Singlephase": "XR Chest",
    "StrorderE_Singlephase": "aspirin",
    "StrorderMultiphase": "RAD Arteriogram/Venogram Protocol",
    "Strphase1_Multiphase": "Pre Procedure",
    "IntnumOccuranceCount": "1",
    "StrOrderA_Multiphase1": "Clear Liquid Diet",
    "StrOrderA_Multiphase2": "Diet as tolerated",
    "StrOrderA_Multiphase3": "",
    "StrOrderB_Multiphase1": "NS",
    "StrOrderB_Multiphase2": "Clear Liquid Diet",
    "StrOrderB_Multiphase3": "",
    "StrOrderC_Multiphase1": "CBC",
    "StrOrderC_Multiphase2": "Message to Pharmacy",
    "StrOrderC_Multiphase3": "",
    "StrOrderD_Multiphase1": "Obtain Consent",
    "StrOrderD_Multiphase2": "Frequency Vital Signs",
    "StrOrderD_Multiphase3": "",
    "StrOrderE_Multiphase1": "Notify MD if",
    "StrOrderE_Multiphase2": "Sodium Chloride 0.9%",
    "StrOrderE_Multiphase3": "",
    "Strphase2_Multiphase": "Post Procedure",
    "Strphase3_Multiphase": "N/A",
    "Struse_DiscontinuePlans": "True",
    "strReason_Discontinue": "Add",
    "strReasonDiscontinue_IPOC": "a",
    "StrDiscontinueOrder": "morphine",
    "StrorderIPOC": "False",
    "Stroutcome1_IPOC": "",
    "Stroutcome2_IPOC": "",
    "Strintervention_IPOC": "",
    "StrDiscontinueOrder_IPOC": "",
    "StrOrderSentence": "mg",
    "StrComponentStatus": "11/25/2024",
    "StrorderCopyForward": "PACU (Adult) PowerPlan2",
    "StrorderEvidenceLink": "False",
    "StrorderRxPlan": "False",
    "StrOrder_Prescription1RxPlan": "",
    "StrOrder_Prescription2RxPlan": "",
    "StrOrderFuturePlan": "False",
    "StrorderSequencePlan": "",
    "StrorderDiagnosisPlan": [
        "Ambulate",
        "aspirin 300 mg rectal suppository"
    ],
    "StrDiagnosis_Plan": "",
    "StrorderLabCollect1": "",
    "StrorderLabCollect2": "",
    "StrorderLabCollect3": "",
    "Struse_EnhancedSchedule": "False",
    "StrorderRouteforReview": "",
    "StrProposePlan": "",
    "StrOrderMedStudent":"False"
}