{
    "StrClientName": "FAIR_AK C1954",
    "StrUsername_DBA": "RS091347",
    "StrPassword_DBA": "cerner",
    "StrUsername_RN": "RS091347C",
    "StrPassword_RN": "cerner*1",
    "StrUsername_MED": "RS091347A",
    "StrPassword_MED": "cerner*1",
    "StrAllergy_Mode": "Flat",
    "StrAllergyName": "aspirin",
    "StrReactionName": "Rash",
    "StrAllergy_Action": "Modify",
    "StrAllergy_Modify": "True",
    "StrAllergyRemove_MCDS": "True",
    "StrAllergyActions_MCDS": "True",
    "StrDuplicate_MCDS": "True",
    "strOrderType": "Inpatient",
    "StrOrder_Allergy1": "ketorolac",
    "strOrderSentence": "morphine",
    "StrPhysicianUserName": "RS091347B",
    "StrOrderOrProposal": "",
    "StrCommunicationType": "Verbal",
    "strOverrideReason": "Contraindicated",
    "strInteractions": "Apply to All",
    "StrOrder_Allergy2": "ibuprofen",
    "StrInteractionCategory": " Drug",
    "StrDuplicate_OrderName": "CT Abdomen w/ Contrast",
    "strAllergyStatus": "Discontinue",
    "strAllergyStatus1": "Ordered",
    "IntAllergyInstance": "1",
    "strOrderType_Ambulatory": "",
    "StrOrder_Outpatient1": "",
    "StrOrder_Outpatient2": "",
    "StrOrder_Outpatient3": "",
    "StrDiagnosis1": "Cough",
    "StrDiagnosis2": "Fever",
    "StrDiagnosis3": "Cancer",
    "StrProblem1": "Pain",
    "StrProblem2": "Broken Nose",
    "strRightClickActionModify": "Modify",
    "strRightClickActionCancel_Reorder": "Reorder",
    "strRightClickActionCancel_DC": "Cancel/DC",
    "strOrderType_Prescriptions": "Meds as Rx",
    "StrOrder_Prescription_Outpatient4": "Zofran 4 mg oral tablet",
    "strRightClickActionConverAMB": "",
    "Struse_synonyms": "True",
    "Struse_OrderSentence": "True",
    "Struse_ReschduleTask": "True",
    "Struse_CancelReorderDC": "True",
    "Struse_favorites": "False",
    "Struse_Careset": "True",
    "StrorderCareset": "CPOE MED Admit to Critical Care Area",
    "StrCaresetOrderName": "CPOE ADT Admission Orders",
    "StrOrderSupergroup_Careset": "False",
    "StrOrderNested_Careset": "False",
    "StrOrdeMultipleRx": "acetaZOLAMIDE",
    "StrOrderDiluentAddtive": "D5W",
    "StrOrderDoseCalc": "acetaminophen",
    "StrOrderSlidingscale": "HumuLIN R 100 units",
    "StrOrderDocumentMed1": "acetaminophen",
    "StrOrderDocumentMed2": "aspirin",
    "StrOrderDocumentMed3": "gabapentin",
    "StrOrderDocumentMed4": "lisinopril",
    "StrOrderDocumentMed5": "clindamycin",
    "StrStatus": "Documented",
    "StrRightClickActionModify": "Modify",
    "StrnumorderInstanc": "1",
    "Struse_DocumentMeds": "True",
    "StrOrderFavorites": "morphine",
    "StrOrderSynonym1": "ceFAZolin",
    "StrOrderSynonym2": "ANCEF",
    "StrMedicationOrder": "morphine",
    "StrOrderInstance": "1",
    "StrOrderIntervalFrequency": "aspirin",
    "Strfrequency_intervalfrequency": "Q6H",
    "Struse_PrintOrderSheet": "False",
    "Struse_ProblemDiagnosis": "False",
    "StrOrderDiagnosis": "False",
    "StrOrderProblem": "False",
    "StrorderDuplicate": "CT Abdomen w/ Contrast",
    "StrOrderTaper": "False",
    "IntOrderInstance": "1",
    "StrOrderFuture": "False",
    "StrOrderUnscheduled": "morphine",
    "StrOrderUnscheduledValue": "Oncall",
    "StrOrderOneTimeFreq": "Cervaix",
    "StrOrderOneTimeFreqValue": "ONCE",
    "StrOrderDuration": "vital signs",
    "StrOrderDetailsFieldName": "Duration",
    "StrOrderHardstop": "False",
    "StrDateTime_FieldName": "Start dt/tm",
    "StrAdministration": "False",
    "StrDateEntry": "T",
    "StrTimeEntry": "N",
    "StrSkipAdmin": "True",
    "StrOrderSoftstop": "False",
    "StrFIN": "",
    "StrOrderEnchancedReOrder": "aspirin",
    "StrOrderEnhancedValue": "BID",
    "StrDateTime_FieldName1": "Stop date",
    "Struse_supendResume": "True",
    "Struse_OrderCopy": "True",
    "Struse_OrderVoid": "True",
    "Struse_OrderNurseReview": "True",
    "Struse_OrderComplete": "True",
    "StrRightclickAction_Void": "Void",
    "StrOrderNonMed": "XR Chest",
    "StrAddtiveName": "calcium acetate",
    "strValidateModifyStatus": "Modify",
    "StrValidate_MultipleRx": "Ordered",
    "StrValidate_Suspend": "Suspend",
    "StrValidate_Resume": "Resume",
    "StrPhysician_Username": "RS091347B",
    "StrPhysician_Password": "cerner",
    "StrOrder_Prescription1": "aspirin 81 mg oral tablet, chewable",
    "StrOrder_Prescription2": "Lipitor 10 mg oral tablet",
    "StrOrder_Prescription3": "norethindrone 0.35 mg oral tablet",
    "StrOrder_Prescription4": "Zofran 4 mg oral tablet",
    "StrorderMisc": "Misc RX Supply",
    "StrOrder_DocumentMedHx_Presc": "acetaminophen",
    "StrOrder_Inpatient": "Medrol",
    "StrOrder_Prescription5": "oxyCODONE 5 mg oral",
    "Struse_ProposeRenewals": "False",
    "Struse_ConvertInpatient": "True",
    "Struse_ConvertRx": "True",
    "Struse_CompleteRx": "False",
    "Struse_VoidRx": "True",
    "Struse_supendResumeRx": "True",
    "Struse_CancelReorderRx": "True",
    "Struse_DiscontinueRx": "True",
    "Struse_MiscPrescription": "True",
    "Struse_copyPrescription": "True",
    "Struse_Referencetext": "True",
    "Struse_RenewPrescription": "False",
    "Struse_ModifyPrescription": "True",
    "StrOrderComment": "Testing",
    "strOrdersentence_Prescriptions": "True",
    "Struse_MARSummary": "True",
    "Struse_Ivsite": "True",
    "StrOrderStatus": "",
    "StrorderPRN": "acetaminophen",
    "Struse_CancelCharting": "True",
    "Struse_RescheduleDose": "True",
    "StrorderScheduledMed": "promethazine",
    "StrOrderMedInfo": "",
    "StrOrderMedDose": "",
    "StrOrderIVDose": "Pending",
    "StrorderIV": "D5W",
    "StrOrderIVInfo": "",
    "Struse_AdditionalDose": "True",
    "Struse_ResponseTask": "True",
    "Struse_MARcomments": "False",
    "StrorderUnscheduled": "morphine",
    "StrOrderPRNInfo": "",
    "StrOrderPRNDose": "",
    "StrOrderUnscheduledInfo": "",
    "StrOrderUnscheduledDose": "",
    "Struse_Unchart": "True",
    "Struse_ChartNotDone": "True",
    "Struse_RescheduleAdminTimes": "True",
    "Struse_AdminNote": "True",
    "Struse_InfuseVolume": "True",
    "Struse_TherapeuticClassView": "True",
    "Struse_PlanView": "False",
    "StrOrderInfo": "",
    "StrOrderDose": "",
    "StrorderImmunization": "hepatitis A adult vaccine",
    "StrorderImmunizationMedInfo": "",
    "StrorderImmunizationMedDose": "",
    "StrorderNurseWitness": "",
    "StrorderNurseMedInfo": "",
    "StrorderNurseMedDose": "",
    "StrorderAutoVerify": "",
    "strValidate_AutoVerify": "",
    "StrorderIntermittentMed": "Ethyol",
    "StrOrderInterMedInfo": "",
    "StrOrderInterMedDose": "",
    "StrorderIntermittentIV": "Angiomax 250mg in NS 50mL",
    "StrOrderInterIVInfo": "",
    "StrOrderInterIVDose": "",
    "StrorderDTA": "ADVIL",
    "StrOrderDTAIVInfo": "",
    "StrOrderDTADose": "",
    "StrOrder_IVMAW": "D5W",
    "StrOrderMAW1": "promethazine",
    "StrOrderMAW2": "acetaminophen",
    "StrOrderMultiIngredient": "D5W w/KCl 20 mEq/L",
    "StrOrderMultiIngedientScan": "D5W w",
    "StrMedicationKeyword": "Bag",
    "StrTimeViewValue": "Continuous",
    "StrReconciliationType_Admission": "Admission",
    "strPriorOrAfter1": "",
    "strReconciliationOrderName1": "aspirin",
    "strReconciliationOrderStatus1": "",
    "strRadioButton1": "",
    "strPriorOrAfter2": "",
    "strReconciliationOrderName2": "Medrol",
    "strReconciliationOrderStatus2": "",
    "strRadioButton2": "",
    "strPriorOrAfter3": "",
    "strReconciliationOrderName3": "oxyCODONE 5 mg oral",
    "strReconciliationOrderStatus3": "",
    "strRadioButton3": "",
    "strPriorOrAfter4": "",
    "strReconciliationOrderName4": "Lipitor 10 mg oral tablet",
    "strReconciliationOrderStatus4": "",
    "strRadioButton4": "",
    "StrReconciliationType_Transfer": "",
    "StrReconciliationType_Discharge": "Discharge",
    "strRightClickAction_CnvtIPtoPrescription": "",
    "StrStatus_Admission": "",
    "StrTooltipText": "",
    "StrStatus_Discharge": "",
    "StrTooltipText_Discharge": "",
    "strRightClickAction_Modify": "",
    "Struse_VoidReconciliation": "True",
    "StrVoid_option": "",
    "Struse_SuspendResumeReconciliation": "",
    "StrorderSinglephase": "OB General Nursing Orders",
    "StrOrderA_Singlephase": "OB Braden Scale",
    "StrOrderB_Singlephase": "OB System Assessment",
    "StrOrderC_Singlephase": "Update and Review Nursing",
    "StrOrderD_Singlephase": "Hourly Patient Rounds",
    "StrorderE_Singlephase": "Medrol",
    "StrorderMultiphase": "False",
    "Strphase1_Multiphase": "N/A",
    "IntnumOccuranceCount": "1",
    "StrOrderA_Multiphase1": "",
    "StrOrderA_Multiphase2": "",
    "StrOrderA_Multiphase3": "",
    "StrOrderB_Multiphase1": "",
    "StrOrderB_Multiphase2": "",
    "StrOrderB_Multiphase3": "",
    "StrOrderC_Multiphase1": "",
    "StrOrderC_Multiphase2": "",
    "StrOrderC_Multiphase3": "",
    "StrOrderD_Multiphase1": "",
    "StrOrderD_Multiphase2": "",
    "StrOrderD_Multiphase3": "",
    "StrOrderE_Multiphase1": "",
    "StrOrderE_Multiphase2": "",
    "StrOrderE_Multiphase3": "",
    "Strphase2_Multiphase": "",
    "Strphase3_Multiphase": "",
    "Struse_DiscontinuePlans": "True",
    "strReason_Discontinue": "add",
    "strReasonDiscontinue_IPOC": "",
    "StrDiscontinueOrder": "OB Branden",
    "StrorderIPOC": "False",
    "Stroutcome1_IPOC": "",
    "Stroutcome2_IPOC": "",
    "Strintervention_IPOC": "",
    "StrDiscontinueOrder_IPOC": "",
    "StrOrderSentence": "mg",
    "StrComponentStatus": "",
    "StrorderCopyForward": "False",
    "StrorderEvidenceLink": "False",
    "StrorderRxPlan": "False",
    "StrOrder_Prescription1RxPlan": "",
    "StrOrder_Prescription2RxPlan": "",
    "StrOrderFuturePlan": "False",
    "StrorderSequencePlan": "False",
    "StrorderDiagnosisPlan": "False",
    "StrDiagnosis_Plan": "False",
    "StrorderLabCollect1": "",
    "StrorderLabCollect2": "",
    "StrorderLabCollect3": "",
    "Struse_EnhancedSchedule": "True",
    "StrorderRouteforReview": "False",
    "StrProposePlan": "False",
    "StrOrderComplete":"CT Abdomen",
    "StrOrderMedStudent":"False"
}