{
    "StrClientName": "GHS_IA",
    "StrUsername_DBA": "UCDBA",
    "StrPassword_DBA": "cerner*1",
    "StrUsername_RN": 
        "RNED"
    ,
    "StrPassword_RN": 
        "cerner*1"
    ,
    "StrUsername_MED": "UCDBA",
    "StrPassword_MED": "cerner*1",
    "StrAllergy_Mode": "Popup",
    "StrAllergyName": "amoxicillin",
    "StrReactionName": "Rash",
    "StrAllergy_Action": "Modify",
    "StrAllergy_Modify": "False",
    "StrAllergyRemove_MCDS": "True",
    "StrAllergyActions_MCDS": "True",
    "StrDuplicate_MCDS": "False",
    "strOrderType": "Inpatient",
    "StrOrder_Allergy1": "Ketorolac",
    "strOrderSentence": "Demerol",
    "StrPhysicianUserName": 
        "EDMD"
    ,
    "StrOrderOrProposal": "Order",
    "StrCommunicationType": "Verbal",
    "strOverrideReason": "Acknowledge",
    "strInteractions": "Apply to All",
    "StrOrder_Allergy2": "aspirin   ",
    "StrInteractionCategory": "False",
    "StrDuplicate_OrderName": "General Diet",
    "strAllergyStatus": "Apply to All",
    "strAllergyStatus1": "False",
    "IntAllergyInstance": "1",
    "strOrderType_Ambulatory": [
        "Ambulatory - In Office",
        "Meds in Office"
    ],
    "StrOrder_Outpatient1": "Aspirin",
    "StrOrder_Outpatient2": "Amoxicillin",
    "StrOrder_Outpatient3": "Acetaminophen",
    "StrDiagnosis1": 
        "asthma",
       
    "StrDiagnosis2": 
        "Cough",
       
    "StrDiagnosis3": "Rash",
    "StrProblem1": "Pain",
    "StrProblem2": "Broken Nose",
    "strRightClickActionModify": "Modify",
    "strRightClickActionCancel_Reorder": "Reorder",
    "strRightClickActionCancel_DC": "Cancel/DC",
    "strOrderType_Prescriptions": 
        "Discharge Meds",
        
    "StrOrder_Prescription_Outpatient4": "lovastatin 10 mg oral tablet",
    "strRightClickActionConverAMB": "False",
    "Struse_synonyms": "True",
    "Struse_OrderSentence": "True",
    "Struse_ReschduleTask": "No",
    "Struse_CancelReorderDC": "True",
    "Struse_favorites": "True",
    "Struse_Careset": "False",
    "StrorderCareset": "Adult TPN/Lipids Orders",
    "StrCaresetOrderName": "Adult TPN/Lipids Orders",
    "StrOrderSupergroup_Careset": "False",
    "StrOrderNested_Careset": "False",
    "StrOrdeMultipleRx": "MORPHine",
    "StrOrderDiluentAddtive": 
        "potassium acetate",
       
    "StrOrderDoseCalc": "Zofran",
    "StrOrderSlidingscale": "False",
    "StrOrderDocumentMed1": "acetaminophen  ",
    "StrOrderDocumentMed2": "gabapentin 100 mg oral capsule",
    "StrOrderDocumentMed3": "aspirin 325 mg oral tablet",
    "StrOrderDocumentMed4": "lithium 150 mg oral capsule",
    "StrOrderDocumentMed5": "lisinopril 2.5 mg oral tablet",
    "StrStatus": "Documented",
    "StrRightClickActionModify": "Modify",
    "StrnumorderInstanc": "1",
    "Struse_DocumentMeds": "True",
    "StrOrderFavorites": "Demerol",
    "StrOrderSynonym1": "Roxanol",
    "StrOrderSynonym2": "MORPHine",
    "StrMedicationOrder": "Demerol",
    "StrOrderInstance": "1",
    "StrOrderIntervalFrequency": "False",
    "Strfrequency_intervalfrequency": "q6hr",
    "Struse_PrintOrderSheet": "True",
    "Struse_ProblemDiagnosis": "True",
    "StrOrderDiagnosis": "ibuprofen",
    "StrOrderProblem": "ibuprofen",
    "StrorderDuplicate": "General Diet",
    "StrOrderTaper": "False",
    "IntOrderInstance": "1",
    "StrOrderFuture": "Covid-19 IA state lab",
    "StrOrderUnscheduled": "MORPHine",
    "StrOrderUnscheduledValue": "OT (Unscheduled)",
    "StrOrderOneTimeFreq": "PT Eval & Treat",
    "StrOrderOneTimeFreqValue": "x1",
    "StrOrderDuration": "Ambulate",
    "StrOrderDetailsFieldName": "Duration",
    "StrOrderHardstop": "Demerol",
    "StrDateTime_FieldName": "Start Date",
    "StrAdministration": "TRUE",
    "StrDateEntry": "T",
    "StrTimeEntry": "N",
    "StrSkipAdmin": "False",
    "StrOrderSoftstop": "fentanyl",
    "StrFIN": "False",
    "StrOrderEnchancedReOrder": "aspirin",
    "StrOrderEnhancedValue": "BID",
    "StrDateTime_FieldName1": "Stop Date",
    "Struse_supendResume": "True",
    "Struse_OrderCopy": "True",
    "Struse_OrderVoid": "True",
    "Struse_OrderNurseReview": "True",
    "Struse_OrderComplete": "No",
    "StrRightclickAction_Void": "False",
    "StrOrderNonMed": "Chest routine PA/Lat",
    "StrAddtiveName": 
        "potassium acetate",
       
    "strValidateModifyStatus": "Ordered",
    "StrValidate_MultipleRx": "Ordered",
    "StrValidate_Suspend": "False",
    "StrValidate_Resume": "False",
    "StrPhysician_Username":
        "EDMD"
    ,
    "StrPhysician_Password": 
        "Cerner*1"
    ,
    "StrOrder_Prescription1": 
        "aspirin 81 mg ",
        
    "StrOrder_Prescription2": 
        "acetaminophen 80 mg",
    "StrOrder_Prescription3": "albuterol 4 mg oral tablet",
    "StrOrder_Prescription4": "lovastatin 10 mg oral tablet",
    "StrorderMisc": "Misc. Medication",
    "StrOrder_DocumentMedHx_Presc": "Aspirin",
    "StrOrder_Inpatient": "Medrol",
    "StrOrder_Prescription5": 
        "aspirin 81 mg oral capsule",
        
    "Struse_ProposeRenewals": "True",
    "Struse_ConvertInpatient": "True",
    "Struse_ConvertRx": "True",
    "Struse_CompleteRx": "True",
    "Struse_VoidRx": "No",
    "Struse_supendResumeRx": "No",
    "Struse_CancelReorderRx": "True",
    "Struse_DiscontinueRx": "True",
    "Struse_MiscPrescription": "True",
    "Struse_copyPrescription": "True",
    "Struse_Referencetext": "True",
    "Struse_RenewPrescription": "True",
    "Struse_ModifyPrescription": "True",
    "StrOrderComment": "Testing Comments",
    "strOrdersentence_Prescriptions": "True",
    "Struse_MARSummary": "True",
    "Struse_Ivsite": "True",
    "StrOrderStatus": "False",
    "StrorderPRN": "ibuprofen",
    "Struse_CancelCharting": "True",
    "Struse_RescheduleDose": "True",
    "StrorderScheduledMed": "Lasix",
    "StrOrderMedInfo": "False",
    "StrOrderMedDose": "False",
    "StrOrderIVDose": "Pending",
    "StrorderIV": "D5W",
    "StrOrderIVInfo": "False",
    "Struse_AdditionalDose": "True",
    "Struse_ResponseTask": "True",
    "Struse_MARcomments": "True",
    "StrorderUnscheduled": "MORPHine",
    "StrOrderPRNInfo": "False",
    "StrOrderPRNDose": "False",
    "StrOrderUnscheduledInfo": "False",
    "StrOrderUnscheduledDose": "False",
    "Struse_Unchart": "True",
    "Struse_ChartNotDone": "True",
    "Struse_RescheduleAdminTimes": "No",
    "Struse_AdminNote": "True",
    "Struse_InfuseVolume": "True",
    "Struse_TherapeuticClassView": "No",
    "Struse_PlanView": "No",
    "StrOrderInfo": "False",
    "StrOrderDose": "False",
    "StrorderImmunization": "influenza virus vaccine, live quadrivalent nasal spray",
    "StrorderImmunizationMedInfo": "False",
    "StrorderImmunizationMedDose": "False",
    "StrorderNurseWitness": "Insulin ",
    "StrorderNurseMedInfo": "False",
    "StrorderNurseMedDose": "False",
    "StrorderAutoVerify": "ibuprofen",
    "strValidate_AutoVerify": "False",
    "StrorderIntermittentMed": "Sodium Chloride 0.9%",
    "StrOrderInterMedInfo": "False",
    "StrOrderInterMedDose": "False",
    "StrorderIntermittentIV": "Rocephin-Lidocaine 1% IM",
    "StrOrderInterIVInfo": "False",
    "StrOrderInterIVDose": "False",
    "StrorderDTA": "insulin aspart-insulin aspart protamine",
    "StrOrderDTAIVInfo": "False",
    "StrOrderDTADose": "False",
    "StrOrder_IVMAW": "False",
    "StrOrderMAW1": "Lasix",
    "StrOrderMAW2": "MORPHine",
    "StrOrderMultiIngredient": "False",
    "StrOrderMultiIngedientScan": "Epidural",
    "StrMedicationKeyword": "Routine",
    "StrTimeViewValue": "Cont",
    "StrReconciliationType_Admission": "Admission",
    "strPriorOrAfter1": "Prior",
    "strReconciliationOrderName1": [
        "Vital Signs",
        "ibuprofen"
    ],
    "strReconciliationOrderStatus1": "False",
    "strRadioButton1": "Continue",
    "strPriorOrAfter2": "Prior",
    "strReconciliationOrderName2": "Medrol",
    "strReconciliationOrderStatus2": "False",
    "strRadioButton2": "Continue",
    "strPriorOrAfter3": "Prior",
    "strReconciliationOrderName3": 
        "aspirin 81 mg oral capsule",
        
    "strReconciliationOrderStatus3": "False",
    "strRadioButton3": "DNC",
    "strPriorOrAfter4": "After",
    "strReconciliationOrderName4": 
        "acetaminophen 80 mg oral tablet, chewable",
        
    "strReconciliationOrderStatus4": "False",
    "strRadioButton4": "Continue",
    "StrReconciliationType_Transfer": "Transfer",
    "StrReconciliationType_Discharge": "Discharge",
    "strRightClickAction_CnvtIPtoPrescription": "Convert",
    "StrStatus_Admission": "Admission",
    "StrTooltipText": "Complete",
    "StrStatus_Discharge": "Discharge",
    "StrTooltipText_Discharge": "Complete",
    "strRightClickAction_Modify": "Modify",
    "Struse_VoidReconciliation": "False",
    "StrVoid_option": "False",
    "Struse_SuspendResumeReconciliation": "True",
    "StrorderSinglephase": "Adult Admission",
    "StrOrderA_Singlephase": "Vital Signs",
    "StrOrderB_Singlephase": "Weigh Patient",
    "StrOrderC_Singlephase": "Basic Metabolic Panel",
    "StrOrderD_Singlephase": "Pepcid",
    "StrorderE_Singlephase": "Zofran",
    "StrorderMultiphase": "False",
    "Strphase1_Multiphase": "False",
    "IntnumOccuranceCount": "1",
    "StrOrderA_Multiphase1": "hemogram w/ platelet",
    "StrOrderA_Multiphase2": "Ancillary service request",
    "StrOrderA_Multiphase3": "HCG qualitative, S",
    "StrOrderB_Multiphase1": "US fetal biophysical",
    "StrOrderB_Multiphase2": "hemogram w/ platelet",
    "StrOrderB_Multiphase3": "Hemoglobin A1C",
    "StrOrderC_Multiphase1": "Ancillary service request",
    "StrOrderC_Multiphase2": "glucose level serum",
    "StrOrderC_Multiphase3": "Protein Urine 24 hr",
    "StrOrderD_Multiphase1": "False",
    "StrOrderD_Multiphase2": "False",
    "StrOrderD_Multiphase3": "False",
    "StrOrderE_Multiphase1": "False",
    "StrOrderE_Multiphase2": "False",
    "StrOrderE_Multiphase3": "False",
    "Strphase2_Multiphase": "28 (Before 28wk Appt)",
    "Strphase3_Multiphase": "Misc OB",
    "Struse_DiscontinuePlans": "True",
    "strReason_Discontinue": "a",
    "strReasonDiscontinue_IPOC": "a",
    "StrDiscontinueOrder": "False",
    "StrorderIPOC": "Anxiety IPOC",
    "Stroutcome1_IPOC": "Ability to state activities that reduce stress",
    "Stroutcome2_IPOC": "Patient Specific Goal #1",
    "Strintervention_IPOC": "Patient Specific Goal #2",
    "StrDiscontinueOrder_IPOC": "False",
    "StrOrderSentence": "mg",
    "StrComponentStatus": "11/25/2024",
    "StrorderCopyForward": "False",
    "StrorderEvidenceLink": "ORTHO Total Knee Pre-Op",
    "StrorderRxPlan": "False",
    "StrOrder_Prescription1RxPlan": "False",
    "StrOrder_Prescription2RxPlan": "False",
    "StrOrderFuturePlan": "False",
    "StrorderSequencePlan": "False",
    "StrorderDiagnosisPlan": 
        "Vital Signs",
      
    "StrDiagnosis_Plan": "Dav CV Surg Open Heart Ambulatory Pre-Op",
    "StrorderLabCollect1": "False",
    "StrorderLabCollect2": "False",
    "StrorderLabCollect3": "False",
    "Struse_EnhancedSchedule": "True",
    "StrorderRouteforReview": "False",
    "StrProposePlan": "False"
}