{
   
    "TestedBy": "RS091347",
"ClientMnemonic": "GNRL_TX",
"TTPurpose": "UCMS_GNRL_TX_M100_Test",
"Domain": "M100",
"SolutionName": "Orders Management",
    "StrClientName": "GNRL_TX M100",
    "StrUsername_DBA": "RS091347A",
    "StrPassword_DBA": "cerner*1",
    "StrUsername_RN": 
        "RS091347A",
    "StrPassword_RN": [
        
        "cerner*1"
    ],
    "StrUsername_MED": "SN100932E",
    "StrPassword_MED": "cerner*1",
    "StrAllergy_Mode": "Flat",
    "StrAllergyName": "aspirin",
    "StrReactionName": "Rash",
    "StrAllergy_Action": "Modify",
    "StrAllergy_Modify": "True",
    "StrAllergyRemove_MCDS": "True",
    "StrAllergyActions_MCDS": "True",
    "StrDuplicate_MCDS": "False",
    "strOrderType": "Inpatient",
    "StrOrder_Allergy1": "amoxicillin",
    "strOrderSentence": "mg",
    "StrPhysicianUserName":"RS091347B",
    "StrOrderOrProposal": "Order",
    "StrCommunicationType": "Verbal",
    "strOverrideReason": "Acknowledge",
    "strInteractions": "Apply to All",
    "StrOrder_Allergy2": "aspirin chewable tab",
    "StrInteractionCategory": "",
    "StrDuplicate_OrderName": "CBC w/ Auto Diff",
    "strAllergyStatus": "Apply to All",
    "strAllergyStatus1": "",
    "IntAllergyInstance": "1",
    "strOrderType_Ambulatory": [
       
        "Ambulatory - In Office"
    ],
    "StrOrder_Outpatient1": "Aspirin",
    "StrOrder_Outpatient2": "Amoxicillin",
    "StrOrder_Outpatient3": "Acetaminophen",
    "StrDiagnosis1": 
        "Cancer",
        
    
    "StrDiagnosis2": "Pleurodynia",
    "StrDiagnosis3": "Hyperlipidemia",
    "StrProblem1": "Pain",
    "StrProblem2": "Broken Nose",
    "strRightClickActionModify": "Modify",
    "strRightClickActionCancel_Reorder": "Reorder",
    "strRightClickActionCancel_DC": "Cancel/Disc",
    "strOrderType_Prescriptions": "Discharge Meds as Rx",
    "StrOrder_Prescription_Outpatient4": "acetaminophen 500 mg oral tablet",
    "strRightClickActionConverAMB": "Convert",
    "Struse_synonyms": "True",
    "Struse_OrderSentence": "True",
    "Struse_ReschduleTask": "True",
    "Struse_CancelReorderDC": "True",
    "Struse_favorites": "True",
    "Struse_Careset": "True",
    "StrorderCareset": "Newborn Circumcision",
    "StrCaresetOrderName": "Communication Order",
    "StrOrderSupergroup_Careset": "False",
    "StrOrderNested_Careset": "False",
    "StrOrdeMultipleRx": "DOPAMINE 24HR URINE",
    "StrOrderDiluentAddtive": "D5W",
    "StrOrderDoseCalc": "HYDROmorphone",
    "StrOrderSlidingscale": "False",
    "StrOrderDocumentMed1": "acetaminophen 80 mg oral tablet",
    "StrOrderDocumentMed2": "gabapentin 100 mg oral capsule",
    "StrOrderDocumentMed3": "aspirin 325 mg oral tablet",
    "StrOrderDocumentMed4": "lithium 150 mg oral capsule",
    "StrOrderDocumentMed5": "lisinopril 2.5 mg oral tablet",
    "StrStatus": "Documented",
    "StrRightClickActionModify": "Modify",
    "StrnumorderInstanc": "1",
    "Struse_DocumentMeds": "True",
    "StrOrderFavorites": "aspirin",
    "StrOrderSynonym1": "PTT",
    "StrOrderSynonym2": "APTT",
    "StrMedicationOrder": "aspirin",
    "StrOrderInstance": "1",
    "StrOrderIntervalFrequency": "acetaminophen",
    "Strfrequency_intervalfrequency": "q6hr",
    "Struse_PrintOrderSheet": "True",
    "Struse_ProblemDiagnosis": "True",
    "StrOrderDiagnosis": "CMP",
    "StrOrderProblem": "Medrol",
    "StrorderDuplicate": "CBC w/ Auto Diff",
    "StrOrderTaper": "prednisone",
    "IntOrderInstance": "1",
    "StrOrderFuture": "BMP",
    "StrOrderUnscheduled": "Cefazolin", 
    
    "StrOrderUnscheduledValue": "On Call",
    "StrOrderOneTimeFreq": "PT Exercise",
    "StrOrderOneTimeFreqValue": "Once",
    "StrOrderDuration": "Oxygen Therapy",
    "StrstrOrderDetailsFieldName": "Duration",
    "StrOrderHardstop": "amoxicillin",
    "StrDateTime_FieldName": "Start Date",
    "StrAdministration": "True",
    "StrDateEntry": "T",
    "StrTimeEntry": "N",
    "StrSkipAdmin": "True",
    "StrOrderSoftstop": "False",
    "StrFIN": "",
    "StrOrderEnchancedReOrder": "aspirin",
    "StrOrderEnhancedValue": "BID",
    "StrDateTime_FieldName1": "Stop Date",
    "Struse_supendResume": "False",
    "Struse_OrderCopy": "True",
    "Struse_OrderVoid": "True",
    "Struse_OrderNurseReview": "True",
    "Struse_OrderComplete": "True",
    "StrRightclickAction_Void": "",
    "StrOrderNonMed": "Bedrest",
    "StrAddtiveName": "potassium chloride",
    "strValidateModifyStatus": "Ordered",
    "StrValidate_MultipleRx": "Ordered",
    "StrValidate_Suspend": "",
    "StrValidate_Resume": "",
    "StrPhysician_Username": 
        "RS091347B",
       
    "StrPhysician_Password": 
      
        "cerner*1",
    "StrOrder_Prescription1": [
        "acetaminophen 500 mg oral tablet",
        "ibuprofen 100 mg oral tablet",
        "Lisinopril 10 mg oral tablet"
    ],
    "StrOrder_Prescription2": [
        "lisinopril 10 mg oral tablet",
        "CeleBREX 100 mg oral capsule"
    ],
    "StrOrder_Prescription3": "lisinopril 10 mg oral tablet",
    "StrOrder_Prescription4": "acetaminophen 500 mg oral tablet",
    "StrorderMisc": "Misc Prescription",
    "StrOrder_DocumentMedHx_Presc": "Aspirin",
    "StrOrder_Inpatient": "furosemide",
    "StrOrder_Prescription5": [
        "acetaminophen 500 mg oral tablet",
        "ibuprofen 100 mg oral tablet",
        "Lisinopril 10 mg oral tablet"
    ],
    "Struse_ProposeRenewals": "False",
    "Struse_ConvertInpatient": "True",
    "Struse_ConvertRx": "True",
    "Struse_CompleteRx": "True",
    "Struse_VoidRx": "False",
    "Struse_supendResumeRx": "True",
    "Struse_CancelReorderRx": "False",
    "Struse_DiscontinueRx": "True",
    "Struse_MiscPrescription": "True",
    "Struse_copyPrescription": "True",
    "Struse_Referencetext": "True",
    "Struse_RenewPrescription": "False",
    "Struse_ModifyPrescription": "True",
    "StrOrderComment": "Testing Comments",
    "strOrdersentence_Prescriptions": "True",
    "Struse_MARSummary": "True",
    "Struse_Ivsite": "True",
    "StrOrderStatus": "",
    "StrorderPRN": "acetaminophen",
    "Struse_CancelCharting": "False",
    "Struse_RescheduleDose": "True",
    "StrorderScheduledMed": "furosemide",
    "StrOrderMedInfo": "Daily",
    "StrOrderMedDose": "given",
    "StrOrderIVDose": "Pending",
    "StrorderIV": "Dextrose 5% in Water intravenous",
    "StrOrderIVInfo": "Start",
    "Struse_AdditionalDose": "True",
    "Struse_ResponseTask": "True",
    "Struse_MARcomments": "True",
    "StrorderUnscheduled": [
        "Cefazolin IVPB 1 gm x1 ",
        "XR Chest 2 Views PA/LAT"
    ],
    "StrOrderPRNInfo": "PRN",
    "StrOrderPRNDose": "given",
    "StrOrderUnscheduledInfo": "",
    "StrOrderUnscheduledDose": "",
    "Struse_Unchart": "True",
    "Struse_ChartNotDone": "True",
    "Struse_RescheduleAdminTimes": "True",
    "Struse_AdminNote": "True",
    "Struse_InfuseVolume": "False",
    "Struse_TherapeuticClassView": "True",
    "Struse_PlanView": "False",
    "StrOrderInfo": "",
    "StrOrderDose": "",
    "StrorderImmunization": "poliovirus vaccine, inactivated",
    "StrorderImmunizationMedInfo": "Routine",
    "StrorderImmunizationMedDose": "given",
    "StrorderNurseWitness": "aspirin",
    "StrorderNurseMedInfo": "Daily",
    "StrorderNurseMedDose": "given",
    "StrorderAutoVerify": "aspirin",
    "strValidate_AutoVerify": "Ordered",
    "StrorderIntermittentMed": "Famotidine",
    "StrOrderInterMedInfo": "",
    "StrOrderInterMedDose": "",
    "StrorderIntermittentIV": "ValGANciclovir 450 mg oral tablet",
    "StrOrderInterIVInfo": "",
    "StrOrderInterIVDose": "",
    "StrorderDTA": "False",
    "StrOrderDTAIVInfo": "",
    "StrOrderDTADose": "",
    "StrOrder_IVMAW": "",
    "StrOrderMAW1": "furosemide",
    "StrOrderMAW2": "acetaminophen",
    "StrOrderMultiIngredient": "mylanta/lidocaine/nystatin 1:1:1 mouthwash",
    "StrOrderMultiIngedientScan": "Epidural",
    "StrMedicationKeyword": "Routine",
    "StrTimeViewValue": "Cont",
    "StrReconciliationType_Admission": "Admission",
    "strPriorOrAfter1": "Prior",
    "strReconciliationOrderName1": [
        "aspirin chewable tab",
        "medrol",
        "aspirin cheable tab"
    ],
    "strReconciliationOrderStatus1": "",
    "strRadioButton1": "Continue",
    "strPriorOrAfter2": "Prior",
    "strReconciliationOrderName2": "furosemide",
    "strReconciliationOrderStatus2": "",
    "strRadioButton2": "Continue",
    "strPriorOrAfter3": "Prior",
    "strReconciliationOrderName3": [
        "acetaminophen 500 mg oral tablet",
        "ibuprofen 100 mg oral tablet",
        "Lisinopril 10 mg oral tablet"
    ],
    "strReconciliationOrderStatus3": "",
    "strRadioButton3": "DNC",
    "strPriorOrAfter4": "After",
    "strReconciliationOrderName4": [
        "lisinopril 10 mg oral tablet",
        "CeleBREX 100 mg oral capsule"
    ],
    "strReconciliationOrderStatus4": "",
    "strRadioButton4": "Continue",
    "StrReconciliationType_Transfer": "",
    "StrReconciliationType_Discharge": "Discharge",
    "strRightClickAction_CnvtIPtoPrescription": "Convert",
    "StrStatus_Admission": "Admission",
    "StrTooltipText": "Complete",
    "StrStatus_Discharge": "Discharge",
    "StrTooltipText_Discharge": "Complete",
    "strRightClickAction_Modify": "Modify",
    "Struse_VoidReconciliation": "",
    "StrVoid_option": "",
    "Struse_SuspendResumeReconciliation": "True",
    "StrorderSinglephase": "IM General Medical Admission",
    "StrOrderA_Singlephase": "Weight",
    "StrOrderB_Singlephase": "Bedrest",
    "StrOrderC_Singlephase": "Vital Signs",
    "StrOrderD_Singlephase": "Ambulate",
    "StrorderE_Singlephase": "morphine",
    "StrorderMultiphase": "",
    "Strphase1_Multiphase": "",
    "IntnumOccuranceCount": "1",
    "StrOrderA_Multiphase1": "",
    "StrOrderA_Multiphase2": "",
    "StrOrderA_Multiphase3": "",
    "StrOrderB_Multiphase1": "",
    "StrOrderB_Multiphase2": "",
    "StrOrderB_Multiphase3": "",
    "StrOrderC_Multiphase1": "",
    "StrOrderC_Multiphase2": "",
    "StrOrderC_Multiphase3": "",
    "StrOrderD_Multiphase1": "",
    "StrOrderD_Multiphase2": "",
    "StrOrderD_Multiphase3": "",
    "StrOrderE_Multiphase1": "",
    "StrOrderE_Multiphase2": "",
    "StrOrderE_Multiphase3": "",
    "Strphase2_Multiphase": "",
    "Strphase3_Multiphase": "",
    "Struse_DiscontinuePlans": "True",
    "strReason_Discontinue": "Add",
    "strReasonDiscontinue_IPOC": "a",
    "StrDiscontinueOrder": "Vital Signs",
    "StrorderIPOC": "IPOC Antepartum",
    "Stroutcome1_IPOC": "Will understand and participate with plan of care",
    "Stroutcome2_IPOC": "Will remain stable and free of seizures",
    "Strintervention_IPOC": "Will dispaly fetal growth within normal limits",
    "StrDiscontinueOrder_IPOC": "",
    "StrOrderSentence": "mg",
    "StrComponentStatus": "11/25/2024",
    "StrorderCopyForward": "False",
    "StrorderEvidenceLink": "False",
    "StrorderRxPlan": "False",
    "StrOrder_Prescription1RxPlan": "",
    "StrOrder_Prescription2RxPlan": "",
    "StrOrderFuturePlan": "False",
    "StrorderSequencePlan": "False",
    "StrorderDiagnosisPlan": "False",
    "StrDiagnosis_Plan": "False",
    "StrorderLabCollect1": "Gross Tissue",
    "StrorderLabCollect2": "Cytology Non GYN",
    "StrorderLabCollect3": "Cytology Brushing",
    "Struse_EnhancedSchedule": "True",
    "StrorderRouteforReview": "",
    "StrProposePlan": ""
}