{
    "TestedBy": "RS091347",
    "ClientMnemonic": "HHSC_TX",
    "TTPurpose": "UCMS_HHSC_TX_M0579_Test",
    "Domain": "MO579",
    "SolutionName": "Orders Management",
    "StrClientName": "HHSC_TX",
    "StrUsername_DBA": "RS091347A",
    "StrPassword_DBA": "cerner*1",
    "StrUsername_RN": "RS091347A",
    "StrPassword_RN": "cerner*1",
    "StrUsername_MED": "RS091347A",
    "StrPassword_MED": "cerner",
    "StrAllergy_Mode": "Flat",
    "StrAllergyName": "penicillin",
    "StrReactionName": "Rash",
    "StrAllergy_Action": "Modify",
    "StrAllergy_Modify": "penicillin",
    "StrAllergyRemove_MCDS": "True",
    "StrAllergyActions_MCDS": "True",
    "StrDuplicate_MCDS": "True",
    "strOrderType": "Inpatient",
    "StrOrder_Allergy1": "aspirin",
    "strOrderSentence": "mg",
    "StrPhysicianUserName": "RS091347B",
    "StrOrderOrProposal": "Order",
    "StrCommunicationType": "Verbal",
    "strOverrideReason": "Patient",
    "strInteractions": "Apply to All",
    "StrOrder_Allergy2": "",
    "StrInteractionCategory": "",
    "StrDuplicate_OrderName": "",
    "strAllergyStatus": "Apply to All",
    "strAllergyStatus1": "",
    "IntAllergyInstance": "1",
    "strOrderType_Ambulatory": "Ambulatory - In Office (Meds in Office)",
    "StrOrder_Outpatient1": "Aspirin",
    "StrOrder_Outpatient2": "Amoxicillin",
    "StrOrder_Outpatient3": "Acetaminophen",
    "StrDiagnosis1": "Asthma",
    "StrDiagnosis2": "Dengue",
    "StrDiagnosis3": "Cough",
    "StrProblem1": "Pain",
    "StrProblem2": "Broken Nose",
    "strRightClickActionModify": "Modify",
    "strRightClickActionCancel_Reorder": "Reorder",
    "strRightClickActionCancel_DC": "Cancel/Discontinue",
    "strOrderType_Prescriptions": "Prescriptions",
    "StrOrder_Prescription_Outpatient4": "",
    "strRightClickActionConverAMB": "",
    "Struse_synonyms": "True",
    "Struse_OrderSentence": "True",
    "Struse_ReschduleTask": "False",
    "Struse_CancelReorderDC": "True",
    "Struse_favorites": "True",
    "Struse_Careset": "True",
    "StrorderCareset": "Long Term Care Admission Rule",
    "StrCaresetOrderName": "Resident Admission History",
    "StrOrderSupergroup_Careset": "False",
    "StrOrderNested_Careset": "False",
    "StrOrdeMultipleRx": "Bumex 12.5 mg/50 mL",
    "StrOrderDiluentAddtive": "D5W drip",
    "StrOrderDoseCalc": "False",
    "StrOrderSlidingscale": "False",
    "StrOrderDocumentMed1": "acetaminophen 80 mg oral tablet",
    "StrOrderDocumentMed2": "gabapentin 100 mg oral capsule",
    "StrOrderDocumentMed3": "aspirin 325 mg oral tablet",
    "StrOrderDocumentMed4": "lithium 150 mg oral capsule",
    "StrOrderDocumentMed5": "lisinopril 2.5 mg oral tablet",
    "StrStatus": "Documented",
    "StrRightClickActionModify": "Modify",
    "StrnumorderInstanc": "1",
    "Struse_DocumentMeds": "True",
    "StrOrderFavorites": "FLUoxetine",
    "StrOrderSynonym1": "FLUoxetine",
    "StrOrderSynonym2": "PROzac",
    "StrMedicationOrder": "FLUoxetine",
    "StrOrderInstance": "1",
    "StrOrderIntervalFrequency": "aspirin",
    "Strfrequency_intervalfrequency": "Daily",
    "Struse_PrintOrderSheet": "False",
    "Struse_ProblemDiagnosis": "True",
    "StrOrderDiagnosis": "ibuprofen",
    "StrOrderProblem": "acetaminophen",
    "StrorderDuplicate": "XR Abdomen Lateral 1 View",
    "StrOrderTaper": "Prednisone",
    "IntOrderInstance": "1",
    "StrOrderFuture": "XR Chest 2 Views",
    "StrOrderUnscheduled": 
        "ceFAZolin",
    "StrOrderUnscheduledValue": "Vaccine",
    "StrOrderOneTimeFreq": "Diastat AcuDial",
    "StrOrderOneTimeFreqValue": "Once",
    "StrOrderDuration": "Amoxicillin oral capsules",
    "StrstrOrderDetailsFieldName": "Duration",
    "StrOrderHardstop": "False",
    "StrDateTime_FieldName": "Start Date",
    "StrAdministration": "TRUE",
    "StrDateEntry": "T",
    "StrTimeEntry": "N",
    "StrSkipAdmin": "",
    "StrOrderSoftstop": "False",
    "StrFIN": "",
    "StrOrderEnchancedReOrder": "aspirin",
    "StrOrderEnhancedValue": "BID",
    "StrDateTime_FieldName1": "Stop Date",
    "Struse_supendResume": "True",
    "Struse_OrderCopy": "True",
    "Struse_OrderVoid": "True",
    "Struse_OrderNurseReview": "True",
    "Struse_OrderComplete": "False",
    "StrRightclickAction_Void": "Void",
    "StrOrderNonMed": "XR Chest 2 Views",
    "StrAddtiveName": 
        "Potassium chloride",
        
    "strValidateModifyStatus": "Ordered",
    "StrValidate_MultipleRx": "Ordered",
    "StrValidate_Suspend": "Suspend",
    "StrValidate_Resume": "Ordered",
    "StrPhysician_Username": "RS091347B",
    "StrPhysician_Password": "cerner*1",
    "StrOrder_Prescription1": [
        "acetaminophen 80 mg oral tablet, chewable",
        "aspirin 81 mg oral capsule",
        "Medrol 2 mg oral tablet"
    ],
    "StrOrder_Prescription2": [
        "lisinopril 5 mg oral tablet",
        "aspirin 81 mg oral capsule"
    ],
    "StrOrder_Prescription3": "ibuprofen 100 mg oral tablet",
    "StrOrder_Prescription4": "lisinopril 20 mg oral tablet",
    "StrorderMisc": "Misc Prescription",
    "StrOrder_DocumentMedHx_Presc": "Aspirin",
    "StrOrder_Inpatient": "aspirin",
    "StrOrder_Prescription5": [
        "acetaminophen 80 mg oral tablet, chewable",
        "aspirin 81 mg oral capsule",
        "Medrol 2 mg oral tablet"
    ],
    "Struse_ProposeRenewals": "False",
    "Struse_ConvertInpatient": "",
    "Struse_ConvertRx": "False",
    "Struse_CompleteRx": "True",
    "Struse_VoidRx": "True",
    "Struse_supendResumeRx": [
        "False",
        "True"
    ],
    "Struse_CancelReorderRx": "False",
    "Struse_DiscontinueRx": "False",
    "Struse_MiscPrescription": "True",
    "Struse_copyPrescription": "False",
    "Struse_Referencetext": "False",
    "Struse_RenewPrescription": "True",
    "Struse_ModifyPrescription": "True",
    "StrOrderComment": "Testing Comments",
    "strOrdersentence_Prescriptions": "True",
    "Struse_MARSummary": "True",
    "Struse_Ivsite": "True",
    "StrOrderStatus": "",
    "StrorderPRN": "acetaminophen",
    "Struse_CancelCharting": "True",
    "Struse_RescheduleDose": "True",
    "StrorderScheduledMed": "acetaminophen",
    "StrOrderMedInfo": "every",
    "StrOrderMedDose": "given",
    "StrOrderIVDose": "Pending",
    "StrorderIV": "D5W drip",
    "StrOrderIVInfo": "Start",
    "Struse_AdditionalDose": "True",
    "Struse_ResponseTask": "True",
    "Struse_MARcomments": "False",
    "StrorderUnscheduled":"ceFAZolin",
    "StrOrderPRNInfo": "Daily",
    "StrOrderPRNDose": "given",
    "StrOrderUnscheduledInfo": "Syri",
    "StrOrderUnscheduledDose": "given",
    "Struse_Unchart": "True",
    "Struse_ChartNotDone": "True",
    "Struse_RescheduleAdminTimes": "False",
    "Struse_AdminNote": "True",
    "Struse_InfuseVolume": "True",
    "Struse_TherapeuticClassView": "True",
    "Struse_PlanView": "True",
    "StrOrderInfo": "",
    "StrOrderDose": "",
    "StrorderImmunization": "hepatitis A adult vaccine",
    "StrorderImmunizationMedInfo": "Susp",
    "StrorderImmunizationMedDose": "given",
    "StrorderNurseWitness": "calamine",
    "StrorderNurseMedInfo": "per",
    "StrorderNurseMedDose": "given",
    "StrorderAutoVerify": "False",
    "strValidate_AutoVerify": "Ordered",
    "StrorderIntermittentMed": "ceFAZolin",
    "StrOrderInterMedInfo": "Injectable",
    "StrOrderInterMedDose": "given",
    "StrorderIntermittentIV": "ceFAZolin",
    "StrOrderInterIVInfo": "",
    "StrOrderInterIVDose": "",
    "StrorderDTA": "False",
    "StrOrderDTAIVInfo": "",
    "StrOrderDTADose": "",
    "StrOrder_IVMAW": "",
    "StrOrderMAW1": "acetaminophen",
    "StrOrderMAW2": "aspirin",
    "StrOrderMultiIngredient": "polymixin/bacitracin/3000 mL NS Irrigation Bag",
    "StrOrderMultiIngedientScan": "Epidural",
    "StrMedicationKeyword": "Routine",
    "StrTimeViewValue": "Cont",
    "StrReconciliationType_Admission": "Admission",
    "strPriorOrAfter1": "Prior",
    "strReconciliationOrderName1": [
        "ibalizumab",
        "acetaminophen",
        "aspirin"
    ],
    "strReconciliationOrderStatus1": "",
    "strRadioButton1": "Continue",
    "strPriorOrAfter2": "Prior",
    "strReconciliationOrderName2": "aspirin",
    "strReconciliationOrderStatus2": "",
    "strRadioButton2": "Continue",
    "strPriorOrAfter3": "Prior",
    "strReconciliationOrderName3": [
        "acetaminophen 80 mg oral tablet, chewable",
        "aspirin 81 mg oral capsule",
        "Medrol 2 mg oral tablet"
    ],
    "strReconciliationOrderStatus3": "",
    "strRadioButton3": "DNC",
    "strPriorOrAfter4": "After",
    "strReconciliationOrderName4": [
        "lisinopril 5 mg oral tablet",
        "aspirin 81 mg oral capsule"
    ],
    "strReconciliationOrderStatus4": "",
    "strRadioButton4": "Continue",
    "StrReconciliationType_Transfer": "Transfer",
    "StrReconciliationType_Discharge": "Discharge",
    "strRightClickAction_CnvtIPtoPrescription": "Convert",
    "StrStatus_Admission": "Admission",
    "StrTooltipText": "Complete",
    "StrStatus_Discharge": "Discharge",
    "StrTooltipText_Discharge": "Complete",
    "strRightClickAction_Modify": "Modify",
    "Struse_VoidReconciliation": "",
    "StrVoid_option": "",
    "Struse_SuspendResumeReconciliation": "True",
    "StrorderSinglephase": "Hepatitis Followup Protocol",
    "StrOrderA_Singlephase": "Vital Signs",
    "StrOrderB_Singlephase": "Acute Hepatitis Panel",
    "StrOrderC_Singlephase": "CBC w/Auto Diff",
    "StrOrderD_Singlephase": "Hepatitis C Antibody",
    "StrorderE_Singlephase": "aspirin",
    "StrorderMultiphase": "Restraint Crisis Intervention Chemical",
    "Strphase1_Multiphase": "Restraint Start/Monitor",
    "IntnumOccuranceCount": "1",
    "StrOrderA_Multiphase1": "Restraint Inititate Crisis Intervention Chemical",
    "StrOrderA_Multiphase2": "Restraint Crisis Intervention debriefing",
    "StrOrderA_Multiphase3": "N/A",
    "StrOrderB_Multiphase1": "Restraint Crisis Intervention Face-to-Face",
    "StrOrderB_Multiphase2": "Restraint Post-Chemical Review",
    "StrOrderB_Multiphase3": "N/A",
    "StrOrderC_Multiphase1": "Restraint Monitoring Crisis Intervention Chemical",
    "StrOrderC_Multiphase2": "N/A",
    "StrOrderC_Multiphase3": "N/A",
    "StrOrderD_Multiphase1": "Restraint Post-Chemical Monitoring",
    "StrOrderD_Multiphase2": "N/A",
    "StrOrderD_Multiphase3": "N/A",
    "StrOrderE_Multiphase1": "N/A",
    "StrOrderE_Multiphase2": "N/A",
    "StrOrderE_Multiphase3": "N/A",
    "Strphase2_Multiphase": "Restraint Discontinue",
    "Strphase3_Multiphase": "N/A",
    "Struse_DiscontinuePlans": "True",
    "strReason_Discontinue": "a",
    "strReasonDiscontinue_IPOC": "a",
    "StrDiscontinueOrder": "Hepatitis",
    "StrorderIPOC": "Acute Care Plan (ACP)",
    "Stroutcome1_IPOC": "ND- 1",
    "Stroutcome2_IPOC": "False- 1",
    "Strintervention_IPOC": "ND- 2",
    "StrDiscontinueOrder_IPOC": "",
    "StrOrderSentence": "mg",
    "StrComponentStatus": "11/25/2024",
    "StrorderCopyForward": "LTC Fever",
    "StrorderEvidenceLink": "",
    "StrorderRxPlan": "Dental Medications",
    "StrOrder_Prescription1RxPlan": "",
    "StrOrder_Prescription2RxPlan": "",
    "StrOrderFuturePlan": "False",
    "StrorderSequencePlan": "False",
    "StrorderDiagnosisPlan": [
        "ibalizumab",
        "acetaminophen",
        "aspirin"
    ],
    "StrDiagnosis_Plan": "LTC Lower Respiratory Infection",
    "StrorderLabCollect1": "Culture Eye",
    "StrorderLabCollect2": "Vital Signs",
    "StrorderLabCollect3": "CBC w/ Diff",
    "Struse_EnhancedSchedule": "True",
    "StrorderRouteforReview\n": "N/A",
    "StrProposePlan": "",
    "StrOrderComplete":"CBC",
    "StrOrderMedStudent":"Medrol",
    "Struse_Medstudent":"True",
    "StrOrderA_SequencePlan":"Team Conference"
}
}