{

    "StrClientName": "HMCC_FL M0685",
    "StrUsername_DBA": "UCONCPROCHEMO",
    "StrPassword_DBA": "cerner123",
    "StrUsername_RN": "",
    "StrPassword_RN": "",
    "StrUsername_MED": "",
    "StrPassword_MED": "",
    "StrAllergy_Mode": "Flat",
    "StrAllergyName": "penicillin",
    "StrReactionName": "Rash",
    "StrAllergy_Action": "Modify",
    "StrAllergy_Modify": "True",
    "StrAllergyRemove_MCDS": "True",
    "StrAllergyActions_MCDS": "True",
    "StrDuplicate_MCDS": "False",
    "strOrderType": "Inpatient",
    "StrOrder_Allergy1": "ketorolac",
    "strOrderSentence": "mg",
    "StrPhysicianUserName": "UCONCPROCHEMO",
    "StrOrderOrProposal": "Order",
    "StrCommunicationType": "Verbal",
    "strOverrideReason": "Patient",
    "strInteractions": "Apply to All",
    "StrOrder_Allergy2": "ibuprofen",
    "StrInteractionCategory": "",
    "StrDuplicate_OrderName": "",
    "strAllergyStatus": "Apply to All",
    "strAllergyStatus1": "",
    "IntAllergyInstance": "1",
    "strOrderType_Ambulatory": "",
    "StrOrder_Outpatient1": "Aspirin",
    "StrOrder_Outpatient2": "Amoxicillin",
    "StrOrder_Outpatient3": "Acetaminophen",
    "StrDiagnosis1": "Cyanosis",
    "StrDiagnosis2": "Acute monocytic leukemia",
    "StrDiagnosis3": "",
    "StrProblem1": "Pain",
    "StrProblem2": "Broken nose",
    "strRightClickActionModify": "Modify",
    "strRightClickActionCancel_Reorder": "Cancel/Reorder",
    "strRightClickActionCancel_DC": "Cancel/DC",
    "strOrderType_Prescriptions": "Discharge Meds as Rx",
    "StrOrder_Prescription_Outpatient4": "",
    "strRightClickActionConverAMB": "",
    "Struse_synonyms": "True",
    "Struse_OrderSentence": "True",
    "Struse_ReschduleTask": "Yes",
    "Struse_CancelReorderDC": "Yes",
    "Struse_favorites": "Yes",
    "Struse_Careset": "",
    "StrorderCareset": "Heparin aPTT Protocol CareSet",
    "StrCaresetOrderName": "",
    "StrOrderSupergroup_Careset": "",
    "StrOrderNested_Careset": "",
    "StrOrdeMultipleRx": "HYDROmorphone PCA Bolus",
    "StrOrderDiluentAddtive": "",
    "StrOrderDoseCalc": "vancomycin",
    "StrOrderSlidingscale": "insulin (Humalog Mix 75/25)",
    "StrOrderDocumentMed1": "acetaminophen  80 mg oral tablet, chewable",
    "StrOrderDocumentMed2": "gabapentin 100 mg oral capsule",
    "StrOrderDocumentMed3": "aspirin 325 mg oral tablet",
    "StrOrderDocumentMed4": "lithium 150 mg oral capsule",
    "StrOrderDocumentMed5": "lisinopril 2.5 mg oral tablet",
    "StrStatus": "Documented",
    "StrRightClickActionModify": "Modify",
    "StrnumorderInstanc": "1",
    "Struse_DocumentMeds": "Yes",
    "StrOrderFavorites": "aspirin",
    "StrOrderSynonym1": "oxytocin",
    "StrOrderSynonym2": "Pitocin",
    "StrMedicationOrder": "aspirin",
    "StrOrderInstance": "1",
    "StrOrderIntervalFrequency": "acetaminophen",
    "Strfrequency_intervalfrequency": "q6hr",
    "Struse_PrintOrderSheet": "Yes",
    "Struse_ProblemDiagnosis": "Yes",
    "StrOrderDiagnosis": "CBC",
    "StrOrderProblem": "CBC",
    "StrorderDuplicate": "CBC",
    "StrOrderTaper": "Prednisone",
    "IntOrderInstance": "1",
    "StrOrderFuture": "AIM Clinic Appointment Request",
    "StrOrderUnscheduled": "acebutolol",
    "StrOrderUnscheduledValue": "as directed",
    "StrOrderOneTimeFreq": "cefdinir",
    "StrOrderOneTimeFreqValue": "once",
    "StrOrderDuration": "cefdinir",
    "StrstrOrderDetailsFieldName": "",
    "StrOrderHardstop": "Ketamine",
    "StrDateTime_FieldName": "Start Date",
    "StrAdministration": "TRUE",
    "StrDateEntry": "T",
    "StrTimeEntry": "N",
    "StrSkipAdmin": "",
    "StrOrderSoftstop": "",
    "StrFIN": "",
    "StrOrderEnchancedReOrder": "aspirin",
    "StrOrderEnhancedValue": "BID",
    "StrDateTime_FieldName1": "Stop Date",
    "Struse_supendResume": "True",
    "Struse_OrderCopy": "Yes",
    "Struse_OrderVoid": "Yes",
    "Struse_OrderNurseReview": "Yes",
    "Struse_OrderComplete": "Yes",
    "StrRightclickAction_Void": "Void",
    "StrOrderNonMed": "Chest - 2View",
    "StrAddtiveName": "thiamine - additive",
    "strValidateModifyStatus": "Ordered",
    "StrValidate_MultipleRx": "Ordered",
    "StrValidate_Suspend": "",
    "StrValidate_Resume": "",
    "StrPhysician_Username": "",
    "StrPhysician_Password": "",
    "StrOrder_Prescription1": "acetaminophen 325 mg oral tablet",
    "StrOrder_Prescription2": "Medrol 2 mg oral tablet",
    "StrOrder_Prescription3": "clindamycin 75 mg oral capsule",
    "StrOrder_Prescription4": "aspirin 81 mg oral capsule",
    "StrorderMisc": "Misc Prescription",
    "StrOrder_DocumentMedHx_Presc": "aspirin",
    "StrOrder_Inpatient": "aspirin",
    "StrOrder_Prescription5": "ibuprofen 100 mg oral tablet",
    "Struse_ProposeRenewals": "True",
    "Struse_ConvertInpatient": "True",
    "Struse_ConvertRx": "True",
    "Struse_CompleteRx": "True",
    "Struse_VoidRx": "True",
    "Struse_supendResumeRx": "True",
    "Struse_CancelReorderRx": "True",
    "Struse_DiscontinueRx": "True",
    "Struse_MiscPrescription": "True",
    "Struse_copyPrescription": "True",
    "Struse_Referencetext": "True",
    "Struse_RenewPrescription": "True",
    "Struse_ModifyPrescription": "True",
    "StrOrderComment": "Testing Comments",
    "strOrdersentence_Prescriptions": "True",
    "Struse_MARSummary": "",
    "Struse_Ivsite": "",
    "StrOrderStatus": "",
    "StrorderPRN": "",
    "Struse_CancelCharting": "",
    "Struse_RescheduleDose": "",
    "StrorderScheduledMed": "",
    "StrOrderMedInfo": "",
    "StrOrderMedDose": "",
    "StrOrderIVDose": "Pending",
    "StrorderIV": "Dextrose 5% in Water",
    "StrOrderIVInfo": "",
    "Struse_AdditionalDose": "",
    "Struse_ResponseTask": "",
    "Struse_MARcomments": "",
    "StrorderUnscheduled": "acebutolol",
    "StrOrderPRNInfo": "",
    "StrOrderPRNDose": "",
    "StrOrderUnscheduledInfo": "",
    "StrOrderUnscheduledDose": "",
    "Struse_Unchart": "",
    "Struse_ChartNotDone": "",
    "Struse_RescheduleAdminTimes": "",
    "Struse_AdminNote": "",
    "Struse_InfuseVolume": "",
    "Struse_TherapeuticClassView": "",
    "Struse_PlanView": "",
    "StrOrderInfo": "",
    "StrOrderDose": "",
    "StrorderImmunization": "",
    "StrorderImmunizationMedInfo": "",
    "StrorderImmunizationMedDose": "",
    "StrorderNurseWitness": "",
    "StrorderNurseMedInfo": "",
    "StrorderNurseMedDose": "",
    "StrorderAutoVerify": "",
    "strValidate_AutoVerify": "",
    "StrorderIntermittentMed": "",
    "StrOrderInterMedInfo": "",
    "StrOrderInterMedDose": "",
    "StrorderIntermittentIV": "",
    "StrOrderInterIVInfo": "",
    "StrOrderInterIVDose": "",
    "StrorderDTA": "",
    "StrOrderDTAIVInfo": "",
    "StrOrderDTADose": "",
    "StrOrder_IVMAW": "D5W",
    "StrOrderMAW1": "aspirin",
    "StrOrderMAW2": "ibuprofen",
    "StrOrderMultiIngredient": "D5W with 0.45% NaCl + KCL 20mEq",
    "StrOrderMultiIngedientScan": "Dextrose",
    "StrMedicationKeyword": "Routine",
    "StrTimeViewValue": "Cont",
    "StrReconciliationType_Admission": "",
    "strPriorOrAfter1": "Prior",
    "strReconciliationOrderName1": "albuterol",
    "strReconciliationOrderStatus1": "",
    "strRadioButton1": "Continue",
    "strPriorOrAfter2": "Prior",
    "strReconciliationOrderName2": "",
    "strReconciliationOrderStatus2": "",
    "strRadioButton2": "Continue",
    "strPriorOrAfter3": "Prior",
    "strReconciliationOrderName3": "",
    "strReconciliationOrderStatus3": "",
    "strRadioButton3": "DNC",
    "strPriorOrAfter4": "After",
    "strReconciliationOrderName4": "",
    "strReconciliationOrderStatus4": "",
    "strRadioButton4": "Continue",
    "StrReconciliationType_Transfer": "",
    "StrReconciliationType_Discharge": "",
    "strRightClickAction_CnvtIPtoPrescription": "Convert",
    "StrStatus_Admission": "Admission",
    "StrTooltipText": "Complete",
    "StrStatus_Discharge": "Discharge",
    "StrTooltipText_Discharge": "Complete",
    "strRightClickAction_Modify": "Modify",
    "Struse_VoidReconciliation": "",
    "StrVoid_option": "",
    "Struse_SuspendResumeReconciliation": "True",
    "StrorderSinglephase": "",
    "StrOrderA_Singlephase": "",
    "StrOrderB_Singlephase": "",
    "StrOrderC_Singlephase": "",
    "StrOrderD_Singlephase": "",
    "StrorderE_Singlephase": "",
    "StrorderMultiphase": "",
    "Strphase1_Multiphase": "",
    "IntnumOccuranceCount": "1",
    "StrOrderA_Multiphase1": "",
    "StrOrderA_Multiphase2": "",
    "StrOrderA_Multiphase3": "",
    "StrOrderB_Multiphase1": "",
    "StrOrderB_Multiphase2": "",
    "StrOrderB_Multiphase3": "",
    "StrOrderC_Multiphase1": "",
    "StrOrderC_Multiphase2": "",
    "StrOrderC_Multiphase3": "",
    "StrOrderD_Multiphase1": "",
    "StrOrderD_Multiphase2": "",
    "StrOrderD_Multiphase3": "",
    "StrOrderE_Multiphase1": "",
    "StrOrderE_Multiphase2": "",
    "StrOrderE_Multiphase3": "",
    "Strphase2_Multiphase": "",
    "Strphase3_Multiphase": "",
    "Struse_DiscontinuePlans": "",
    "strReason_Discontinue": "a",
    "strReasonDiscontinue_IPOC": "a",
    "StrDiscontinueOrder": "",
    "StrorderIPOC": "",
    "Stroutcome1_IPOC": "",
    "Stroutcome2_IPOC": "",
    "Strintervention_IPOC": "",
    "StrDiscontinueOrder_IPOC": "",
    "StrOrderSentence": "mg",
    "StrComponentStatus": "11/25/2024",
    "StrorderCopyForward": "",
    "StrorderEvidenceLink": "",
    "StrorderRxPlan": "",
    "StrOrder_Prescription1RxPlan": "",
    "StrOrder_Prescription2RxPlan": "",
    "StrOrderFuturePlan": "",
    "StrorderSequencePlan": "",
    "StrorderDiagnosisPlan": "albuterol",
    "StrDiagnosis_Plan": "",
    "StrorderLabCollect1": "",
    "StrorderLabCollect2": "",
    "StrorderLabCollect3": "",
    "Struse_EnhancedSchedule": "Yes",
    "StrorderRouteforReview\n": "",
    "StrProposePlan": ""
}