{

    "TestedBy": "RS091347",
"ClientMnemonic": "HRSH_PA",
"TTPurpose": "UCMS_HRSH_PA_MOCK_Test",
"Domain": "MOCK",
"SolutionName": "Orders Management",
    "StrClientName": "HRSH_PA MOCK",
    "StrUsername_DBA": "RS091347A",
    "StrPassword_DBA": "pme*out",
    "StrUsername_RN": "RS091347C",
    "StrPassword_RN": "cerner*1",
    "StrUsername_MED": "RS091347D",
    "StrPassword_MED": "cerner*1",
    "StrAllergy_Mode": "Flat",
    "StrAllergyName": "aspirin",
    "StrReactionName": "Rash",
    "StrAllergy_Action": "Modify",
    "StrAllergy_Modify": "True",
    "StrAllergyRemove_MCDS": "True",
    "StrAllergyActions_MCDS": "True",
    "StrDuplicate_MCDS": "False",
    "strOrderType": "Inpatient",
    "StrOrder_Allergy1": "ketorolac",
    "strOrderSentence": "lisinopril",
    "StrPhysicianUserName": "PHYSICIAN",
    "StrOrderOrProposal": "Order",
    "StrCommunicationType": "Verbal",
    "strOverrideReason": "Prescriber",
    "strInteractions": "Apply to All",
    "StrOrder_Allergy2": "ibuprofen",
    "StrInteractionCategory": "",
    "StrDuplicate_OrderName": "CBC",
    "strAllergyStatus": "Apply to All",
    "strAllergyStatus1": "",
    "IntAllergyInstance": "1",
    "strOrderType_Ambulatory": "Meds in Office",
    "StrOrder_Outpatient1": "aspirin",
    "StrOrder_Outpatient2": "amoxicillin",
    "StrOrder_Outpatient3": "acetaminophen",
    "StrDiagnosis1": "Fever",
    "StrDiagnosis2": "Headache",
    "StrDiagnosis3": "Burn of stomach",
    "StrProblem1": "Pain",
    "StrProblem2": "Broken nose",
    "strRightClickActionModify": "Modify",
    "strRightClickActionCancel_Reorder": "Reorder",
    "strRightClickActionCancel_DC": "Cancel/DC",
    "strOrderType_Prescriptions": "Prescriptions",
    "StrOrder_Prescription_Outpatient4": "Medrol 2 mg oral tablet",
    "strRightClickActionConverAMB": "Convert to prescription",
    "Struse_synonyms": "True",
    "Struse_OrderSentence": "True",
    "Struse_ReschduleTask": "True",
    "Struse_CancelReorderDC": "True",
    "Struse_favorites": "False",
    "Struse_Careset": "True",
    "StrorderCareset": "General Health Panel",
    "StrCaresetOrderName": "CBC",
    "StrOrderSupergroup_Careset": "False",
    "StrOrderNested_Careset": "False",
    "StrOrdeMultipleRx": "potassium chloride",
    "StrOrderDiluentAddtive": "D5W",
    "StrOrderDoseCalc": "gentamicin",
    "StrOrderSlidingscale": "False",
    "StrOrderDocumentMed1": "acetaminophen 80 mg oral tablet",
    "StrOrderDocumentMed2": "gabapentin 100 mg oral capsule",
    "StrOrderDocumentMed3": "aspirin 325 mg oral tablet",
    "StrOrderDocumentMed4": "lithium 150 mg oral capsule",
    "StrOrderDocumentMed5": "lisinopril 2.5 mg oral tablet",
    "StrStatus": "Documented",
    "StrRightClickActionModify": "Modify",
    "StrnumorderInstanc": "1",
    "Struse_DocumentMeds": "True",
    "StrOrderFavorites": "False",
    "StrOrderSynonym1": "amiodarone",
    "StrOrderSynonym2": "Cordarone",
    "StrMedicationOrder": "Cordarone",
    "StrOrderInstance": "1",
    "StrOrderIntervalFrequency": "aspirin",
    "Strfrequency_intervalfrequency": "Daily",
    "Struse_PrintOrderSheet": "True",
    "Struse_ProblemDiagnosis": "True",
    "StrOrderDiagnosis": "Medrol",
    "StrOrderProblem": "aspirin",
    "StrorderDuplicate": "CBC",
    "StrOrderTaper": "False",
    "IntOrderInstance": "1",
    "StrOrderFuture": "CT Chest w/Contrast",
    "StrOrderUnscheduled": "acetaminophen",
    "StrOrderUnscheduledValue": "as indicated",
    "StrOrderOneTimeFreq": "Lasix",
    "StrOrderOneTimeFreqValue": "ONCE",
    "StrOrderDuration": "Medrol",
    "StrOrderDetailsFieldName": "Duration",
    "StrOrderHardstop": "amoxicillin",
    "StrDateTime_FieldName": "Start Date",
    "StrAdministration": "TRUE",
    "StrDateEntry": "T",
    "StrTimeEntry": "N",
    "StrSkipAdmin": "",
    "StrOrderSoftstop": "acetaminophen",
    "StrFIN": "45200030",
    "StrOrderEnchancedReOrder": "False",
    "StrOrderEnhancedValue": "BID",
    "StrDateTime_FieldName1": "Stop Date",
    "Struse_supendResume": "False",
    "Struse_OrderCopy": "True",
    "Struse_OrderVoid": "True",
    "Struse_OrderNurseReview": "True",
    "Struse_OrderComplete": "True",
    "StrRightclickAction_Void": "Void",
    "StrOrderNonMed": "CBC",
    "StrAddtiveName": "sodium ACETATE additive",
    "strValidateModifyStatus": "Ordered",
    "StrValidate_MultipleRx": "Ordered",
    "StrValidate_Suspend": "",
    "StrValidate_Resume": "",
    "StrPhysician_Username": "RS091347B",
    "StrPhysician_Password": "cerner*1",
    "StrOrder_Prescription1": "albuterol 4 mg oral tablet",
    "StrOrder_Prescription2": "aspirin 325 mg oral capsule",
    "StrOrder_Prescription3": "clindamycin 150 mg oral capsule",
    "StrOrder_Prescription4": "Medrol 2 mg oral tablet",
    "StrorderMisc": "misc prescription",
    "StrOrder_DocumentMedHx_Presc": "amoxicillin",
    "StrOrder_Inpatient": "aspirin",
    "StrOrder_Prescription5": "acetaminophen 325 mg oral tablet",
    "Struse_ProposeRenewals": "False",
    "Struse_ConvertInpatient": "True",
    "Struse_ConvertRx": "True",
    "Struse_CompleteRx": "True",
    "Struse_VoidRx": "True",
    "Struse_supendResumeRx": "False",
    "Struse_CancelReorderRx": "True",
    "Struse_DiscontinueRx": "True",
    "Struse_MiscPrescription": "True",
    "Struse_copyPrescription": "True",
    "Struse_Referencetext": "True",
    "Struse_RenewPrescription": "True",
    "Struse_ModifyPrescription": "True",
    "StrOrderComment": "Testing Comments",
    "strOrdersentence_Prescriptions": "True",
    "Struse_MARSummary": "True",
    "Struse_Ivsite": "True",
    "StrOrderStatus": "",
    "StrorderPRN": "acetaminophen",
    "Struse_CancelCharting": "True",
    "Struse_RescheduleDose": "True",
    "StrorderScheduledMed": "amiodarone",
    "StrOrderMedInfo": "Daily",
    "StrOrderMedDose": "given",
    "StrOrderIVDose": "Pending",
    "StrorderIV": "D5W",
    "StrOrderIVInfo": "Fluid",
    "Struse_AdditionalDose": "True",
    "Struse_ResponseTask": "True",
    "Struse_MARcomments": "True",
    "StrorderUnscheduled": "Medrol",
    "StrOrderPRNInfo": "PRN",
    "StrOrderPRNDose": "given",
    "StrOrderUnscheduledInfo": "",
    "StrOrderUnscheduledDose": "",
    "Struse_Unchart": "True",
    "Struse_ChartNotDone": "True",
    "Struse_RescheduleAdminTimes": "True",
    "Struse_AdminNote": "False",
    "Struse_InfuseVolume": "True",
    "Struse_TherapeuticClassView": "True",
    "Struse_PlanView": "True",
    "StrOrderInfo": "",
    "StrOrderDose": "",
    "StrorderImmunization": "influenza virus vaccine",
    "StrorderImmunizationMedInfo": "indicated",
    "StrorderImmunizationMedDose": "given",
    "StrorderNurseWitness": "Lasix",
    "StrorderNurseMedInfo": "ONCE",
    "StrorderNurseMedDose": "given",
    "StrorderAutoVerify": "aspirin",
    "strValidate_AutoVerify": "",
    "StrorderIntermittentMed": "'sodium bicarbonate 8.4% (1 mEq/mL) intravenous solution",
    "StrOrderInterMedInfo": "",
    "StrOrderInterMedDose": "",
    "StrorderIntermittentIV": "False",
    "StrOrderInterIVInfo": "",
    "StrOrderInterIVDose": "",
    "StrorderDTA": "acetaminophen",
    "StrOrderDTAIVInfo": "PRN",
    "StrOrderDTADose": "given",
    "StrOrder_IVMAW": "D5W",
    "StrOrderMAW1": "amoxicillin",
    "StrOrderMAW2": "aspirin",
    "StrOrderMultiIngredient": "Sodium Chloride 0.45 % with KCI and KPHOS 1000 mL",
    "StrOrderMultiIngedientScan": "Potassium",
    "StrMedicationKeyword": "TITRATE",
    "StrTimeViewValue": "Continuous Infusions",
    "StrReconciliationType_Admission": "Admission",
    "strPriorOrAfter1": "Prior",
    "strReconciliationOrderName1": "ibuprofen",
    "strReconciliationOrderStatus1": "",
    "strRadioButton1": "Continue",
    "strPriorOrAfter2": "Prior",
    "strReconciliationOrderName2": "lisinopril",
    "strReconciliationOrderStatus2": "",
    "strRadioButton2": "Continue",
    "strPriorOrAfter3": "Prior",
    "strReconciliationOrderName3": "acetaminophen",
    "strReconciliationOrderStatus3": "",
    "strRadioButton3": "DNC",
    "strPriorOrAfter4": "After",
    "strReconciliationOrderName4": "Benadryl",
    "strReconciliationOrderStatus4": "",
    "strRadioButton4": "Continue",
    "StrReconciliationType_Transfer": "Transfer",
    "StrReconciliationType_Discharge": "Discharge",
    "strRightClickAction_CnvtIPtoPrescription": "Convert",
    "StrStatus_Admission": "Admission",
    "StrTooltipText": "Complete",
    "StrStatus_Discharge": "Discharge",
    "StrTooltipText_Discharge": "Complete",
    "strRightClickAction_Modify": "Modify",
    "Struse_VoidReconciliation": "",
    "StrVoid_option": "",
    "Struse_SuspendResumeReconciliation": "True",
    "StrorderSinglephase": "APHERESIS Leukoreduction",
    "StrOrderA_Singlephase": "acetaminophen",
    "StrOrderB_Singlephase": "diphenhydrAMINE",
    "StrOrderC_Singlephase": "calcium",
    "StrOrderD_Singlephase": "Crossmatch",
    "StrorderE_Singlephase": "aspirin",
    "StrorderMultiphase": "ANES Adult Perioperative Phased",
    "Strphase1_Multiphase": "Pre-Op",
    "IntnumOccuranceCount": "1",
    "StrOrderA_Multiphase1": "Vital Signs",
    "StrOrderA_Multiphase2": "Modified Aldrete Score",
    "StrOrderA_Multiphase3": "Forced Air Blanket",
    "StrOrderB_Multiphase1": "Peripheral IV",
    "StrOrderB_Multiphase2": "Vital Signs",
    "StrOrderB_Multiphase3": "Vital Signs",
    "StrOrderC_Multiphase1": "aprepitant",
    "StrOrderC_Multiphase2": "diphenhydrAMINE",
    "StrOrderC_Multiphase3": "diphenhydrAMINE",
    "StrOrderD_Multiphase1": "pregabalin",
    "StrOrderD_Multiphase2": "Sodium Chloride",
    "StrOrderD_Multiphase3": "Sodium Chloride",
    "StrOrderE_Multiphase1": "aspirin",
    "StrOrderE_Multiphase2": "acetaminophen",
    "StrOrderE_Multiphase3": "Clindamycin",
    "Strphase2_Multiphase": "PACU Phase",
    "Strphase3_Multiphase": "PACU Phase",
    "Struse_DiscontinuePlans": "True",
    "strReason_Discontinue": "Another",
    "strReasonDiscontinue_IPOC": "a",
    "StrDiscontinueOrder": "aspirin",
    "StrorderIPOC": "Anxiety IPOC",
    "Stroutcome1_IPOC": "Patient Specific Goal 1",
    "Stroutcome2_IPOC": "Patient Specific Goal 2",
    "Strintervention_IPOC": "Collaborate with Interdisciplinary Team",
    "StrDiscontinueOrder_IPOC": "Patient",
    "StrOrderSentence": "mg",
    "StrComponentStatus": "12/11/2024",
    "StrorderCopyForward": "ICU ONLY insulin infusion protocol",
    "StrorderEvidenceLink": "False",
    "StrorderRxPlan": "ANES - Surgical/Thoracic Epidural",
    "StrOrder_Prescription1RxPlan": "Medrol",
    "StrOrder_Prescription2RxPlan": "aspirin",
    "StrOrderFuturePlan": "ONC Abraxane (3 weeks) Adult",
    "StrorderSequencePlan": "Team Conference Thursday Rehab",
    "StrorderDiagnosisPlan": "False",
    "StrDiagnosis_Plan": "Fever",
    "StrorderLabCollect1": "",
    "StrorderLabCollect2": "",
    "StrorderLabCollect3": "",
    "Struse_EnhancedSchedule": "False",
    "StrorderRouteforReview": "False",
    "StrProposePlan": "False",
    "StrOrderComplete":"CBC",
    "StrOrderMedStudent":"False",
    "StrOrderA_SequencePlan":"Team Conference"
}