{
    "StrClientName": "LCOX_MO C0268",
    "StrUsername_DBA": "",
    "StrPassword_DBA": "",
    "StrUsername_RN": "RS091347D",
    "StrPassword_RN": "cerner*1",
    "StrUsername_MED": "",
    "StrPassword_MED": "",
    "StrAllergy_Mode": "Flat",
    "StrAllergyName": "aspirin",
    "StrReactionName": "Rash",
    "StrAllergy_Action": "Modify",
    "StrAllergy_Modify": "True",
    "StrAllergyRemove_MCDS": "True",
    "StrAllergyActions_MCDS": "True",
    "StrDuplicate_MCDS": "False",
    "strOrderType": "Inpatient",
    "StrOrder_Allergy1": "acetaminophen",
    "strOrderSentence": "mg",
    "StrPhysicianUserName": "RS091347B",
    "StrOrderOrProposal": "Order",
    "StrCommunicationType": "Verbal",
    "strOverrideReason": "Acknowledge",
    "strInteractions": "Apply to All",
    "StrOrder_Allergy2": "aspirin",
    "StrInteractionCategory": "",
    "StrDuplicate_OrderName": "",
    "strAllergyStatus": "Apply to All",
    "strAllergyStatus1": "",
    "IntAllergyInstance": "1",
    "strOrderType_Ambulatory":"Ambulatory - In Office Orders",
    "StrOrder_Outpatient1": "aspirin",
    "StrOrder_Outpatient2": "amoxicillin",
    "StrOrder_Outpatient3": "acetaminophen",
    "StrDiagnosis1":"Heart Failure",
    "StrDiagnosis2": "Acute abdomen",
    "StrDiagnosis3": "Acute adenitis",
    "StrProblem1": "Pain",
    "StrProblem2": "Broken Nose",
    "strRightClickActionModify": "Modify",
    "strRightClickActionCancel_Reorder": "Cancel/Reorder",
    "strRightClickActionCancel_DC": "Cancel/DC",
    "strOrderType_Prescriptions": "Prescription (Meds as Rx)",
    "StrOrder_Prescription_Outpatient4": "lithium 150 mg oral",
    "strRightClickActionConverAMB": "Convert",
    "Struse_synonyms": "True",
    "Struse_OrderSentence": "True",
    "Struse_ReschduleTask": "False",
    "Struse_CancelReorderDC": "True",
    "Struse_favorites": "True",
    "Struse_Careset": "True",
    "StrorderCareset": "ED COVID Labs",
    "StrCaresetOrderName": "CMP",
    "StrOrderSupergroup_Careset": "False",
    "StrOrderNested_Careset": "Neonatal AM Testing",
    "StrOrdeMultipleRx": "False",
    "StrOrderDiluentAddtive": "D5W",
    "StrOrderDoseCalc": "DAPTOmycin",
    "StrOrderSlidingscale": "Insulin lispro (HumaLOG) Custom correction scale",
    "StrOrderDocumentMed1": "acetaminophen  80 mg oral tablet",
    "StrOrderDocumentMed2": "gabapentin 100 mg oral capsule",
    "StrOrderDocumentMed3": "aspirin 325 mg oral tablet",
    "StrOrderDocumentMed4": "lithium 150 mg oral capsule",
    "StrOrderDocumentMed5": "lisinopril 2.5 mg oral tablet",
    "StrStatus": "Documented",
    "StrRightClickActionModify": "Modify",
    "StrnumorderInstanc": "1",
    "Struse_DocumentMeds": "True",
    "StrOrderFavorites": "amoxicillin",
    "StrOrderSynonym1": "Vital Signs",
    "StrOrderSynonym2": "VS",
    "StrMedicationOrder": "amoxicillin",
    "StrOrderInstance": "1",
    "StrOrderIntervalFrequency": "acetaminophen",
    "Strfrequency_intervalfrequency": "Q8H",
    "Struse_PrintOrderSheet": "True",
    "Struse_ProblemDiagnosis": "True",
    "StrOrderDiagnosis": "Lipitor",
    "StrOrderProblem": "Lipitor",
    "StrorderDuplicate": "ALPRAZolam",
    "StrOrderTaper": "False",
    "IntOrderInstance": "1",
    "StrOrderFuture": "CBC-d",
    "StrOrderUnscheduled": "ibuprofen",
    "StrOrderUnscheduledValue": "On Call to OR",
    "StrOrderOneTimeFreq": "ceFAZolin",
    "StrOrderOneTimeFreqValue": "ONCE",
    "StrOrderDuration": "Topamax",
    "StrOrderDetailsFieldName": "Duration",
    "StrOrderHardstop": "False",
    "StrDateTime_FieldName": "Start date",
    "StrAdministration": "TRUE",
    "StrDateEntry": "T",
    "StrTimeEntry": "N",
    "StrSkipAdmin": "",
    "StrOrderSoftstop": "False",
    "StrFIN": "",
    "StrOrderEnchancedReOrder": "aspirin",
    "StrOrderEnhancedValue": "BID",
    "StrDateTime_FieldName1": "Stop date",
    "Struse_supendResume": "True",
    "Struse_OrderCopy": "True",
    "Struse_OrderVoid": "True",
    "Struse_OrderNurseReview": "False",
    "Struse_OrderComplete": "True",
    "StrRightclickAction_Void": "Delete",
    "StrOrderNonMed": "XR Chest 1 View",
    "StrAddtiveName": "Sodium bicarbonate",
    "strValidateModifyStatus": "Ordered",
    "StrValidate_MultipleRx": "Ordered",
    "StrValidate_Suspend": "",
    "StrValidate_Resume": "",
    "StrPhysician_Username": "RS091347B",
    "StrPhysician_Password": "cerner*1",
    "StrOrder_Prescription1":"neomycin 500 mg oral tablet",
    "StrOrder_Prescription2":"Tylenol Extra Strength PM oral tablet",
    "StrOrder_Prescription3": "lithium 150 mg oral capsule",
    "StrOrder_Prescription4": "acetaminophen 80 mg oral tablet, chewable",
    "StrorderMisc": "Miscellaneous (Medication/DME)",
    "StrOrder_DocumentMedHx_Presc": "Aspirin",
    "StrOrder_Inpatient": "clindamycin",
    "StrOrder_Prescription5":"azithromycin 100 mg/5 mL oral liquid",
    "Struse_ProposeRenewals": "False",
    "Struse_ConvertInpatient": "True",
    "Struse_ConvertRx": "True",
    "Struse_CompleteRx": "True",
    "Struse_VoidRx": "True",
    "Struse_supendResumeRx": "True",
    "Struse_CancelReorderRx": "True",
    "Struse_DiscontinueRx": "True",
    "Struse_MiscPrescription": "True",
    "Struse_copyPrescription": "True",
    "Struse_Referencetext": "False",
    "Struse_RenewPrescription": "False",
    "Struse_ModifyPrescription": "True",
    "StrOrderComment": "Testing Comments",
    "strOrdersentence_Prescriptions": "mouth",
    "Struse_MARSummary": "True",
    "Struse_Ivsite": "True",
    "StrOrderStatus": "Documented",
    "StrorderPRN": "benzonatate",
    "Struse_CancelCharting": "False",
    "Struse_RescheduleDose": "True",
    "StrorderScheduledMed": "amoxicillin",
    "StrOrderMedInfo": "Start",
    "StrOrderMedDose": "given",
    "StrOrderIVDose": "Pending",
    "StrorderIV": "D5W",
    "StrOrderIVInfo": "Start",
    "Struse_AdditionalDose": "True",
    "Struse_ResponseTask": "False",
    "Struse_MARcomments": "True",
    "StrorderUnscheduled": "ibuprofen",
    "StrOrderPRNInfo": "",
    "StrOrderPRNDose": "",
    "StrOrderUnscheduledInfo": "On Call",
    "StrOrderUnscheduledDose": "given",
    "Struse_Unchart": "True",
    "Struse_ChartFalsetDone": "True",
    "Struse_RescheduleAdminTimes": "False",
    "Struse_AdminFalsete": "True",
    "Struse_InfuseVolume": "True",
    "Struse_TherapeuticClassView": "True",
    "Struse_PlanView": "False",
    "StrOrderInfo": "",
    "StrOrderDose": "",
    "StrorderImmunization": "influenza",
    "StrorderImmunizationMedInfo": "On Call",
    "StrorderImmunizationMedDose": "given",
    "StrorderNurseWitness": "amoxicillin",
    "StrorderNurseMedInfo": "Start",
    "StrorderNurseMedDose": "given",
    "StrorderAutoVerify": "amoxicillin",
    "strValidate_AutoVerify": "Ordered",
    "StrorderIntermittentMed": "Ativan INJ",
    "StrOrderInterMedInfo": "",
    "StrOrderInterMedDose": "",
    "StrorderIntermittentIV": "",
    "StrOrderInterIVInfo": "",
    "StrOrderInterIVDose": "",
    "StrorderDTA": "acetaminophen",
    "StrOrderDTAIVInfo": "SUPP",
    "StrOrderDTADose": "given",
    "StrOrder_IVMAW": "D5W",
    "StrOrderMAW1": "Tylenol (Peds)",
    "StrOrderMAW2": "aspirin",
    "StrOrderMultiIngredient": "Sodium Chloride 0.45% & KCl 20mEq/L",
    "StrOrderMultiIngedientScan": "Sodium",
    "StrMedicationKeyword": "Routine",
    "StrTimeViewValue": "Cont",
    "StrReconciliationType_Admission": "Admission",
    "strPriorOrAfter1": "Prior",
    "strReconciliationOrderName1": [
        "aspirin",
        "IV Insertion"
    ],
    "strReconciliationOrderStatus1": "",
    "strRadioButton1": "Continue",
    "strPriorOrAfter2": "Prior",
    "strReconciliationOrderName2": "acetaminophen",
    "strReconciliationOrderStatus2": "",
    "strRadioButton2": "Continue",
    "strPriorOrAfter3": "Prior",
    "strReconciliationOrderName3": [
        "azithromycin 100 mg/5 mL oral liquid",
        "neomycin 500 mg oral tablet"
    ],
    "strReconciliationOrderStatus3": "",
    "strRadioButton3": "DNC",
    "strPriorOrAfter4": "After",
    "strReconciliationOrderName4": [
        "Tylenol Extra Strength PM oral tablet",
        "ibuprofen 50 mg oral tablet, chewable"
    ],
    "strReconciliationOrderStatus4": "",
    "strRadioButton4": "Continue",
    "StrReconciliationType_Transfer": "Transfer",
    "StrReconciliationType_Discharge": "Discharge",
    "strRightClickAction_CnvtIPtoPrescription": "Convert",
    "StrStatus_Admission": "Admission",
    "StrTooltipText": "Complete",
    "StrStatus_Discharge": "Discharge",
    "StrTooltipText_Discharge": "Complete",
    "strRightClickAction_Modify": "Modify",
    "Struse_VoidReconciliation": "",
    "StrVoid_option": "",
    "Struse_SuspendResumeReconciliation": "True",
    "StrorderSinglephase": "ED Abdominal Pain",
    "StrOrderA_Singlephase": "Pelvic Exam Setup",
    "StrOrderB_Singlephase": "NPO",
    "StrOrderC_Singlephase": "BMP",
    "StrOrderD_Singlephase": "morphine",
    "StrorderE_Singlephase": "aspirin",
    "StrorderMultiphase": "Anesthesia Pre/Post",
    "Strphase1_Multiphase": "Anesthesia Pre Admit 1",
    "IntnumOccuranceCount": "1",
    "StrOrderA_Multiphase1": "Diet Instructions, Nursing",
    "StrOrderA_Multiphase2": "Nursing Communication Order",
    "StrOrderA_Multiphase3": "",
    "StrOrderB_Multiphase1": "Nursing Communication Order",
    "StrOrderB_Multiphase2": "EKG 12-Lead",
    "StrOrderB_Multiphase3": "N/A",
    "StrOrderC_Multiphase1": "",
    "StrOrderC_Multiphase2": "Hemogram",
    "StrOrderC_Multiphase3": "",
    "StrOrderD_Multiphase1": "",
    "StrOrderD_Multiphase2": "BMP",
    "StrOrderD_Multiphase3": "",
    "StrOrderE_Multiphase1": "",
    "StrOrderE_Multiphase2": "",
    "StrOrderE_Multiphase3": "",
    "Strphase2_Multiphase": "Anesthesia Pre Admit 2",
    "Strphase3_Multiphase": "",
    "Struse_DiscontinuePlans": "True",
    "strReason_Discontinue": "Another",
    "strReasonDiscontinue_IPOC": "a",
    "StrDiscontinueOrder": "NPO",
    "StrorderIPOC": "Anxiety Plan of Care",
    "Stroutcome1_IPOC": "Verbalize Awareness of Feelings of Anxiety",
    "Stroutcome2_IPOC": "Achieve Optimal Balance of Rest and Activity",
    "Strintervention_IPOC": "Patient Specific Goal",
    "StrDiscontinueOrder_IPOC": "",
    "StrOrderSentence": "mg",
    "StrComponentStatus": "11/25/2024",
    "StrorderCopyForward": "Admission Adult",
    "StrorderEvidenceLink": "False",
    "StrorderRxPlan": "Abdominal Vascular Surgery Post Op",
    "StrOrder_Prescription1RxPlan": "",
    "StrOrder_Prescription2RxPlan": "",
    "StrOrderFuturePlan": "",
    "StrorderSequencePlan": "",
    "StrorderDiagnosisPlan": "AMB INF Ferumoxytol",
    "StrDiagnosis_Plan": "Fever",
    "StrorderLabCollect1": "",
    "StrorderLabCollect2": "Blood Culture",
    "StrorderLabCollect3": "Tissue Culture",
    "Struse_EnhancedSchedule": "False",
    "StrorderRouteforReview": "",
    "StrProposePlan": "",
    "StrOrderComplete":"Communication Order",
    "StrOrderMedStudent":"False",
    "StrOrderA_SequencePlan":"Team Conference"
}