{
    "TestedBy": "RS091347",
    "ClientMnemonic": "LMH_KS",
    "TTPurpose": "UCMS_LMH_KS_C103_Test",
    "Domain": "C103",
    "SolutionName": "Orders Management",
    "StrClientName": "LMH_KS",
    "StrUsername_DBA": "RS091347A",
    "StrPassword_DBA": "cerner*1",
    "StrUsername_RN": "RS091347A",
    "StrPassword_RN": "cerner*1",
    "StrUsername_MED": "RS091347A",
    "StrPassword_MED": "cerner*1",
    "StrAllergy_Mode": "Flat",
    "StrAllergyName": "penicillin",
    "StrReactionName": "Rash",
    "StrAllergy_Action": "Modify",
    "StrAllergy_Modify": "True",
    "StrAllergyRemove_MCDS": "True",
    "StrAllergyActions_MCDS": "True",
    "StrDuplicate_MCDS": "True",
    "strOrderType": "Inpatient",
    "StrOrder_Allergy1": "ketorolac",
    "strOrderSentence": "mg",
    "StrPhysicianUserName": "RS091347B",
    "StrOrderOrProposal": "Order",
    "StrCommunicationType": "Verbal",
    "strOverrideReason": "Acknowledge",
    "strInteractions": "Apply to All",
    "StrOrder_Allergy2": "ibuprofen",
    "StrInteractionCategory": "",
    "StrDuplicate_OrderName": "ibuprofen",
    "strAllergyStatus": "Ordered",
    "strAllergyStatus1": "Ordered",
    "IntAllergyInstance": "1",
    "strOrderType_Ambulatory": "Clinic - Orders",
    "StrOrder_Outpatient1": "Aspirin",
    "StrOrder_Outpatient2": "Amoxicillin",
    "StrOrder_Outpatient3": "Acetaminophen",
    "StrDiagnosis1": "Hypertension",
    "StrDiagnosis2": "Pain",
    "StrDiagnosis3": "Anxiety",
    "StrProblem1": "Pain",
    "StrProblem2": "Broken nose",
    "strRightClickActionModify": "Modify",
    "strRightClickActionCancel_Reorder": "Cancel/Reorder",
    "strRightClickActionCancel_DC": "Cancel/DC",
    "strOrderType_Prescriptions": "Discharge Meds as Rx",
    "StrOrder_Prescription_Outpatient4": "aspirin 81 mg oral capsule",
    "strRightClickActionConverAMB": "Convert",
    "Struse_synonyms": "True",
    "Struse_OrderSentence": "True",
    "Struse_ReschduleTask": "True",
    "Struse_CancelReorderDC": "True",
    "Struse_favorites": "True",
    "Struse_Careset": "True",
    "StrorderCareset": "ED Code Stroke CARESET",
    "StrCaresetOrderName": "CBG",
    "StrOrderSupergroup_Careset": "False",
    "StrOrderNested_Careset": "False",
    "StrOrdeMultipleRx": "Clinidine",
    "StrOrderDiluentAddtive": "D5W",
    "StrOrderDoseCalc": "acetaminophen",
    "StrOrderSlidingscale": "False",
    "StrOrderDocumentMed1": "acetaminophen 80 mg oral tablet",
    "StrOrderDocumentMed2": "gabapentin 100 mg oral capsule",
    "StrOrderDocumentMed3": "aspirin 325 mg oral tablet",
    "StrOrderDocumentMed4": "lithium 150 mg oral capsule",
    "StrOrderDocumentMed5": "lisinopril 2.5 mg oral tablet",
    "StrStatus": "Documented",
    "StrRightClickActionModify": "Modify",
    "StrnumorderInstanc": "1",
    "Struse_DocumentMeds": "True",
    "StrOrderFavorites": "aspirin",
    "StrOrderSynonym1": "acetaminophen",
    "StrOrderSynonym2": "Tylenol",
    "StrMedicationOrder": "aspirin",
    "StrOrderInstance": "1",
    "StrOrderIntervalFrequency": "aspirin",
    "Strfrequency_intervalfrequency": "qAM",
    "Struse_PrintOrderSheet": "False",
    "Struse_ProblemDiagnosis": "True",
    "StrOrderDiagnosis": "aspirin",
    "StrOrderProblem": "acetaminophen",
    "StrorderDuplicate": "Chest CT W Contrast",
    "StrOrderTaper": "False",
    "IntOrderInstance": "1",
    "StrOrderFuture": "Plasma Hemoglobin",
    "StrOrderUnscheduled": 
        "ceFAZolin",
       
    "StrOrderUnscheduledValue": "unscheduled ",
    "StrOrderOneTimeFreq": "nitroglycerin",
    "StrOrderOneTimeFreqValue": "ONCE",
    "StrOrderDuration": "nitroglycerin",
    "StrstrOrderDetailsFieldName": "Duration",
    "StrOrderHardstop": "hydrocortisone",
    "StrDateTime_FieldName": "Start Date",
    "StrAdministration": "TRUE",
    "StrDateEntry": "T",
    "StrTimeEntry": "N",
    "StrSkipAdmin": "",
    "StrOrderSoftstop": "hydrocortisone",
    "StrFIN": "",
    "StrOrderEnchancedReOrder": "aspirin",
    "StrOrderEnhancedValue": "BID",
    "StrDateTime_FieldName1": "Stop Date",
    "StrOrderMedStudent":"Medrol",
    "StrOrderComplete":"NPO",
    "Struse_supendResume": "True",
    "Struse_OrderCopy": "True",
    "Struse_OrderVoid": "True",
    "Struse_OrderNurseReview": "True",
    "Struse_OrderComplete": "True",
    "StrRightclickAction_Void": "Delete",
    "StrOrderFalsenMed": "Chest 1 View",
    "StrAddtiveName": 
        "Sodium Bicarbonate",
        
    "strValidateModifyStatus": "Ordered",
    "StrValidate_MultipleRx": "Ordered",
    "StrValidate_Suspend": "Suspend",
    "StrValidate_Resume": "Ordered",
    "StrPhysician_Username": "RS091347B",
    "StrPhysician_Password": "cerner*1",
    "StrOrder_Prescription1": "lisinopril 5 mg oral tablet",
    "StrOrder_Prescription2": "acetaminophen 80 mg oral tablet",
    "StrOrder_Prescription3": "lisinopril 5 mg oral tablet",
    "StrOrder_Prescription4": "lipitor 10 mg oral tablet",
    "StrorderMisc": "Miscellaneous Diab Supply Rx",
    "StrOrder_DocumentMedHx_Presc": "Aspirin",
    "StrOrder_Inpatient": "Medrol",
    "StrOrder_Prescription5": "lisinopril 5 mg oral tablet",
    "Struse_ProposeRenewals": "False",
    "Struse_ConvertInpatient": "True",
    "Struse_ConvertRx": "True",
    "Struse_CompleteRx": "True",
    "Struse_VoidRx": "True",
    "Struse_supendResumeRx": "True",
    "Struse_CancelReorderRx": "True",
    "Struse_DiscontinueRx": "True",
    "Struse_MiscPrescription": "True",
    "Struse_copyPrescription": "True",
    "Struse_Referencetext": "True",
    "Struse_RenewPrescription": "True",
    "Struse_ModifyPrescription": "True",
    "StrOrderComment": "Testing Comments",
    "strOrdersentence_Prescriptions": "tab",
    "Struse_MARSummary": "True",
    "Struse_Ivsite": "True",
    "StrOrderStatus": "Documented",
    "StrorderPRN": "naloxone",
    "Struse_CancelCharting": "True",
    "Struse_RescheduleDose": "True",
    "StrorderScheduledMed": "methylPREDNISolone",
    "StrOrderMedInfo": "Route",
    "StrOrderMedDose": "given",
    "StrOrderIVDose": "Pending",
    "StrorderIV": 
        "D5W",
      
    "StrOrderIVInfo": "Routine",
    "Struse_AdditionalDose": "True",
    "Struse_ResponseTask": "True",
    "Struse_MARcomments": "False",
    "StrorderUnscheduled": "clindamycin",
        
    "StrOrderPRNInfo": "Form",
    "StrOrderPRNDose": "given",
    "StrOrderUnscheduledInfo": "Bag",
    "StrOrderUnscheduledDose": "given",
    "Struse_Unchart": "True",
    "Struse_ChartFalsetDone": "True",
    "Struse_RescheduleAdminTimes": "True",
    "Struse_AdminFalsete": "True",
    "Struse_InfuseVolume": "True",
    "Struse_TherapeuticClassView": "True",
    "Struse_PlanView": "False",
    "StrOrderInfo": "",
    "StrOrderDose": "",
    "StrorderImmunization": "poliovirus vaccine, inactivated",
    "StrorderImmunizationMedInfo": "Start",
    "StrorderImmunizationMedDose": "given",
    "StrorderNurseWitness": "ibuprofen",
    "StrorderNurseMedInfo": "Tab",
    "StrorderNurseMedDose": "given",
    "StrorderAutoVerify": "aspirin",
    "strValidate_AutoVerify": "Ordered",
    "StrorderIntermittentMed": "Cytoxin Lyophilized",
    "StrOrderInterMedInfo": "",
    "StrOrderInterMedDose": "",
    "StrorderIntermittentIV": "Cytoxin Lyophilized",
    "StrOrderInterIVInfo": "",
    "StrOrderInterIVDose": "",
    "StrorderDTA": "Acetaminophen",
    "StrOrderDTAIVInfo": "Tab",
    "StrOrderDTADose": "given",
    "StrOrder_IVMAW": "D5W",
    "StrOrderMAW1": "Dextrose 5% in Water",
    "StrOrderMAW2": "Acetaminophen",
    "StrOrderMultiIngredient": "DOBUTamine 250mg/250ml IV set",
    "StrOrderMultiIngedientScan": "D5W",
    "StrMedicationKeyword": "Routine",
    "StrTimeViewValue": "Cont",
    "StrReconciliationType_Admission": "Admission",
    "strPriorOrAfter1": "Prior",
    "strReconciliationOrderName1": [
       
        "aspirin"
    ],
    "strReconciliationOrderStatus1": "",
    "strRadioButton1": "Continue",
    "strPriorOrAfter2": "Prior",
    "strReconciliationOrderName2": "Medrol",
    "strReconciliationOrderStatus2": "",
    "strRadioButton2": "Continue",
    "strPriorOrAfter3": "Prior",
    "strReconciliationOrderName3": "lisinopril 5 mg oral tablet",
    "strReconciliationOrderStatus3": "",
    "strRadioButton3": "DNC",
    "strPriorOrAfter4": "After",
    "strReconciliationOrderName4": [
       
        "acetaminophen 80mg chew tab*"
    ],
    "strReconciliationOrderStatus4": "",
    "strRadioButton4": "Continue",
    "StrReconciliationType_Transfer": "",
    "StrReconciliationType_Discharge": "Discharge",
    "strRightClickAction_CnvtIPtoPrescription": "Convert",
    "StrStatus_Admission": "Admission",
    "StrTooltipText": "Complete",
    "StrStatus_Discharge": "Discharge",
    "StrTooltipText_Discharge": "Complete",
    "strRightClickAction_Modify": "Modify",
    "Struse_VoidReconciliation": "",
    "StrVoid_option": "",
    "Struse_SuspendResumeReconciliation": "True",
    "StrorderSinglephase": "Pre-Op",
    "StrOrderA_Singlephase": "Weight",
    "StrOrderB_Singlephase": "Patient Education",
    "StrOrderC_Singlephase": [
        "lisinopril",
        "furosemide"
    ],
    "StrOrderD_Singlephase": "bumetanide",
    "StrorderE_Singlephase": "aspirin",
    "StrorderMultiphase": "Surgical Colorectal PowerPlan",
    "Strphase1_Multiphase": "PAT Pre-Op",
    "IntnumOccuranceCount": "1",
    "StrOrderA_Multiphase1": "Operative/Procedure Consent",
    "StrOrderA_Multiphase2": "SCDs",
    "StrOrderA_Multiphase3": "COMP",
    "StrOrderB_Multiphase1": "Obtain Medical Records",
    "StrOrderB_Multiphase2": "Enema Administration",
    "StrOrderB_Multiphase3": "BMP",
    "StrOrderC_Multiphase1": "Type and Screen",
    "StrOrderC_Multiphase2": "aztreonam",
    "StrOrderC_Multiphase3": "PTT",
    "StrOrderD_Multiphase1": "PTT",
    "StrOrderD_Multiphase2": "clindamycin",
    "StrOrderD_Multiphase3": "Discharge",
    "StrOrderE_Multiphase1": "COMP",
    "StrOrderE_Multiphase2": "heparin",
    "StrOrderE_Multiphase3": "Type and Screen",
    "Strphase2_Multiphase": "Day of Surgery",
    "Strphase3_Multiphase": "PACU",
    "Struse_DiscontinuePlans": "True",
    "strReason_Discontinue": "a",
    "strReasonDiscontinue_IPOC": "a",
    "StrDiscontinueOrder": "Communication",
    "StrorderIPOC": "Restraints Management IPOC",
    "Stroutcome1_IPOC": "Patient Specific Goal 1",
    "Stroutcome2_IPOC": "Patient Specific Goal 2",
    "Strintervention_IPOC": "Patient Specific Goal 3",
    "StrDiscontinueOrder_IPOC": "",
    "StrOrderSentence": "mg",
    "StrComponentStatus": "11/25/2024",
    "StrorderCopyForward": "Surgical Colorectal PowerPlan",
    "StrorderEvidenceLink": "Restraints Management IPOC",
    "StrorderRxPlan": "",
    "StrOrder_Prescription1RxPlan": "",
    "StrOrder_Prescription2RxPlan": "",
    "StrOrderFuturePlan": "PAT/Pre-operative PowerPlan",
    "StrorderSequencePlan": "",
    "StrorderDiagnosisPlan": [
        "Bedrest",
        "aspirin"
    ],
    "StrDiagnosis_Plan": "",
    "StrorderLabCollect1": "CBC with AUTOMATED Differential",
    "StrorderLabCollect2": "Comp",
    "StrorderLabCollect3": "Protime",
    "Struse_EnhancedSchedule": "True",
    "StrorderRouteforReview\n": "",
    "StrProposePlan": ""
}