{
    "StrClientName": "MCGH_GA",
    "StrUsername_DBA": "RS091347B",
    "StrPassword_DBA": "cerner*1",
    "StrUsername_RN": "RS091347D",
    "StrPassword_RN": "cerner",
    "StrUsername_MED": "RS091347E",
    "StrPassword_MED": "cerner*1",
    "StrAllergy_Mode": "Flat",
    "StrAllergyName": "Aspirin",
    "StrReactionName": "Rash",
    "StrAllergy_Action": "Modify",
    "StrAllergy_Modify": "True",
    "StrAllergyRemove_MCDS": "True",
    "StrAllergyActions_MCDS": "True",
    "StrDuplicate_MCDS": "False",
    "strOrderType": "Inpatient",
    "StrOrder_Allergy1": "ketorolac",
    "strOrderSentence": "aspirin chewable oral solid",
    "StrPhysicianUserName": "RS091347B",
    "StrOrderOrProposal": "Order",
    "StrCommunicationType": "Verbal",
    "strOverrideReason": "Acknowledge",
    "strInteractions": "Apply to All",
    "StrOrder_Allergy2": "ibuprofen oral liquid",
    "StrInteractionCategory": "False",
    "StrDuplicate_OrderName": "XR Chest 2 Views",
    "strAllergyStatus": "Apply to All",
    "strAllergyStatus1": "False",
    "IntAllergyInstance": "1",
    "strOrderType_Ambulatory": "Ambulatory",
    "StrOrder_Outpatient1": "Aspirin",
    "StrOrder_Outpatient2": "Amoxicillin",
    "StrOrder_Outpatient3": "Acetaminophen",
    "StrDiagnosis1": "Fever",
    "StrDiagnosis2": "COPD",
    "StrDiagnosis3": "Cough",
    "StrProblem1": "Pain",
    "StrProblem2": "Broken Nose",
    "strRightClickActionModify": "Modify",
    "strRightClickActionCancel_Reorder": "Reorder",
    "strRightClickActionCancel_DC": "Cancel/DC",
    "strOrderType_Prescriptions": "Discharge Meds as Rx",
    "StrOrder_Prescription_Outpatient4": "ibuprofen 100 mg oral tablet",
    "strRightClickActionConverAMB": "False",
    "Struse_synonyms": "True",
    "Struse_OrderSentence": "True",
    "Struse_ReschduleTask": "True",
    "Struse_CancelReorderDC": "True",
    "Struse_favorites": "True",
    "Struse_Careset": "False",
    "StrorderCareset": "Quantitiative Assay Drug Panel",
    "StrCaresetOrderName": "Ref VORI",
    "StrOrderSupergroup_Careset": "False",
    "StrOrderNested_Careset": "False",
    "StrOrdeMultipleRx": "heparin 2 unit/mL in NS 1000 mL PREMIX IV Drip",
    "StrOrderDiluentAddtive": "potassium acetate additive",
    "StrOrderDoseCalc": "vancomycin IV (mg/kg) ADULT",
    "StrOrderSlidingscale": "N/A",
    "StrOrderDocumentMed1": "acetaminophen  80 mg oral tablet, chewable",
    "StrOrderDocumentMed2": "gabapentin 100 mg oral capsule",
    "StrOrderDocumentMed3": "aspirin 325 mg oral tablet",
    "StrOrderDocumentMed4": "lithium 150 mg oral capsule",
    "StrOrderDocumentMed5": "lisinopril 2.5 mg oral tablet",
    "StrStatus": "Documented",
    "StrRightClickActionModify": "Modify",
    "StrnumorderInstanc": "1",
    "Struse_DocumentMeds": "True",
    "StrOrderFavorites": "aspirin chewable oral solid",
    "StrOrderSynonym1": "atorvastatin oral solid",
    "StrOrderSynonym2": "Lipitor oral solid",
    "StrMedicationOrder": "aspirin chewable oral solid",
    "StrOrderInstance": "1",
    "StrOrderIntervalFrequency": "aspirin chewable oral solid",
    "Strfrequency_intervalfrequency": "q6hr",
    "Struse_PrintOrderSheet": "True",
    "Struse_ProblemDiagnosis": "True",
    "StrOrderDiagnosis": "False",
    "StrOrderProblem": "False",
    "StrorderDuplicate": "XR Chest 2 Views",
    "StrOrderTaper": "False",
    "IntOrderInstance": "1",
    "StrOrderFuture": "Consult / Referral to Cardiac Rehab",
    "StrOrderUnscheduled": "Benadryl IV",
    "StrOrderUnscheduledValue": "ON CALL",
    "StrOrderOneTimeFreq": "atorvastatin oral solid",
    "StrOrderOneTimeFreqValue": "Once",
    "StrOrderDuration": "acetaminophen oral solid",
    "StrOrderDetailsFieldName": "Duration",
    "StrOrderHardstop": "aspirin chewable oral solid",
    "StrDateTime_FieldName": "Start Date",
    "StrAdministration": "TRUE",
    "StrDateEntry": "T",
    "StrTimeEntry": "N",
    "StrSkipAdmin": "False",
    "StrOrderSoftstop": "False",
    "StrFIN": "False",
    "StrOrderEnchancedReOrder": "aspirin",
    "StrOrderEnhancedValue": "BID",
    "StrDateTime_FieldName1": "Stop Date",
    "Struse_supendResume": "True",
    "Struse_OrderCopy": "True",
    "Struse_OrderVoid": "True",
    "Struse_OrderNurseReview": "True",
    "Struse_OrderComplete": "True",
    "StrRightclickAction_Void": "Delete",
    "StrOrderNonMed": "XR Chest 2 Views",
    "StrAddtiveName": "potassium acetate ADDITIVE",
    "strValidateModifyStatus": "Ordered",
    "StrValidate_MultipleRx": "Ordered",
    "StrValidate_Suspend": "False",
    "StrValidate_Resume": "False",
    "StrPhysician_Username": "RS091347B",
    "StrPhysician_Password": "cerner",
    "StrOrder_Prescription1": "Zoloft 25 mg oral tablet",
    "StrOrder_Prescription2": "aspirin 81 mg oral capsule",
    "StrOrder_Prescription3": "Medrol 2 mg oral tablet",
    "StrOrder_Prescription4": "ibuprofen 100 mg oral tablet",
    "StrorderMisc": "Misc medication",
    "StrOrder_DocumentMedHx_Presc": "Aspirin",
    "StrOrder_Inpatient": "lisinopril oral solid",
    "StrOrder_Prescription5": "Zoloft 50 mg oral tablet",
    "Struse_ProposeRenewals": "True",
    "Struse_ConvertInpatient": "True",
    "Struse_ConvertRx": "True",
    "Struse_CompleteRx": "True",
    "Struse_VoidRx": "False",
    "Struse_supendResumeRx": "No",
    "Struse_CancelReorderRx": "True",
    "Struse_DiscontinueRx": "True",
    "Struse_MiscPrescription": "True",
    "Struse_copyPrescription": "True",
    "Struse_Referencetext": "True",
    "Struse_RenewPrescription": "True",
    "Struse_ModifyPrescription": "True",
    "StrOrderComment": "Testing Comments",
    "strOrdersentence_Prescriptions": "True",
    "Struse_MARSummary": "True",
    "Struse_Ivsite": "True",
    "StrOrderStatus": "False",
    "StrorderPRN": "senna oral solid",
    "Struse_CancelCharting": "True",
    "Struse_RescheduleDose": "True",
    "StrorderScheduledMed": "acetaminophen oral solid",
    "StrOrderMedInfo": "False",
    "StrOrderMedDose": "False",
    "StrOrderIVDose": "Pending",
    "StrorderIV": "D5W IVF",
    "StrOrderIVInfo": "False",
    "Struse_AdditionalDose": "True",
    "Struse_ResponseTask": "True",
    "Struse_MARcomments": "True",
    "StrorderUnscheduled": "Lipitor oral solid",
    "StrOrderPRNInfo": "False",
    "StrOrderPRNDose": "False",
    "StrOrderUnscheduledInfo": "False",
    "StrOrderUnscheduledDose": "False",
    "Struse_Unchart": "True",
    "Struse_ChartNotDone": "True",
    "Struse_RescheduleAdminTimes": "False",
    "Struse_AdminNote": "True",
    "Struse_InfuseVolume": "True",
    "Struse_TherapeuticClassView": "True",
    "Struse_PlanView": "False",
    "StrOrderInfo": "False",
    "StrOrderDose": "False",
    "StrorderImmunization": "influenza vaccine ADULT",
    "StrorderImmunizationMedInfo": "False",
    "StrorderImmunizationMedDose": "False",
    "StrorderNurseWitness": "False",
    "StrorderNurseMedInfo": "False",
    "StrorderNurseMedDose": "False",
    "StrorderAutoVerify": "False",
    "strValidate_AutoVerify": "False",
    "StrorderIntermittentMed": "ceFAZolin IV",
    "StrOrderInterMedInfo": "False",
    "StrOrderInterMedDose": "False",
    "StrorderIntermittentIV": "ceFAZolin IV",
    "StrOrderInterIVInfo": "False",
    "StrOrderInterIVDose": "False",
    "StrorderDTA": "senna oral solid",
    "StrOrderDTAIVInfo": "False",
    "StrOrderDTADose": "False",
    "StrOrder_IVMAW": "False",
    "StrOrderMAW1": "acetaminophen oral solid",
    "StrOrderMAW2": "senna oral solid",
    "StrOrderMultiIngredient": "D520 Potassium Chloride",
    "StrOrderMultiIngedientScan": "Epidural",
    "StrMedicationKeyword": "Routine",
    "StrTimeViewValue": "Cont",
    "StrReconciliationType_Admission": "Admission",
    "strPriorOrAfter1": "Prior",
    "strReconciliationOrderName1": "senna oral solid",
    "strReconciliationOrderStatus1": "False",
    "strRadioButton1": "Continue",
    "strPriorOrAfter2": "Prior",
    "strReconciliationOrderName2": "lisinopril oral solid",
    "strReconciliationOrderStatus2": "False",
    "strRadioButton2": "Continue",
    "strPriorOrAfter3": "Prior",
    "strReconciliationOrderName3": "Zoloft 50 mg oral tablet",
    "strReconciliationOrderStatus3": "False",
    "strRadioButton3": "DNC",
    "strPriorOrAfter4": "After",
    "strReconciliationOrderName4": "captopril 12.5 mg oral tablet",
    "strReconciliationOrderStatus4": "False",
    "strRadioButton4": "Continue",
    "StrReconciliationType_Transfer": "Transfer",
    "StrReconciliationType_Discharge": "Discharge",
    "strRightClickAction_CnvtIPtoPrescription": "Convert",
    "StrStatus_Admission": "Admission",
    "StrTooltipText": "Complete",
    "StrStatus_Discharge": "Discharge",
    "StrTooltipText_Discharge": "Complete",
    "strRightClickAction_Modify": "Modify",
    "Struse_VoidReconciliation": "False",
    "StrVoid_option": "False",
    "Struse_SuspendResumeReconciliation": "True",
    "StrorderSinglephase": "Fever and Neutropenia Pediatric",
    "StrOrderA_Singlephase": "Isolation Precautions",
    "StrOrderB_Singlephase": "Intake and Output-Strict",
    "StrOrderC_Singlephase": "Measurements (Weight)",
    "StrOrderD_Singlephase": "Regular Diet",
    "StrorderE_Singlephase": "acyclovir",
    "StrorderMultiphase": "OB Triage Multiphase Acute",
    "Strphase1_Multiphase": "Abdominal pain",
    "IntnumOccuranceCount": "1",
    "StrOrderA_Multiphase1": "Vital Signs",
    "StrOrderB_Multiphase1": "Actionable Rule",
    "StrOrderC_Multiphase1": "Patient Monitor",
    "StrOrderD_Multiphase1": "codeine oral solid",
    "StrOrderE_Multiphase1": "ondansetron oral solid",
    "StrOrderA_Multiphase2": "Vital Signs",
    "StrOrderB_Multiphase2": "Intake and Output",
    "StrOrderC_Multiphase2": "NPO",
    "StrOrderD_Multiphase2": "NS IVF",
    "StrOrderE_Multiphase2": "acetaminophen oral solid",
    "StrOrderA_Multiphase3": "Vital Signs",
    "StrOrderB_Multiphase3": "Intake and Output",
    "StrOrderC_Multiphase3": "Regular Diet",
    "StrOrderD_Multiphase3": "ibuprofen oral solid",
    "StrOrderE_Multiphase3": "lisinopril oral solid",
    "Strphase2_Multiphase": "Dehydration",
    "Strphase3_Multiphase": "Infection Symptoms",
    "Struse_DiscontinuePlans": "False",
    "strReason_Discontinue": "a",
    "strReasonDiscontinue_IPOC": "a",
    "StrDiscontinueOrder": "False",
    "StrorderIPOC": "IPOC - OB Well Newborn",
    "Stroutcome1_IPOC": "Newborn Maintains Body Temperature",
    "Stroutcome2_IPOC": "Parents Will Bond With Newborn",
    "Strintervention_IPOC": "Newborn Maintains Body Temperature",
    "StrDiscontinueOrder_IPOC": "False",
    "StrOrderSentence": "mg",
    "StrComponentStatus": "12/19/2024",
    "StrorderCopyForward": "False",
    "StrorderEvidenceLink": "False",
    "StrorderRxPlan": "False",
    "StrOrder_Prescription1RxPlan": "False",
    "StrOrder_Prescription2RxPlan": "False",
    "StrOrderFuturePlan": "False",
    "StrorderSequencePlan": "False",
    "StrDiagnosis_Plan": "Fever",
    "StrorderDiagnosisPlan": "AMB General Internal Medicine",
    "StrorderLabCollect1": "Complete Blood Count with Differential",
    "StrorderLabCollect2": "Basic Metabolic Panel",
    "StrorderLabCollect3": "Hepatic Function Panel",
    "Struse_EnhancedSchedule": "False",
    "StrorderRouteforReview": "False",
    "StrProposePlan": "False"
}