{
    "StrClientName": "MCH_TX C5075",
    "StrUsername_DBA": "RS091347A",
    "StrPassword_DBA": "cerner*1",
    "StrUsername_RN": "RS091347A",
    "StrPassword_RN": "cerner",
    "StrUsername_MED": "RS091347A",
    "StrPassword_MED": "cerner",
    "StrAllergy_Mode": "Flat",
    "StrAllergyName": "aspirin",
    "StrReactionName": "Rash",
    "StrAllergy_Action": "Modify",
    "StrAllergy_Modify": "True",
    "StrAllergyRemove_MCDS": "True",
    "StrAllergyActions_MCDS": "True",
    "StrDuplicate_MCDS": "False",
    "strOrderType": "Inpatient",
    "StrOrder_Allergy1": "aspirin",
    "strOrderSentence": "mg",
    "StrPhysicianUserName": "RS091347B",
    "StrOrderOrProposal": "",
    "StrCommunicationType": "Verbal",
    "strOverrideReason": "Patient Already",
    "strInteractions": "Apply to All",
    "StrOrder_Allergy2": "ibuprofen",
    "StrInteractionCategory": "",
    "StrDuplicate_OrderName": "CBC",
    "strAllergyStatus": "Discontinue",
    "strAllergyStatus1": "Ordered",
    "IntAllergyInstance": "1",
    "strOrderType_Ambulatory": "Ambulatory • In Office",
    "StrOrder_Outpatient1": "diphenhydrAMINE",
    "StrOrder_Outpatient2": "aspirin",
    "StrOrder_Outpatient3": "clindamycin",
    "StrDiagnosis1": "Cough",
    "StrDiagnosis2": "Headache",
    "StrDiagnosis3": "Abattoir fever",
    "StrProblem1": "Broken arm",
    "StrProblem2": "Broken arm",
    "strRightClickActionModify": "Modify",
    "strRightClickActionCancel_Reorder": "Reorder",
    "strRightClickActionCancel_DC": "Discontinue",
    "strOrderType_Prescriptions": "Prescriptions",
    "StrOrder_Prescription_Outpatient4": "albendazole 200 mg oral tablet",
    "strRightClickActionConverAMB": "Convert to",
    "Struse_synonyms": "True",
    "Struse_OrderSentence": "True",
    "Struse_ReschduleTask": "True",
    "Struse_CancelReorderDC": "True",
    "Struse_favorites": "True",
    "Struse_Careset": "True",
    "StrorderCareset": "Adult Admission Rule",
    "StrCaresetOrderName": "Admission History",
    "StrOrderSupergroup_Careset": "False",
    "StrOrderNested_Careset": "False",
    "StrOrdeMultipleRx": "colistimethate",
    "StrOrderDiluentAddtive": "dextrose 5% in water drip",
    "StrOrderDoseCalc": "pyrazinamide",
    "StrOrderSlidingscale": "False",
    "StrOrderDocumentMed1": "acetaminophen",
    "StrOrderDocumentMed2": "gabapentin",
    "StrOrderDocumentMed3": "aspirin",
    "StrOrderDocumentMed4": "clindamycin",
    "StrOrderDocumentMed5": "lithium",
    "StrStatus": "Documented",
    "StrRightClickActionModify": "Modify",
    "StrnumorderInstanc": "1",
    "Struse_DocumentMeds": "True",
    "StrOrderFavorites": "Tylenol",
    "StrOrderSynonym1": "acetaminophen",
    "StrOrderSynonym2": "Tylenol",
    "StrMedicationOrder": "Tylenol",
    "StrOrderInstance": "1",
    "StrOrderIntervalFrequency": "acetaminophen",
    "Strfrequency_intervalfrequency": "q6h",
    "Struse_PrintOrderSheet": "True",
    "Struse_ProblemDiagnosis": "True",
    "StrOrderDiagnosis": "clindamycin",
    "StrOrderProblem": "lisinopril",
    "StrorderDuplicate": "Orthostatic Blood Pressure and Heart Rate",
    "StrOrderTaper": "PredniSONE",
    "IntOrderInstance": "1",
    "StrOrderFuture": "CBC w/ Diff",
    "StrOrderUnscheduled": "Tylenol",
    "StrOrderUnscheduledValue": "On Call",
    "StrOrderOneTimeFreq": "aspirin",
    "StrOrderOneTimeFreqValue": "Once",
    "StrOrderDuration": "abacavir",
    "StrOrderDetailsFieldName": "Duration",
    "StrOrderHardstop": "ketorolac",
    "StrDateTime_FieldName": "First Dose Date/Time",
    "StrAdministration": "True",
    "StrDateEntry": "T",
    "StrTimeEntry": "N",
    "StrSkipAdmin": "True",
    "StrOrderSoftstop": "False",
    "StrFIN": "",
    "StrOrderEnchancedReOrder": "aspirin",
    "StrOrderEnhancedValue": "BID",
    "StrDateTime_FieldName1": "Stop Date",
    "Struse_supendResume": "True",
    "Struse_OrderCopy": "True",
    "Struse_OrderVoid": "True",
    "Struse_OrderNurseReview": "True",
    "Struse_OrderComplete": "True",
    "StrRightclickAction_Void": "Void",
    "StrOrderNonMed": "CT Abdomen w/ Contrast",
    "StrAddtiveName": "Doxil",
    "strValidateModifyStatus": "Ordered",
    "StrValidate_MultipleRx": "Ordered",
    "StrValidate_Suspend": "Suspend",
    "StrValidate_Resume": "Resume",
    "StrPhysician_Username": "RS091347B",
    "StrPhysician_Password": "cerner*1",
    "StrOrder_Prescription1": "aspirin 81 mg oral capsule",
    "StrOrder_Prescription2": "acetaminophen 80 mg oral tablet",
    "StrOrder_Prescription3": "Albenza 200 mg oral tablet",
    "StrOrder_Prescription4": "albendazole 200 mg oral tablet",
    "StrorderMisc": "Misc Prescription",
    "StrOrder_DocumentMedHx_Presc": "Medrol",
    "StrOrder_Inpatient": "clindamycin",
    "StrOrder_Prescription5": "aspirin 81 mg oral capsule",
    "Struse_ProposeRenewals": "True",
    "Struse_ConvertInpatient": "True",
    "Struse_ConvertRx": "True",
    "Struse_CompleteRx": "True",
    "Struse_VoidRx": "True",
    "Struse_supendResumeRx": "True",
    "Struse_CancelReorderRx": "True",
    "Struse_DiscontinueRx": "True",
    "Struse_MiscPrescription": "True",
    "Struse_copyPrescription": "True",
    "Struse_Referencetext": "True",
    "Struse_RenewPrescription": "True",
    "Struse_ModifyPrescription": "True",
    "StrOrderComment": "Testing",
    "strOrdersentence_Prescriptions": "True",
    "Struse_MARSummary": "True",
    "Struse_Ivsite": "True",
    "StrOrderStatus": "Ordered",
    "StrorderPRN": "acetaminophen",
    "Struse_CancelCharting": "True",
    "Struse_RescheduleDose": "False",
    "StrorderScheduledMed": "colistimethate",
    "StrOrderMedInfo": "Dose",
    "StrOrderMedDose": "given",
    "StrOrderIVDose": "Pending",
    "StrorderIV": "dextrose 5% in water drip",
    "StrOrderIVInfo": "Duration",
    "Struse_AdditionalDose": "False",
    "Struse_ResponseTask": "True",
    "Struse_MARcomments": "False",
    "StrorderUnscheduled": "Tylenol",
    "StrOrderPRNInfo": "",
    "StrOrderPRNDose": "",
    "StrOrderUnscheduledInfo": "",
    "StrOrderUnscheduledDose": "",
    "Struse_Unchart": "True",
    "Struse_ChartNotDone": "True",
    "Struse_RescheduleAdminTimes": "True",
    "Struse_AdminNote": "True",
    "Struse_InfuseVolume": "True",
    "Struse_TherapeuticClassView": "True",
    "Struse_PlanView": "True",
    "StrOrderInfo": "",
    "StrOrderDose": "",
    "StrorderImmunization": "poliovirus vaccine",
    "StrorderImmunizationMedInfo": "Susp",
    "StrorderImmunizationMedDose": "given",
    "StrorderNurseWitness": "docusate",
    "StrorderNurseMedInfo": "Daily",
    "StrorderNurseMedDose": "given",
    "StrorderAutoVerify": "docusate",
    "strValidate_AutoVerify": "Ordered",
    "StrorderIntermittentMed": "sodium chloride 0.45%",
    "StrOrderInterMedInfo": "",
    "StrOrderInterMedDose": "",
    "StrorderIntermittentIV": "banana IV bag",
    "StrOrderInterIVInfo": "",
    "StrOrderInterIVDose": "",
    "StrorderDTA": "acetaminophen",
    "StrOrderDTAIVInfo": "Duration",
    "StrOrderDTADose": "given",
    "StrOrder_IVMAW": "dextrose 5% in water drip",
    "StrOrderMAW1": "aspirin",
    "StrOrderMAW2": "acetaminophen",
    "StrOrderMultiIngredient": "DOBUTamine 16 mg with D5W 20 mL",
    "StrOrderMultiIngedientScan": "D5W drip",
    "StrMedicationKeyword": "Titrate",
    "StrTimeViewValue": "Continuous",
    "StrReconciliationType_Admission": "Admission",
    "strPriorOrAfter1": "",
    "strReconciliationOrderName1": "ibuprofen",
    "strReconciliationOrderStatus1": "",
    "strRadioButton1": "",
    "strPriorOrAfter2": "",
    "strReconciliationOrderName2": "lisinopril",
    "strReconciliationOrderStatus2": "",
    "strRadioButton2": "",
    "strPriorOrAfter3": "",
    "strReconciliationOrderName3": "aspirin 81 mg oral capsule",
    "strReconciliationOrderStatus3": "",
    "strRadioButton3": "",
    "strPriorOrAfter4": "",
    "strReconciliationOrderName4": "acetaminophen 80 mg oral tablet, chewable",
    "strReconciliationOrderStatus4": "",
    "strRadioButton4": "",
    "StrReconciliationType_Transfer": "Transfer",
    "StrReconciliationType_Discharge": "Discharge",
    "strRightClickAction_CnvtIPtoPrescription": "",
    "StrStatus_Admission": "",
    "StrTooltipText": "",
    "StrStatus_Discharge": "",
    "StrTooltipText_Discharge": "",
    "strRightClickAction_Modify": "",
    "Struse_VoidReconciliation": "",
    "StrVoid_option": "",
    "Struse_SuspendResumeReconciliation": "",
    "StrorderSinglephase": "MCH SURG ENT Postoperative",
    "StrOrderA_Singlephase": "Regular Diet",
    "StrOrderB_Singlephase": "Peripheral IV Discontinue",
    "StrOrderC_Singlephase": "Activity",
    "StrOrderD_Singlephase": "Clear Liquid Diet",
    "StrorderE_Singlephase": "aspirin",
    "StrorderMultiphase": "MCH OB Cesarean Delivery Acute",
    "Strphase1_Multiphase": "Pre-op C-Section",
    "IntnumOccuranceCount": "1",
    "StrOrderA_Multiphase1": "CBC w/ Diff",
    "StrOrderA_Multiphase2": "Transfer patient",
    "StrOrderA_Multiphase3": "NPO",
    "StrOrderB_Multiphase1": "Patient Isolation",
    "StrOrderB_Multiphase2": "Vital Signs",
    "StrOrderB_Multiphase3": "Urinary Catheter Care",
    "StrOrderC_Multiphase1": "Blood Glucose Monitoring POC",
    "StrOrderC_Multiphase2": "Postpartum Checks",
    "StrOrderC_Multiphase3": "Peripheral IV Discontinue",
    "StrOrderD_Multiphase1": "RPR",
    "StrOrderD_Multiphase2": "N/A",
    "StrOrderD_Multiphase3": "Ice Pack Application",
    "StrOrderE_Multiphase1": "simethicone",
    "StrOrderE_Multiphase2": "N/A",
    "StrOrderE_Multiphase3": "oxytocin",
    "Strphase2_Multiphase": "Recovery",
    "Strphase3_Multiphase": "Post-operative",
    "Struse_DiscontinuePlans": "True",
    "strReason_Discontinue": "False",
    "strReasonDiscontinue_IPOC": "",
    "StrDiscontinueOrder": "Vital Signs",
    "StrorderIPOC": "Activity Intolerance IPOC",
    "Stroutcome1_IPOC": "Achieve Optimal Activity Tolerance",
    "Stroutcome2_IPOC": "Demonstrates Improved Energy Conservation",
    "Strintervention_IPOC": "Patient Specific Goal 1",
    "StrDiscontinueOrder_IPOC": "Patient",
    "StrComponentStatus": "12/18/2024",
    "StrorderCopyForward": "MCH AMB STD Panel",
    "StrorderEvidenceLink": "False",
    "StrorderRxPlan": "MCH AMB Well Child",
    "StrOrder_Prescription1RxPlan": "Medrol",
    "StrOrder_Prescription2RxPlan": "aspirin",
    "StrOrderFuturePlan": "False",
    "StrorderSequencePlan": "False",
    "StrorderDiagnosisPlan": "MCH AMB STD Panel",
    "StrDiagnosis_Plan": "Cancer",
    "StrorderLabCollect1": "CBC w/ Diff",
    "StrorderLabCollect2": "CBC w/ Diff",
    "StrorderLabCollect3": "CBC w/ Diff",
    "Struse_EnhancedSchedule": "True",
    "StrorderRouteforReview": "",
    "StrProposePlan": "",
    "StrOrderComplete":"IR No Charge Exam",
    "StrOrderMedStudent":"aspirin",
    "StrOrderA_SequencePlan":"Team Conference"
}