{
    "StrClientName": "MCLA_MI",
    "StrUsername_DBA": "SN100932A",
    "StrPassword_DBA": "cerner*1",
    "StrUsername_RN": "SN100932B",
    "StrPassword_RN": "cerner",
    "StrUsername_MED": "SN100932C",
    "StrPassword_MED": "cerner",
    "StrAllergy_Mode": "Flat",
    "StrAllergyName": "penicillin",
    "StrReactionName": "Rash",
    "StrAllergy_Action": "Modify",
    "StrAllergy_Modify": "True",
    "StrAllergyRemove_MCDS": "True",
    "StrAllergyActions_MCDS": "True",
    "StrDuplicate_MCDS": "False",
    "strOrderType": "Inpatient",
    "StrOrder_Allergy1": "ketorolac",
    "strOrderSentence": "acetaminophen",
    "StrPhysicianUserName": "SN100932B",
    "StrOrderOrProposal": "Order",
    "StrCommunicationType": "Verbal",
    "strOverrideReason": "Acknowledge",
    "strInteractions": "Apply to All",
    "StrOrder_Allergy2": "penicillin",
    "StrInteractionCategory": "False",
    "StrDuplicate_OrderName": "CT Angio Chest",
    "strAllergyStatus": "Apply to All",
    "strAllergyStatus1": "False",
    "IntAllergyInstance": "1",
    "strOrderType_Ambulatory": "Ambulatory - Orders Including Med Admin",
    "StrOrder_Outpatient1": "Aspirin",
    "StrOrder_Outpatient2": "Amoxicillin",
    "StrOrder_Outpatient3": "Acetaminophen",
    "StrDiagnosis1": "Acute abdomen",
    "StrDiagnosis2": "Hyperlipidemia, unspecified",
    "StrDiagnosis3": "Chest pain, unspecified",
    "StrProblem1": "Pain",
    "StrProblem2": "Broken Nose",
    "strRightClickActionModify": "Modify",
    "strRightClickActionCancel_Reorder": "Reorder",
    "strRightClickActionCancel_DC": "Cancel/DC",
    "strOrderType_Prescriptions_AMB": "Ambulatory - Order and Prescriptions",
    "strOrderType_Prescriptions": "Prescriptions",
    "StrOrder_Prescription_Outpatient4": "Medrol 4 mg oral tablet",
    "strRightClickActionConverAMB": "False",
    "Struse_synonyms": "True",
    "Struse_OrderSentence": "True",
    "Struse_ReschduleTask": "True",
    "Struse_CancelReorderDC": "True",
    "Struse_favorites": "True",
    "Struse_Careset": "False",
    "StrorderCareset": "OB Panel",
    "StrCaresetOrderName": "OB Panel",
    "StrOrderSupergroup_Careset": "Type and Screen",
    "StrOrderNested_Careset": "False",
    "StrOrdeMultipleRx": "Adrenalin 4 mg/250 mL Infusion",
    "StrOrderDiluentAddtive": "Zinplava",
    "StrOrderDoseCalc": "HYDROmorphone",
    "StrOrderSlidingscale": "False",
    "StrOrderDocumentMed1": "acetaminophen  80 mg oral tablet, chewable",
    "StrOrderDocumentMed2": "gabapentin 100 mg oral capsule",
    "StrOrderDocumentMed3": "aspirin 325 mg oral tablet",
    "StrOrderDocumentMed4": "lithium 150 mg oral capsule",
    "StrOrderDocumentMed5": "lisinopril 2.5 mg oral tablet",
    "StrStatus": "Documented",
    "StrRightClickActionModify": "Modify",
    "StrnumorderInstanc": "1",
    "Struse_DocumentMeds": "True",
    "StrOrderFavorites": "acetaminophen",
    "StrOrderSynonym1": "abacavir",
    "StrOrderSynonym2": "Ziagen",
    "StrMedicationOrder": "acetaminophen",
    "StrOrderInstance": "1",
    "StrOrderIntervalFrequency": "ibuprofen",
    "Strfrequency_intervalfrequency": "q6hr",
    "Struse_PrintOrderSheet": "True",
    "Struse_ProblemDiagnosis": "True",
    "StrOrderDiagnosis": "False",
    "StrOrderProblem": "False",
    "StrorderDuplicate": "CT Angio Chest",
    "StrOrderTaper": "predniSONE",
    "IntOrderInstance": "1",
    "StrOrderFuture": "CBC w Diff",
    "StrOrderUnscheduled": "poliovirus vaccine, inactivated",
    "StrOrderUnscheduledValue": "on call ",
    "StrOrderOneTimeFreq": "Lipitor",
    "StrOrderOneTimeFreqValue": "Once",
    "StrOrderDuration": "ramipril",
    "StrOrderDetailsFieldName": "Duration",
    "StrOrderHardstop": "acetaminophen",
    "StrDateTime_FieldName": "Start Date",
    "StrAdministration": "TRUE",
    "StrDateEntry": "T",
    "StrTimeEntry": "N",
    "StrSkipAdmin": "False",
    "StrOrderSoftstop": "Levophed 8 mg/250 mL Infusion",
    "StrFIN": "False",
    "StrOrderEnchancedReOrder": "aspirin",
    "StrOrderEnhancedValue": "BID",
    "StrDateTime_FieldName1": "Stop Date",
    "Struse_supendResume": "True",
    "Struse_OrderCopy": "True",
    "Struse_OrderVoid": "True",
    "Struse_OrderNurseReview": "True",
    "Struse_OrderComplete": "True",
    "StrRightclickAction_Void": "False",
    "StrOrderNonMed": "CT Abdomen w/ Contrast",
    "StrAddtiveName": "Zinplava",
    "strValidateModifyStatus": "Ordered",
    "StrValidate_MultipleRx": "Ordered",
    "StrValidate_Suspend": "False",
    "StrValidate_Resume": "False",
    "StrPhysician_Username": "SN100932B",
    "StrPhysician_Password": "cerner",
    "StrOrder_Prescription1": "aspirin 81 mg oral delayed release tablet",
    "StrOrder_Prescription2": "acetaminophen 80 mg oral tablet, chewable",
    "StrOrder_Prescription3": "lithium 150 mg oral capsule",
    "StrOrder_Prescription4": "Medrol 4 mg oral tablet",
    "StrorderMisc": "Misc Prescription",
    "StrOrder_DocumentMedHx_Presc": "Aspirin",
    "StrOrder_Inpatient": "False",
    "StrOrder_Prescription5": "aspirin 81 mg oral delayed release tablet",
    "Struse_ProposeRenewals": "True",
    "Struse_ConvertInpatient": "True",
    "Struse_ConvertRx": "True",
    "Struse_CompleteRx": "True",
    "Struse_VoidRx": "True",
    "Struse_supendResumeRx": "No",
    "Struse_CancelReorderRx": "True",
    "Struse_DiscontinueRx": "True",
    "Struse_MiscPrescription": "True",
    "Struse_copyPrescription": "True",
    "Struse_Referencetext": "True",
    "Struse_RenewPrescription": "True",
    "Struse_ModifyPrescription": "True",
    "StrOrderComment": "Testing Comments",
    "strOrdersentence_Prescriptions": "True",
    "Struse_MARSummary": "True",
    "Struse_Ivsite": "True",
    "StrOrderStatus": "False",
    "StrorderPRN": "ibuprofen",
    "Struse_CancelCharting": "True",
    "Struse_RescheduleDose": "True",
    "StrorderScheduledMed": "glucose",
    "StrOrderMedInfo": "False",
    "StrOrderMedDose": "False",
    "StrOrderIVDose": "Pending",
    "StrorderIV": "Dextrose 5% in Water",
    "StrOrderIVInfo": "False",
    "Struse_AdditionalDose": "True",
    "Struse_ResponseTask": "True",
    "Struse_MARcomments": "No",
    "StrorderUnscheduled": "poliovirus vaccine, inactivated",
    "StrOrderPRNInfo": "False",
    "StrOrderPRNDose": "False",
    "StrOrderUnscheduledInfo": "False",
    "StrOrderUnscheduledDose": "False",
    "Struse_Unchart": "True",
    "Struse_ChartNotDone": "True",
    "Struse_RescheduleAdminTimes": "No",
    "Struse_AdminNote": "True",
    "Struse_InfuseVolume": "True",
    "Struse_TherapeuticClassView": "True",
    "Struse_PlanView": "True",
    "StrOrderInfo": "False",
    "StrOrderDose": "False",
    "StrorderImmunization": "poliovirus vaccine, inactivated",
    "StrorderImmunizationMedInfo": "False",
    "StrorderImmunizationMedDose": "False",
    "StrorderNurseWitness": "DOCEtaxel",
    "StrorderNurseMedInfo": "False",
    "StrorderNurseMedDose": "False",
    "StrorderAutoVerify": "morphine",
    "strValidate_AutoVerify": "False",
    "StrorderIntermittentMed": "ceFAZolin",
    "StrOrderInterMedInfo": "False",
    "StrOrderInterMedDose": "False",
    "StrorderIntermittentIV": "D5W",
    "StrOrderInterIVInfo": "False",
    "StrOrderInterIVDose": "False",
    "StrorderDTA": "acetaminophen",
    "StrOrderDTAIVInfo": "False",
    "StrOrderDTADose": "False",
    "StrOrder_IVMAW": "False",
    "StrOrderMAW1": "aspirin",
    "StrOrderMAW2": "ibuprofen 200 mg oral tablet",
    "StrOrderMultiIngredient": "ampicillin",
    "StrOrderMultiIngedientScan": "Epidural",
    "StrMedicationKeyword": "Routine",
    "StrTimeViewValue": "Cont",
    "StrReconciliationType_Admission": "False",
    "strPriorOrAfter1": "Prior",
    "strReconciliationOrderName1": "lithium carbonate",
    "strReconciliationOrderStatus1": "False",
    "strRadioButton1": "Continue",
    "strPriorOrAfter2": "Prior",
    "strReconciliationOrderName2": "False",
    "strReconciliationOrderStatus2": "False",
    "strRadioButton2": "Continue",
    "strPriorOrAfter3": "Prior",
    "strReconciliationOrderName3": "aspirin 81 mg oral delayed release tablet",
    "strReconciliationOrderStatus3": "False",
    "strRadioButton3": "DNC",
    "strPriorOrAfter4": "After",
    "strReconciliationOrderName4": "acetaminophen 80 mg oral tablet, chewable",
    "strReconciliationOrderStatus4": "False",
    "strRadioButton4": "Continue",
    "StrReconciliationType_Transfer": "False",
    "StrReconciliationType_Discharge": "False",
    "strRightClickAction_CnvtIPtoPrescription": "Convert",
    "StrStatus_Admission": "Admission",
    "StrTooltipText": "Complete",
    "StrStatus_Discharge": "Discharge",
    "StrTooltipText_Discharge": "Complete",
    "strRightClickAction_Modify": "Modify",
    "Struse_VoidReconciliation": "False",
    "StrVoid_option": "False",
    "Struse_SuspendResumeReconciliation": "True",
    "StrorderSinglephase": "Newborn Admission",
    "StrOrderA_Singlephase": "Vital Signs",
    "StrOrderB_Singlephase": "Intake and Output",
    "StrOrderC_Singlephase": "Blood Glucose Monitoring POC",
    "StrOrderD_Singlephase": "NPO",
    "StrorderE_Singlephase": "Magnesium Level",
    "StrorderMultiphase": "CARD Heart and Vascular - Peri-Procedure- Multiphased",
    "Strphase1_Multiphase": "PAT and Patient Education",
    "IntnumOccuranceCount": "1",
    "StrOrderA_Multiphase1": "Preoperative Home Medication Instruction",
    "StrOrderA_Multiphase2": "BMP",
    "StrOrderA_Multiphase3": "Vital Signs",
    "StrOrderB_Multiphase1": "Preoperative Surgical Prep Instruction",
    "StrOrderB_Multiphase2": "Magnesium Level",
    "StrOrderB_Multiphase3": "Peripheral IV",
    "StrOrderC_Multiphase1": "Routine Pre Procedure Testing",
    "StrOrderC_Multiphase2": "PTT",
    "StrOrderC_Multiphase3": "Cardiac Monitoring",
    "StrOrderD_Multiphase1": "Preoperative NPO Instruction",
    "StrOrderD_Multiphase2": "CMP",
    "StrOrderD_Multiphase3": "Oxygen Therapy",
    "StrOrderE_Multiphase1": "False",
    "StrOrderE_Multiphase2": "CBC w Diff",
    "StrOrderE_Multiphase3": "NPO",
    "Strphase2_Multiphase": "Day of Procedure Labs",
    "Strphase3_Multiphase": "Same Day Surgery Pre Operative",
    "Struse_DiscontinuePlans": "True",
    "strReason_Discontinue": "a",
    "strReasonDiscontinue_IPOC": "a",
    "StrDiscontinueOrder": "False",
    "StrorderIPOC": "At Risk for Infection IPOC",
    "Stroutcome1_IPOC": "No Signs or Symptoms of Infection",
    "Stroutcome2_IPOC": "Patient Specific Goal 1",
    "Strintervention_IPOC": "Patient Specific Goal 2",
    "StrDiscontinueOrder_IPOC": "False",
    "StrOrderSentence": "mg",
    "StrComponentStatus": "11/25/2024",
    "StrorderCopyForward": "ANES PEDS Perioperative Phased",
    "StrorderEvidenceLink": "False",
    "StrorderRxPlan": "Newborn Admission",
    "StrOrder_Prescription1RxPlan": "False",
    "StrOrder_Prescription2RxPlan": "False",
    "StrOrderFuturePlan": "HEMEP ABVD q28days",
    "StrorderSequencePlan": "False",
    "StrorderDiagnosisPlan": "lithium carbonate",
    "StrDiagnosis_Plan": "ONCP AC Dose Dense q14days",
    "StrorderLabCollect1": "False",
    "StrorderLabCollect2": "False",
    "StrorderLabCollect3": "False",
    "Struse_EnhancedSchedule": "True",
    "StrorderRouteforReview": "HEMEP ABVD q28days",
    "StrProposePlan": "False"
}