{
    "StrClientName": "MHGR_DC B41 ",
    "StrUsername_DBA": "DBA1",
    "StrPassword_DBA": "cerner",
    "StrUsername_RN": "RS091347B",
    "StrPassword_RN": "cerner*123",
    "StrUsername_MED": "",
    "StrPassword_MED": "",
    "StrAllergy_Mode": "Popup",
    "StrAllergyName": "aspirin",
    "StrReactionName": "Rash",
    "StrAllergy_Action": "Modify",
    "StrAllergy_Modify": "True",
    "StrAllergyRemove_MCDS": "True",
    "StrAllergyActions_MCDS": "True",
    "StrDuplicate_MCDS": "False",
    "strOrderType": "Inpatient Orders",
    "StrOrder_Allergy1": "ketorolac",
    "strOrderSentence": "amoxicillin",
    "StrPhysicianUserName": "physemergency4",
    "StrOrderOrProposal": "Order",
    "StrCommunicationType": "Verbal",
    "strOverrideReason": "Patient",
    "strInteractions": "Apply to All",
    "StrOrder_Allergy2": "ibuprofen",
    "StrInteractionCategory": "",
    "StrDuplicate_OrderName": "",
    "strAllergyStatus": "Ordered",
    "strAllergyStatus1": "",
    "IntAllergyInstance": "1",
    "strOrderType_Ambulatory": "Ambulatory - In Office",
    "StrOrder_Outpatient1": "diphenhydrAMINE",
    "StrOrder_Outpatient2": "ALPRAZolam",
    "StrOrder_Outpatient3": "acetaminophen",
    "StrDiagnosis1": "Cough",
    "StrDiagnosis2": "Asthma",
    "StrDiagnosis3": "Cancer",
    "StrProblem1": "Pain",
    "StrProblem2": "Broken nose",
    "strRightClickActionModify": "Modify",
    "strRightClickActionCancel_Reorder": "Reorder",
    "strRightClickActionCancel_DC": "Cancel/Discontinue",
    "strOrderType_Prescriptions": "Discharge Prescriptions",
    "StrOrder_Prescription_Outpatient4": "aspirin",
    "strRightClickActionConverAMB": "Convert",
    "Struse_synonyms": "True",
    "Struse_OrderSentence": "True",
    "Struse_ReschduleTask": "True",
    "Struse_CancelReorderDC": "True",
    "Struse_favorites": "True",
    "Struse_Careset": "True",
    "StrorderCareset": "ACTH Stimulation Test 30 Minutes",
    "StrCaresetOrderName": "Cortisol",
    "StrOrderSupergroup_Careset": "False",
    "StrOrderNested_Careset": "False",
    "StrOrdeMultipleRx": "False",
    "StrOrderDiluentAddtive": "D5W",
    "StrOrderDoseCalc": "False",
    "StrOrderSlidingscale": "False",
    "StrOrderDocumentMed1": "acetaminophen 80 mg oral tablet",
    "StrOrderDocumentMed2": "gabapentin 100 mg oral capsule",
    "StrOrderDocumentMed3": "aspirin 325 mg oral tablet",
    "StrOrderDocumentMed4": "lithium 150 mg oral capsule",
    "StrOrderDocumentMed5": "lisinopril 2.5 mg oral tablet",
    "StrStatus": "Documented",
    "StrRightClickActionModify": "Modify",
    "StrnumorderInstanc": "1",
    "Struse_DocumentMeds": "True",
    "StrOrderFavorites": "amoxicillin",
    "StrOrderSynonym1": "abacavir",
    "StrOrderSynonym2": "Ziagen",
    "StrMedicationOrder": "amoxicillin",
    "StrOrderInstance": "1",
    "StrOrderIntervalFrequency": "ketorolac",
    "Strfrequency_intervalfrequency": "q6hr",
    "Struse_PrintOrderSheet": "True",
    "Struse_ProblemDiagnosis": "True",
    "StrOrderDiagnosis": "aspirin",
    "StrOrderProblem": "Medrol",
    "StrorderDuplicate": "CT Abdomen w IV Contrast",
    "StrOrderTaper": "predniSONE",
    "IntOrderInstance": "1",
    "StrOrderFuture": "CBC",
    "StrOrderUnscheduled": "clindamycin",
    "StrOrderUnscheduledValue": "As Indicated",
    "StrOrderOneTimeFreq": "amoxicillin",
    "StrOrderOneTimeFreqValue": "Once",
    "StrOrderDuration": "Toradol injection",
    "StrstrOrderDetailsFieldName": "Duration",
    "StrOrderHardstop": "ketorolac",
    "StrDateTime_FieldName": "Start Date",
    "StrAdministration": "TRUE",
    "StrDateEntry": "T",
    "StrTimeEntry": "N",
    "StrSkipAdmin": "",
    "StrOrderSoftstop": "amoxicillin",
    "StrFIN": "",
    "StrOrderEnchancedReOrder": "False",
    "StrOrderEnhancedValue": "BID",
    "StrDateTime_FieldName1": "Stop Date",
    "Struse_supendResume": "True",
    "Struse_OrderCopy": "True",
    "Struse_OrderVoid": "True",
    "Struse_OrderNurseReview": "True",
    "Struse_OrderComplete": "True",
    "StrOrderComplete":"Obtain",
    "StrRightclickAction_Void": "Void",
    "StrOrderNonMed": "Vital Signs",
    "StrAddtiveName": "Ultiva",
    "strValidateModifyStatus": "Ordered",
    "StrValidate_MultipleRx": "Ordered",
    "StrValidate_Suspend": "Suspend",
    "StrValidate_Resume": "Ordered",
    "StrPhysician_Username": "RS091347",
    "StrPhysician_Password": "cerner",
    "StrOrder_Prescription1": "ibuprofen 100 mg oral tablet",
    "StrOrder_Prescription2": "clindamycin 300 mg oral capsule",
    "StrOrder_Prescription3": "gabapentin 100 mg oral capsule",
    "StrOrder_Prescription4": "Medrol 4 mg oral tablet",
    "StrorderMisc": "Misc",
    "StrOrder_DocumentMedHx_Presc": "aspirin",
    "StrOrder_Inpatient": "aspirin",
    "StrOrder_Prescription5": "acetaminophen",
    "Struse_ProposeRenewals": "False",
    "Struse_ConvertInpatient": "True",
    "Struse_ConvertRx": "True",
    "Struse_CompleteRx": "True",
    "Struse_VoidRx": "True",
    "Struse_supendResumeRx": "True",
    "Struse_CancelReorderRx": "True",
    "Struse_DiscontinueRx": "True",
    "Struse_MiscPrescription": "True",
    "Struse_copyPrescription": "True",
    "Struse_Referencetext": "True",
    "Struse_RenewPrescription": "True",
    "Struse_ModifyPrescription": "True",
    "StrOrderComment": "Testing Comments",
    "strOrdersentence_Prescriptions": "True",
    "Struse_MARSummary": "True",
    "Struse_Ivsite": "True",
    "StrOrderStatus": "",
    "StrorderPRN": "Benadryl",
    "Struse_CancelCharting": "True",
    "Struse_RescheduleDose": "True",
    "StrorderScheduledMed": "amoxicillin",
    "StrOrderMedInfo": "",
    "StrOrderMedDose": "",
    "StrOrderIVDose": "Pending",
    "StrorderIV": "D5W",
    "StrOrderIVInfo": "",
    "Struse_AdditionalDose": "True",
    "Struse_ResponseTask": "True",
    "Struse_MARcomments": "True",
    "StrorderUnscheduled": "clindamycin",
    "StrOrderPRNInfo": "",
    "StrOrderPRNDose": "",
    "StrOrderUnscheduledInfo": "",
    "StrOrderUnscheduledDose": "",
    "Struse_Unchart": "True",
    "Struse_ChartNotDone": "True",
    "Struse_RescheduleAdminTimes": "True",
    "Struse_AdminNote": "True",
    "Struse_InfuseVolume": "True",
    "Struse_TherapeuticClassView": "True",
    "Struse_PlanView": "True",
    "StrOrderInfo": "",
    "StrOrderDose": "",
    "StrorderImmunization": "hepatitis A adult vaccine",
    "StrorderImmunizationMedInfo": "",
    "StrorderImmunizationMedDose": "",
    "StrorderNurseWitness": "aspirin",
    "StrorderNurseMedInfo": "",
    "StrorderNurseMedDose": "",
    "StrorderAutoVerify": "clindamycin",
    "strValidate_AutoVerify": "",
    "StrorderIntermittentMed": "Dextrose 5% in Water intravenous solution",
    "StrOrderInterMedInfo": "",
    "StrOrderInterMedDose": "",
    "StrorderIntermittentIV": "Zosyn 40 mg/mL inj PEDS",
    "StrOrderInterIVInfo": "",
    "StrOrderInterIVDose": "",
    "StrorderDTA": "heparin",
    "StrOrderDTAIVInfo": "",
    "StrOrderDTADose": "",
    "StrOrder_IVMAW": "Dextrose 5% in Water",
    "StrOrderMAW1": "amoxicillin",
    "StrOrderMAW2": "clindamycin",
    "StrOrderMultiIngredient": "False",
    "StrOrderMultiIngedientScan": "Epidural/Spinal Catheter Monitor",
    "StrMedicationKeyword": "Routine",
    "StrTimeViewValue": "Cont",
    "StrReconciliationType_Admission": "Admission",
    "strPriorOrAfter1": "Prior",
    "strReconciliationOrderName1": "ampicillin",
    "strReconciliationOrderStatus1": "",
    "strRadioButton1": "Continue",
    "strPriorOrAfter2": "Prior",
    "strReconciliationOrderName2": "aspirin",
    "strReconciliationOrderStatus2": "",
    "strRadioButton2": "Continue",
    "strPriorOrAfter3": "Prior",
    "strReconciliationOrderName3": "ibuprofen 100 mg oral tablet",
    "strReconciliationOrderStatus3": "",
    "strRadioButton3": "DNC",
    "strPriorOrAfter4": "After",
    "strReconciliationOrderName4": "lisinopril 10 mg oral tablet",
    "strReconciliationOrderStatus4": "",
    "strRadioButton4": "Continue",
    "StrReconciliationType_Transfer": "Transfer",
    "StrReconciliationType_Discharge": "Discharge",
    "strRightClickAction_CnvtIPtoPrescription": "Convert",
    "StrStatus_Admission": "Admission",
    "StrTooltipText": "Complete",
    "StrStatus_Discharge": "Discharge",
    "StrTooltipText_Discharge": "Complete",
    "strRightClickAction_Modify": "Modify",
    "Struse_VoidReconciliation": "",
    "StrVoid_option": "",
    "Struse_SuspendResumeReconciliation": "True",
    "StrorderSinglephase": "MED Admit",
    "StrOrderA_Singlephase": "Ambulate",
    "StrOrderB_Singlephase": "Vital Signs",
    "StrOrderC_Singlephase": "Bedrest",
    "StrOrderD_Singlephase": "NPO",
    "StrorderE_Singlephase": "acetaminophen",
    "StrorderMultiphase": "MED General Admit Multi-Phase",
    "Strphase1_Multiphase": "Initiate in ED",
    "IntnumOccuranceCount": "1",
    "StrOrderA_Multiphase1": "Ambulate",
    "StrOrderA_Multiphase2": "Weight",
    "StrOrderA_Multiphase3": "",
    "StrOrderB_Multiphase1": "Bedrest",
    "StrOrderB_Multiphase2": "Vital Signs",
    "StrOrderB_Multiphase3": "",
    "StrOrderC_Multiphase1": "NPO",
    "StrOrderC_Multiphase2": "Intake and Output",
    "StrOrderC_Multiphase3": "",
    "StrOrderD_Multiphase1": "Saline Lock Insert",
    "StrOrderD_Multiphase2": "Sitter at Bedside (Sitter)",
    "StrOrderD_Multiphase3": "",
    "StrOrderE_Multiphase1": "PTT",
    "StrOrderE_Multiphase2": "Wound Care Routine",
    "StrOrderE_Multiphase3": "",
    "Strphase2_Multiphase": "Leave Planned Until Floor",
    "Strphase3_Multiphase": "",
    "Struse_DiscontinuePlans": "True",
    "strReason_Discontinue": "Patient",
    "strReasonDiscontinue_IPOC": "a",
    "StrDiscontinueOrder": "Vital Signs",
    "StrorderIPOC": "IPOC Nutritional Deficit Plan of Care",
    "Stroutcome1_IPOC": "Demonstrates progressive weight gain/loss toward goal",
    "Stroutcome2_IPOC": "Demonstartes understanding of adequate nutritional i...",
    "Strintervention_IPOC": "Weight",
    "StrDiscontinueOrder_IPOC": "",
    "StrOrderSentence": "mg",
    "StrComponentStatus": "11/25/2024",
    "StrorderCopyForward": "ONC ABVD",
    "StrorderEvidenceLink": "Cardiac Chest Pain Plan",
    "StrorderRxPlan": "AMB Adult Pneumonia Treatment",
    "StrOrder_Prescription1RxPlan": "aspirin",
    "StrOrder_Prescription2RxPlan": "Medrol",
    "StrOrderFuturePlan": "ONC Plans",
    "StrorderSequencePlan": "",
    "StrorderDiagnosisPlan": "AMB Adult Pneumonia Treatment",
    "StrDiagnosis_Plan": "Fever",
    "StrorderLabCollect1": "CBC",
    "StrorderLabCollect2": "Type and Screen",
    "StrorderLabCollect3": "Culture Blood",
    "Struse_EnhancedSchedule": "True",
    "StrorderRouteforReview": "",
    "StrProposePlan": ""
}