{
    "StrClientName": "NAH_AZ",
    "StrUsername_DBA": "RS091347A",
    "StrPassword_DBA": "cerner",
    "StrUsername_RN": "RS091347A",
    "StrPassword_RN": "cerner",
    "StrUsername_MED": "CINPTMEDRES",
    "StrPassword_MED": "cerner",
    "StrAllergy_Mode": "Popup",
    "StrAllergyName": "aspirin",
    "StrReactionName": "Rash",
    "StrAllergy_Action": "Modify",
    "StrAllergy_Modify": "True",
    "StrAllergyRemove_MCDS": "True",
    "StrAllergyActions_MCDS": "True",
    "StrDuplicate_MCDS": "False",
    "strOrderType": "Inpatient",
    "StrOrder_Allergy1": "Aspirin",
    "strOrderSentence": "Amoxicillin",
    "StrPhysicianUserName": "SN100932A",
    "StrOrderOrProposal": "Order",
    "StrCommunicationType": "Verbal",
    "strOverrideReason": "Acknowledge",
    "strInteractions": "Apply to All",
    "StrOrder_Allergy2": "Ketorolac",
    "StrInteractionCategory": "False",
    "StrDuplicate_OrderName": "CBC",
    "strAllergyStatus": "Apply to All",
    "strAllergyStatus1": "False",
    "IntAllergyInstance": "1",
    "strOrderType_Ambulatory": "Meds in Office",
    "StrOrder_Outpatient1": "Aspirin",
    "StrOrder_Outpatient2": "Amoxicillin",
    "StrOrder_Outpatient3": "Acetaminophen",
    "StrDiagnosis1": "Cough",
    "StrDiagnosis2": "Backache",
    "StrDiagnosis3": "Fever",
    "StrProblem1": "Pain",
    "StrProblem2": "Broken Nose",
    "strRightClickActionModify": "Modify",
    "strRightClickActionCancel_Reorder": "Reorder",
    "strRightClickActionCancel_DC": "Cancel/DC",
    "strOrderType_Prescriptions": "Prescriptions",
    "strOrderType_Prescriptions_AMB": "Meds as Rx",
    "StrOrder_Prescription_Outpatient4": "amoxicillin 125 mg",
    "strRightClickActionConverAMB": "False",
    "Struse_synonyms": "True",
    "Struse_OrderSentence": "True",
    "Struse_ReschduleTask": "True",
    "Struse_CancelReorderDC": "True",
    "Struse_favorites": "True",
    "Struse_Careset": "False",
    "StrorderCareset": "CVSURG Insulin Transition Nursing",
    "StrCaresetOrderName": "Blood",
    "StrOrderSupergroup_Careset": "False",
    "StrOrderNested_Careset": "False",
    "StrOrdeMultipleRx": "Dex 5%-NaCl 0.225%",
    "StrOrderDiluentAddtive": "cycloSPORINE modified",
    "StrOrderDoseCalc": "False",
    "StrOrderSlidingscale": "False",
    "StrOrderDocumentMed1": "acetaminophen  80 mg",
    "StrOrderDocumentMed2": "gabapentin 100 mg oral capsule",
    "StrOrderDocumentMed3": "aspirin 325 mg oral tablet",
    "StrOrderDocumentMed4": "lithium 150 mg oral capsule",
    "StrOrderDocumentMed5": "lisinopril 2.5 mg oral tablet",
    "StrStatus": "Documented",
    "StrRightClickActionModify": "Modify",
    "StrnumorderInstanc": "1",
    "Struse_DocumentMeds": "True",
    "StrOrderFavorites": "Pulmonary Compliance Study",
    "StrOrderSynonym1": "ondansetron",
    "StrOrderSynonym2": "Zofran",
    "StrMedicationOrder": "Pulmonary Compliance Study",
    "StrOrderInstance": "1",
    "StrOrderIntervalFrequency": "Medrol",
    "Strfrequency_intervalfrequency": "q6hr",
    "Struse_PrintOrderSheet": "True",
    "Struse_ProblemDiagnosis": "True",
    "StrOrderDiagnosis": "ibuprofen",
    "StrOrderProblem": "ibuprofen",
    "StrorderDuplicate": "CBC",
    "StrOrderTaper": "predniSONE",
    "IntOrderInstance": "1",
    "StrOrderFuture": "CBC - AMB",
    "StrOrderUnscheduled": "Tracheostomy Care",
    "StrOrderUnscheduledValue": "Oncall",
    "StrOrderOneTimeFreq": "Pneumovax 23",
    "StrOrderOneTimeFreqValue": "One Time only",
    "StrOrderDuration": "ceFAZolin",
    "StrOrderDetailsFieldName": "Duration",
    "StrOrderHardstop": "ibuprofen",
    "StrDateTime_FieldName": "Start Date",
    "StrAdministration": "TRUE",
    "StrDateEntry": "T",
    "StrTimeEntry": "N",
    "StrSkipAdmin": "False",
    "StrOrderSoftstop": "lisinopril",
    "StrFIN": "False",
    "StrOrderEnchancedReOrder": "aspirin",
    "StrOrderEnhancedValue": "BID",
    "StrDateTime_FieldName1": "Stop Date",
    "Struse_supendResume": "True",
    "Struse_OrderCopy": "True",
    "Struse_OrderVoid": "True",
    "Struse_OrderNurseReview": "True",
    "Struse_OrderComplete": "True",
    "StrRightclickAction_Void": "False",
    "StrOrderNonMed": "XR Chest Single View",
    "strValidateModifyStatus": "Ordered",
    "StrValidate_MultipleRx": "Ordered",
    "StrValidate_Suspend": "False",
    "StrValidate_Resume": "False",
    "StrOrder_Prescription1": "aspirin",
    "StrOrder_Prescription2": "lithium",
    "StrOrder_Prescription3": "medrol",
    "StrOrder_Prescription4": "amoxicillin",
    "StrorderMisc": "Misc Prescription",
    "StrOrder_DocumentMedHx_Presc": "Aspirin",
    "StrOrder_Inpatient": "acetaminophen",
    "StrOrder_Prescription5": "Cipro 750 mg oral tablet",
    "Struse_ProposeRenewals": "True",
    "Struse_ConvertInpatient": "True",
    "Struse_ConvertRx": "True",
    "Struse_CompleteRx": "True",
    "Struse_VoidRx": "True",
    "Struse_supendResumeRx": "No",
    "Struse_CancelReorderRx": "True",
    "Struse_DiscontinueRx": "True",
    "Struse_MiscPrescription": "True",
    "Struse_copyPrescription": "True",
    "Struse_Referencetext": "True",
    "Struse_RenewPrescription": "True",
    "Struse_ModifyPrescription": "True",
    "StrOrderComment": "Testing Comments",
    "strOrdersentence_Prescriptions": "True",
    "Struse_MARSummary": "True",
    "Struse_Ivsite": "True",
    "StrOrderStatus": "False",
    "StrorderPRN": "ibuprofen",
    "Struse_CancelCharting": "No",
    "Struse_RescheduleDose": "True",
    "StrorderScheduledMed": "Medrol",
    "StrOrderMedInfo": "False",
    "StrOrderMedDose": "False",
    "StrOrderIVDose": "Pending",
    "StrorderIV": "Dextrose 5% in Lactated Ringers",
    "StrOrderIVInfo": "False",
    "Struse_AdditionalDose": "True",
    "Struse_ResponseTask": "True",
    "Struse_MARcomments": "True",
    "StrorderUnscheduled": "Tracheostomy Care",
    "StrOrderPRNInfo": "False",
    "StrOrderPRNDose": "False",
    "StrOrderUnscheduledInfo": "False",
    "StrOrderUnscheduledDose": "False",
    "Struse_Unchart": "True",
    "Struse_ChartNotDone": "True",
    "Struse_RescheduleAdminTimes": "True",
    "Struse_AdminNote": "True",
    "Struse_InfuseVolume": "True",
    "Struse_TherapeuticClassView": "True",
    "Struse_PlanView": "True",
    "StrOrderInfo": "False",
    "StrOrderDose": "False",
    "StrorderImmunization": "varicella virus vaccine",
    "StrorderImmunizationMedInfo": "False",
    "StrorderImmunizationMedDose": "False",
    "StrorderNurseWitness": "Medrol",
    "StrorderNurseMedInfo": "False",
    "StrorderNurseMedDose": "False",
    "StrorderAutoVerify": "Pneumovax 23",
    "strValidate_AutoVerify": "False",
    "StrorderIntermittentMed": "cefTRIAXone",
    "StrOrderInterMedInfo": "False",
    "StrOrderInterMedDose": "False",
    "StrorderIntermittentIV": "Dextrose 5% in Water intravenous solution",
    "StrOrderInterIVInfo": "False",
    "StrOrderInterIVDose": "False",
    "StrorderDTA": "digoxin",
    "StrOrderDTAIVInfo": "False",
    "StrOrderDTADose": "False",
    "StrOrder_IVMAW": "False",
    "StrOrderMAW1": "acetaminophen",
    "StrOrderMAW2": "ibuprofen",
    "StrOrderMultiIngredient": "2 tabs of Norco",
    "StrOrderMultiIngedientScan": "Epidural",
    "StrMedicationKeyword": "Routine",
    "StrTimeViewValue": "Cont",
    "StrReconciliationType_Admission": "Admission",
    "strPriorOrAfter1": "Prior",
    "strReconciliationOrderName1": "aspirin",
    "strReconciliationOrderStatus1": "Ordered",
    "strRadioButton1": "Continue",
    "strPriorOrAfter2": "Prior",
    "strReconciliationOrderName2": "acetaminophen",
    "strReconciliationOrderStatus2": "Ordered",
    "strRadioButton2": "Continue",
    "strPriorOrAfter3": "Prior",
    "strReconciliationOrderName3": "acetaminphen 80 mg oral tablet, chewable",
    "strReconciliationOrderStatus3": "Ordered",
    "strRadioButton3": "DNC",
    "strPriorOrAfter4": "After",
    "strReconciliationOrderName4": "lithium 150 mg oral capsule",
    "strReconciliationOrderStatus4": "Prescribed",
    "strRadioButton4": "Continue",
    "StrReconciliationType_Transfer": "Transfer",
    "StrReconciliationType_Discharge": "Discharge",
    "strRightClickAction_CnvtIPtoPrescription": "Convert",
    "StrStatus_Admission": "Admission",
    "StrTooltipText": "Complete",
    "StrStatus_Discharge": "Discharge",
    "StrTooltipText_Discharge": "Complete",
    "strRightClickAction_Modify": "Modify",
    "Struse_VoidReconciliation": "False",
    "StrVoid_option": "False",
    "Struse_SuspendResumeReconciliation": "True",
    "StrorderSinglephase": "Chest Pain MOD NAH",
    "StrOrderA_Singlephase": "Bed rest with bathroom privileges",
    "StrOrderB_Singlephase": "Cardiac monitor",
    "StrOrderC_Singlephase": "CBC",
    "StrOrderD_Singlephase": "PTT",
    "StrorderE_Singlephase": "morphine",
    "StrorderMultiphase": "CTSURG Thoracic Surgery Post",
    "Strphase1_Multiphase": "General",
    "IntnumOccuranceCount": "1",
    "StrOrderA_Multiphase1": "vital signs",
    "StrOrderA_Multiphase2": "Patient placement",
    "StrOrderA_Multiphase3": "Transfer to",
    "StrOrderB_Multiphase1": "Intake and Output strict",
    "StrOrderB_Multiphase2": "ventilator",
    "StrOrderB_Multiphase3": "Notify provider",
    "StrOrderC_Multiphase1": "NPO",
    "StrOrderC_Multiphase2": "Sodium Chloride 0.9% intravenous solution",
    "StrOrderC_Multiphase3": "shower",
    "StrOrderD_Multiphase1": "ceFAZolin",
    "StrOrderD_Multiphase2": "fentaNYL Range 25-50 mcg",
    "StrOrderD_Multiphase3": "XR Chest 2 View PA Lat",
    "StrOrderE_Multiphase1": "cefuROXIME",
    "StrOrderE_Multiphase2": "morphine inj RANGE 1-2 mg",
    "StrOrderE_Multiphase3": "zolpidem",
    "Strphase2_Multiphase": "Immediate Post Op",
    "Strphase3_Multiphase": "Transfer",
    "Struse_DiscontinuePlans": "True",
    "strReason_Discontinue": "a",
    "strReasonDiscontinue_IPOC": "a",
    "StrDiscontinueOrder": "False",
    "StrorderIPOC": "IPOC Post Fall",
    "Stroutcome1_IPOC": "Patient Specific Goal 1",
    "Stroutcome2_IPOC": "False",
    "Strintervention_IPOC": "False",
    "StrDiscontinueOrder_IPOC": "False",
    "StrOrderSentence": "mg",
    "StrComponentStatus": "11/25/2024",
    "StrorderCopyForward": "SURG Routine Post -op FMC",
    "StrorderEvidenceLink": "Analgesics MOD (a.k.a. Pain Management MOD)",
    "StrorderRxPlan": "AMB Womens Health Phased Rxs ",
    "StrOrder_Prescription1RxPlan": "False",
    "StrOrder_Prescription2RxPlan": "False",
    "StrOrderFuturePlan": "False",
    "StrorderSequencePlan": "False",
    "StrorderDiagnosisPlan": "False",
    "StrDiagnosis_Plan": "False",
    "StrorderLabCollect1": "False",
    "StrorderLabCollect2": "False",
    "StrorderLabCollect3": "False",
    "Struse_EnhancedSchedule": "No",
    "StrorderRouteforReview": "False",
    "StrProposePlan": "False"
}