{
    "StrClientName": "NKCMH_MO",
    "StrUsername_DBA": "RS091347A",
    "StrPassword_DBA": "cerner*1",
    "StrUsername_RN": "RS091347C",
    "StrPassword_RN": "cerner*1",
    "StrUsername_MED": "RS091347D",
    "StrPassword_MED": "cerner*1",
    "StrAllergy_Mode": "Flat",
    "StrAllergyName": "aspirin",
    "StrReactionName": "Rash",
    "StrAllergy_Action": "Modify",
    "StrAllergy_Modify": "True",
    "StrAllergyRemove_MCDS": "True",
    "StrAllergyActions_MCDS": "True",
    "StrDuplicate_MCDS": "False",
    "strOrderType": "Inpatient",
    "StrOrder_Allergy1": "",
    "StrPhysicianUserName": "RS091347B",
    "StrOrderOrProposal": "Order",
    "StrCommunicationType": "Verbal",
    "strOverrideReason": "Acknowledge",
    "strInteractions": "Apply to All",
    "StrOrder_Allergy2": "",
    "StrInteractionCategory": "",
    "StrDuplicate_OrderName": "Benadryl",
    "strAllergyStatus": "Apply to All",
    "strAllergyStatus1": "Ordered",
    "IntAllergyInstance": "1",
    "strOrderType_Ambulatory": "Ambulatory - In Office",
    "StrOrder_Outpatient1": "aspirin 81 mg oral tablet, chewable",
    "StrOrder_Outpatient2": "Benadryl",
    "StrOrder_Outpatient3": "acetaminophen (DOT)",
    "StrDiagnosis1": "Pneumonia",
    "StrDiagnosis2": "Acute mycotic otitis externa",
    "StrDiagnosis3": "Cancer",
    "StrProblem1": "Pain",
    "StrProblem2": "Broken Nose",
    "strRightClickActionModify": "Modify",
    "strRightClickActionCancel_Reorder": "Reorder",
    "strRightClickActionCancel_DC": "Cancel/DC",
    "strOrderType_Prescriptions": "Meds as Rx",
    "StrOrder_Prescription_Outpatient4": "Xanax 1 mg oral tablet",
    "strRightClickActionConverAMB": "",
    "Struse_synonyms": "True",
    "Struse_OrderSentence": "True",
    "Struse_ReschduleTask": "Yes",
    "Struse_CancelReorderDC": "Yes",
    "Struse_favorites": "Yes",
    "Struse_Careset": "True",
    "StrorderCareset": "Prenatal Panel",
    "StrCaresetOrderName": "Rubella Antibody",
    "StrOrderSupergroup_Careset": "",
    "StrOrderNested_Careset": "",
    "StrOrdeMultipleRx": "Multivitamin Prenatal oral tablet",
    "StrOrderDiluentAddtive": "Amicar",
    "StrOrderDoseCalc": "Vancomycin Oral",
    "StrOrderSlidingscale": "",
    "StrOrderDocumentMed1": "acetaminophen 80 mg oral tablet, chewable",
    "StrOrderDocumentMed2": "gabapentin 100 mg oral capsule",
    "StrOrderDocumentMed3": "aspirin 325 mg oral tablet",
    "StrOrderDocumentMed4": "lithium 150 mg oral capsule",
    "StrOrderDocumentMed5": "lisinopril 2.5 mg oral tablet",
    "StrStatus": "Documented",
    "StrRightClickActionModify": "",
    "StrnumorderInstanc": "1",
    "Struse_DocumentMeds": "Yes",
    "StrOrderFavorites": "acebutolol",
    "StrOrderSynonym1": "acetaminophen",
    "StrOrderSynonym2": "Tylenol",
    "StrMedicationOrder": "acebutolol",
    "StrOrderInstance": "1",
    "StrOrderIntervalFrequency": "morphine",
    "Strfrequency_intervalfrequency": "Q6H",
    "Struse_PrintOrderSheet": "Yes",
    "Struse_ProblemDiagnosis": "Yes",
    "StrOrderDiagnosis": "BUN",
    "StrOrderProblem": "BUN",
    "StrorderDuplicate": "BUN",
    "StrOrderTaper": "predniSONE",
    "IntOrderInstance": "1",
    "StrOrderFuture": "CBC with Diff",
    "StrOrderUnscheduled": "aspirin 325 mg oral tablet",
    "StrOrderUnscheduledValue": "Unscheduled",
    "StrOrderOneTimeFreq": "acetaminophen",
    "StrOrderOneTimeFreqValue": "One Time",
    "StrOrderDuration": "Benadryl",
    "StrOrderDetailsFieldName": "Duration",
    "StrOrderHardstop": "acetaminophen-codeine #3",
    "StrDateTime_FieldName": "Start Date",
    "StrAdministration": "TRUE",
    "StrDateEntry": "T",
    "StrTimeEntry": "N",
    "StrSkipAdmin": "",
    "StrOrderSoftstop": "acetaminophen-codeine #3",
    "StrFIN": "",
    "StrOrderEnchancedReOrder": "aspirin",
    "StrOrderEnhancedValue": "BID",
    "StrDateTime_FieldName1": "Stop Date",
    "Struse_supendResume": "True",
    "Struse_OrderCopy": "Yes",
    "Struse_OrderVoid": "No",
    "Struse_OrderNurseReview": "Yes",
    "Struse_OrderComplete": "Yes",
    "StrRightclickAction_Void": "Void",
    "StrOrderNonMed": "Potassium Level",
    "StrAddtiveName": "Amicar",
    "strValidateModifyStatus": "Ordered",
    "StrValidate_MultipleRx": "Ordered",
    "StrValidate_Suspend": "",
    "StrValidate_Resume": "",
    "StrPhysician_Username": "RS091347B",
    "StrPhysician_Password": "cerner*1",
    "StrOrder_Prescription1": "aspirin 325 mg oral tablet",
    "StrOrder_Prescription2": "lisinopril 2.5 mg oral tablet",
    "StrOrder_Prescription3": "acetaminophen 80 mg oral tablet, chewable",
    "StrOrder_Prescription4": "Xanax 1 mg oral tablet",
    "StrorderMisc": "Misc. Med.",
    "StrOrder_DocumentMedHx_Presc": "Benadryl",
    "StrOrder_Inpatient": "Medrol",
    "StrOrder_Prescription5": "aspirin 325 mg oral tablet",
    "Struse_ProposeRenewals": "No",
    "Struse_ConvertInpatient": "Yes",
    "Struse_ConvertRx": "Yes",
    "Struse_CompleteRx": "Yes",
    "Struse_VoidRx": "Yes",
    "Struse_supendResumeRx": "Yes",
    "Struse_CancelReorderRx": "No",
    "Struse_DiscontinueRx": "Yes",
    "Struse_MiscPrescription": "Yes",
    "Struse_copyPrescription": "Yes",
    "Struse_Referencetext": "Yes",
    "Struse_RenewPrescription": "Yes",
    "Struse_ModifyPrescription": "Yes",
    "StrOrderComment": "Testing Comments",
    "strOrdersentence_Prescriptions": "Yes",
    "Struse_MARSummary": "Yes",
    "Struse_Ivsite": "Yes",
    "StrOrderStatus": "",
    "StrorderPRN": "aspirin 300 mg rectal suppository",
    "Struse_CancelCharting": "Yes",
    "Struse_RescheduleDose": "Yes",
    "StrorderScheduledMed": "predniSONE",
    "StrOrderMedInfo": "",
    "StrOrderMedDose": "",
    "StrOrderIVDose": "Pending",
    "StrorderIV": "Dextrose 5% in Water",
    "StrOrderIVInfo": "",
    "Struse_AdditionalDose": "Yes",
    "Struse_ResponseTask": "No",
    "Struse_MARcomments": "Yes",
    "StrorderUnscheduled": "aspirin 325 mg oral tablet",
    "StrOrderPRNInfo": "",
    "StrOrderPRNDose": "",
    "StrOrderUnscheduledInfo": "",
    "StrOrderUnscheduledDose": "",
    "Struse_Unchart": "Yes",
    "Struse_ChartNotDone": "Yes",
    "Struse_RescheduleAdminTimes": "Yes",
    "Struse_AdminNote": "Yes",
    "Struse_InfuseVolume": "No",
    "Struse_TherapeuticClassView": "Yes",
    "Struse_PlanView": "No",
    "StrOrderInfo": "",
    "StrOrderDose": "",
    "StrorderImmunization": "rubella virus vaccine",
    "StrorderImmunizationMedInfo": "",
    "StrorderImmunizationMedDose": "",
    "StrorderNurseWitness": "",
    "StrorderNurseMedInfo": "",
    "StrorderNurseMedDose": "",
    "StrorderAutoVerify": "",
    "strValidate_AutoVerify": "",
    "StrorderIntermittentMed": "acetaminophen",
    "StrOrderInterMedInfo": "",
    "StrOrderInterMedDose": "",
    "StrorderIntermittentIV": "ceFAZolin 2g/ 100mL IVPB",
    "StrOrderInterIVInfo": "",
    "StrOrderInterIVDose": "",
    "StrorderDTA": "morphine",
    "StrOrderDTAIVInfo": "",
    "StrOrderDTADose": "",
    "StrOrder_IVMAW": "Dextrose",
    "StrOrderMAW1": "acebutolol",
    "StrOrderMAW2": "aspirin 81 mg oral delayed release tablet",
    "StrOrderMultiIngredient": "",
    "StrOrderMultiIngedientScan": "Epidural Assessment & Care",
    "StrMedicationKeyword": "Routine",
    "StrTimeViewValue": "Cont",
    "StrReconciliationType_Admission": "Admission",
    "strPriorOrAfter1": "Prior",
    "strReconciliationOrderName1": "aspirin 81 mg oral delayed release tablet",
    "strReconciliationOrderStatus1": "",
    "strRadioButton1": "Continue",
    "strPriorOrAfter2": "Prior",
    "strReconciliationOrderName2": "Medrol",
    "strReconciliationOrderStatus2": "",
    "strRadioButton2": "Continue",
    "strPriorOrAfter3": "Prior",
    "strReconciliationOrderName3": "aspirin 325 mg oral tablet",
    "strReconciliationOrderStatus3": "",
    "strRadioButton3": "DNC",
    "strPriorOrAfter4": "After",
    "strReconciliationOrderName4": "lisinopril",
    "strReconciliationOrderStatus4": "",
    "strRadioButton4": "Continue",
    "StrReconciliationType_Transfer": "Transfer",
    "StrReconciliationType_Discharge": "Discharge",
    "strRightClickAction_CnvtIPtoPrescription": "Convert",
    "StrStatus_Admission": "Admission",
    "StrTooltipText": "Complete",
    "StrStatus_Discharge": "Discharge",
    "StrTooltipText_Discharge": "Complete",
    "strRightClickAction_Modify": "Modify",
    "Struse_VoidReconciliation": "True",
    "StrVoid_option": "",
    "Struse_SuspendResumeReconciliation": "True",
    "StrorderSinglephase": "Admission Orderset",
    "StrOrderA_Singlephase": "Isolation",
    "StrOrderB_Singlephase": "Activity",
    "StrOrderC_Singlephase": "PTT",
    "StrOrderD_Singlephase": "Social Work Visit",
    "StrorderE_Singlephase": "sodium chloride (Normal Saline Flush)",
    "StrorderMultiphase": "OB Triage Multiphase Acute",
    "Strphase1_Multiphase": "Dehydration",
    "IntnumOccuranceCount": "1",
    "StrOrderA_Multiphase1": "Vital Signs per Unit Routine",
    "StrOrderA_Multiphase2": "Vaginal Exam",
    "StrOrderA_Multiphase3": "Update Registration",
    "StrOrderB_Multiphase1": "Electronic Uterine Monitoring",
    "StrOrderB_Multiphase2": "Vital Signs per Unit Routine",
    "StrOrderB_Multiphase3": "Vital Signs per Unit Routine",
    "StrOrderC_Multiphase1": "Lactated Ringers Injection (Lactated Ringers Bolus)",
    "StrOrderC_Multiphase2": "Notify Physician/Provider",
    "StrOrderC_Multiphase3": "Diet",
    "StrOrderD_Multiphase1": "promethazine",
    "StrOrderD_Multiphase2": "Diet",
    "StrOrderD_Multiphase3": "terbutaline",
    "StrOrderE_Multiphase1": "ondansetron",
    "StrOrderE_Multiphase2": "Electronic Monitoring",
    "StrOrderE_Multiphase3": "Saline Lock",
    "Strphase2_Multiphase": "Labor Check 37 Weeks or Greater",
    "Strphase3_Multiphase": "Preterm labor",
    "Struse_DiscontinuePlans": "Yes",
    "strReason_Discontinue": "a",
    "strReasonDiscontinue_IPOC": "a",
    "StrDiscontinueOrder": "",
    "StrorderIPOC": "IPOC Joint Repair/Replacement Patient Care",
    "Stroutcome1_IPOC": "Patient Free of Signs/Symptoms of Active Bleeding",
    "Stroutcome2_IPOC": "Follow Bleeding Precautions per Policy",
    "Strintervention_IPOC": "Medication Regime",
    "StrDiscontinueOrder_IPOC": "",
    "StrOrderSentence": "mg",
    "StrComponentStatus": "11/25/2024",
    "StrorderCopyForward": "",
    "StrorderEvidenceLink": "IPOC Newborn Blood Glucose instability",
    "StrorderRxPlan": "ID Discharge with IV Antibiotics",
    "StrOrder_Prescription1RxPlan": "",
    "StrOrder_Prescription2RxPlan": "",
    "StrOrderFuturePlan": "",
    "StrorderSequencePlan": "Medrol DosePak 6 Day",
    "StrorderDiagnosisPlan": "aspirin 81 mg oral delayed release tablet",
    "StrDiagnosis_Plan": "",
    "StrorderLabCollect1": "",
    "StrorderLabCollect2": "",
    "StrorderLabCollect3": "",
    "Struse_EnhancedSchedule": "Yes",
    "StrorderRouteforReview": "",
    "StrProposePlan": ""
}