Synonyms,Success,C:/EggplantSuites/UC-Millennium-OrdersManagement/UC-Millennium-OrdersManagement.suite/Results/UCMS-WF-FTS-Orders-GeneralPowerOrders- Synonyms/20240825_164615.732/RunLogOutput.txt,2024-08-25 16:46:15.732 +0530,157.128
Synonyms,Success,C:/EggplantSuites/UC-Millennium-OrdersManagement/UC-Millennium-OrdersManagement.suite/Results/UCMS-WF-FTS-Orders-GeneralPowerOrders- ModifyOrder/20240825_165814.678/RunLogOutput.txt,2024-08-25 16:58:14.678 +0530,679.59
Synonyms,Success,C:/EggplantSuites/UC-Millennium-OrdersManagement/UC-Millennium-OrdersManagement.suite/Results/UCMS-WF-FTS-Orders-Prescriptions-SuspendandResume/20240825_172128.955/RunLogOutput.txt,2024-08-25 17:21:28.955 +0530,0.022
SuspendandResume,Success,C:/EggplantSuites/UC-Millennium-OrdersManagement/UC-Millennium-OrdersManagement.suite/Results/UCMS-WF-FTS-Orders-Prescriptions-SuspendandResume/20240825_172306.735/RunLogOutput.txt,2024-08-25 17:23:06.735 +0530,0.03
Complete,Success,C:/EggplantSuites/UC-Millennium-OrdersManagement/UC-Millennium-OrdersManagement.suite/Results/UCMS-WF-FTS-Orders-GeneralPowerOrders- Complete/20240825_172804.269/RunLogOutput.txt,2024-08-25 17:28:04.269 +0530,0.066
Complete,Failure,C:/EggplantSuites/UC-Millennium-OrdersManagement/UC-Millennium-OrdersManagement.suite/Results/UCMS-WF-FTS-Orders-GeneralPowerOrders- Complete/20240825_172804.269/RunLogOutput.txt,2024-08-25 17:30:05.595 +0530,73.084
Modify Order,Failure,C:/EggplantSuites/UC-Millennium-OrdersManagement/UC-Millennium-OrdersManagement.suite/Results/UCMS-WF-FTS-Orders-GeneralPowerOrders- ModifyOrder/20240828_125753.376/RunLogOutput.txt,2024-08-28 12:57:53.376 +0530,85.163
Modify Order,Failure,C:/EggplantSuites/UC-Millennium-OrdersManagement/UC-Millennium-OrdersManagement.suite/Results/UCMS-WF-FTS-Orders-GeneralPowerOrders- ModifyOrder/20240828_130136.872/RunLogOutput.txt,2024-08-28 13:01:36.872 +0530,87.541
Modify Order,Failure,=HYPERLINK("C:/EggplantSuites/UC-Millennium-OrdersManagement/UC-Millennium-OrdersManagement.suite/Results/UCMS-WF-FTS-Orders-GeneralPowerOrders- ModifyOrder/20240828_130618.648/RunLogOutput.txt"),2024-08-28 13:06:18.648 +0530,5.035,C:/EggplantSuites/UC-Millennium-OrdersManagement/UC-Millennium-OrdersManagement.suite/Results/UCMS-WF-FTS-Orders-GeneralPowerOrders- ModifyOrder/20240828_130618.648/Exception.png
Modify Order,Failure,=HYPERLINK("C:/EggplantSuites/UC-Millennium-OrdersManagement/UC-Millennium-OrdersManagement.suite/Results/UCMS-WF-FTS-Orders-GeneralPowerOrders- ModifyOrder/20240828_130907.734/RunLogOutput.txt"),2024-08-28 13:09:07.734 +0530,5.208,C:/EggplantSuites/UC-Millennium-OrdersManagement/UC-Millennium-OrdersManagement.suite/Results/UCMS-WF-FTS-Orders-GeneralPowerOrders- ModifyOrder/20240828_130907.734/Exception.png
Modify Order,Failure,=HYPERLINK("C:/EggplantSuites/UC-Millennium-OrdersManagement/UC-Millennium-OrdersManagement.suite/Results/UCMS-WF-FTS-Orders-GeneralPowerOrders- ModifyOrder/20240828_131018.348/RunLogOutput.txt"),2024-08-28 13:10:18.348 +0530,13.147,C:/EggplantSuites/UC-Millennium-OrdersManagement/UC-Millennium-OrdersManagement.suite/Results/UCMS-WF-FTS-Orders-GeneralPowerOrders- ModifyOrder/20240828_131018.348/Exception.png
