{
    "StrClientName": "RIC_IL",
    "StrUsername_DBA": "RS091347A",
    "StrPassword_DBA": "cerner*1",
    "StrUsername_RN":
        "RS091347D",
    
    "StrPassword_RN": "cerner*1",
    "StrUsername_MED": "RS091347C",
    "StrPassword_MED": "cerner*1",
    "StrAllergy_Mode": "Popup",
    "StrAllergyName": "aspirin",
    "StrReactionName": "Rash",
    "StrAllergy_Action": "Modify",
    "StrAllergy_Modify": "False",
    "StrAllergyRemove_MCDS": "True",
    "StrAllergyActions_MCDS": "True",
    "StrDuplicate_MCDS": "False",
    "strOrderType": "Inpatient",
    "StrOrder_Allergy1": "Aspirin",
    "strOrderSentence": "Temperature",
    "StrPhysicianUserName": "RS091347B",
    "StrOrderOrProposal": "Order",
    "StrCommunicationType": "Verbal",
    "strOverrideReason": "Acknowledge",
    "strInteractions": "Apply to All",
    "StrOrder_Allergy2": "ibuprofen",
    "StrInteractionCategory": "False",
    "StrDuplicate_OrderName": "Precaution-Ambulation",
    "strAllergyStatus": "Apply to All",
    "strAllergyStatus1": "False",
    "IntAllergyInstance": "1",
    "strOrderType_Ambulatory":
        "Outpatient/Meds Given in Clinic"
    ,
    "StrOrder_Outpatient1": "Aspirin",
    "StrOrder_Outpatient2": "Amoxicillin",
    "StrOrder_Outpatient3": "Acetaminophen",
    "StrDiagnosis1": 
        "Chest Pain",
        
    "StrDiagnosis2": "Throat Pain",
    "StrDiagnosis3": "False",
    "StrProblem1": "Pain",
    "StrProblem2": "Broken Nose",
    "strRightClickActionModify": "Modify",
    "strRightClickActionCancel_Reorder": "Reorder",
    "strRightClickActionCancel_DC": "Cancel/DC",
    "strOrderType_Prescriptions": 
        "Discharge Meds as Rx"
    ,
    "StrOrder_Prescription_Outpatient4": "clindamycin 75 mg oral capsule",
    "strRightClickActionConverAMB": "Inpatient",
    "Struse_synonyms": "True",
    "Struse_OrderSentence": "True",
    "Struse_ReschduleTask": "Yes",
    "Struse_CancelReorderDC": "Yes",
    "Struse_favorites": "Yes",
    "Struse_Careset": "True",
    "StrorderCareset": "Traumatic Brain Injury Endocrine Order Set",
    "StrCaresetOrderName": "basic",
    "StrOrderSupergroup_Careset": "False",
    "StrOrderNested_Careset": "Fever Order Set",
    "StrNestedOrderCarset1":"vital",
    "StrNestedOrderCarset2":"vital",
    "StrOrdeMultipleRx": "potassium chloride 20 mEq/100 mL intravenous solution",
    "StrOrderDiluentAddtive": "ampicillin",
    "StrOrderDoseCalc": "aspirin",
    "StrOrderSlidingscale": "False",
    "StrOrderDocumentMed1": "acetaminophen  ",
    "StrOrderDocumentMed2": "gabapentin 100 mg oral capsule",
    "StrOrderDocumentMed3": "aspirin 325 mg oral tablet",
    "StrOrderDocumentMed4": "lithium 150 mg oral capsule",
    "StrOrderDocumentMed5": "lisinopril 2.5 mg oral tablet",
    "StrStatus": "Documented",
    "StrRightClickActionModify": "Modify",
    "StrnumorderInstanc": "1",
    "Struse_DocumentMeds": "Yes",
    "StrOrderFavorites": "Temperature",
    "StrOrderSynonym1": "Arixtra",
    "StrOrderSynonym2": "fondaparinux",
    "StrMedicationOrder": "Temperature",
    "StrOrderInstance": "1",
    "StrOrderIntervalFrequency": "False",
    "Strfrequency_intervalfrequency": "q6hr",
    "Struse_PrintOrderSheet": "Yes",
    "Struse_ProblemDiagnosis": "Yes",
    "StrOrderDiagnosis": "aspirin",
    "StrOrderProblem": "aspirin",
    "StrorderDuplicate": "Precaution-Ambulation",
    "StrOrderTaper": "False",
    "IntOrderInstance": "1",
    "StrOrderFuture": "CBC with Differential",
    "StrOrderUnscheduled": "Vital Signs",
    "StrOrderUnscheduledValue": "3x/Wk",
    "StrOrderOneTimeFreq": "morphine 15 mg oral tablet",
    "StrOrderOneTimeFreqValue": "Once",
    "StrOrderDuration": "ibuprofen",
    "StrOrderDetailsFieldName": "Duration",
    "StrOrderHardstop": "False",
    "StrDateTime_FieldName": "Start Date",
    "StrAdministration": "TRUE",
    "StrDateEntry": "T",
    "StrTimeEntry": "N",
    "StrSkipAdmin": "False",
    "StrOrderSoftstop": "enoxrx",
    "StrFIN": "False",
    "StrOrderEnchancedReOrder": "aspirin",
    "StrOrderEnhancedValue": "BID",
    "StrDateTime_FieldName1": "Stop Date",
    "Struse_supendResume": "True",
    "Struse_OrderCopy": "Yes",
    "Struse_OrderVoid": "Yes",
    "Struse_OrderNurseReview": "Yes",
    "Struse_OrderComplete": "Yes",
    "StrRightclickAction_Void": "Void",
    "StrOrderNonMed": "CBC with Platelets",
    "StrAddtiveName": "ampicillin",
    "strValidateModifyStatus": "Ordered",
    "StrValidate_MultipleRx": "Ordered",
    "StrValidate_Suspend": "False",
    "StrValidate_Resume": "False",
    "StrPhysician_Username": "RS091347B",
    "StrPhysician_Password": "cerner*1",
    "StrOrder_Prescription1": 
        "aspirin 325 mg oral tablet",
       
    "StrOrder_Prescription2": 
        "Medrol 2 mg oral tablet"
    ,
    "StrOrder_Prescription3": "acetaminophen 325 mg oral tablet",
    "StrOrder_Prescription4": "clindamycin 75 mg oral capsule",
    "StrorderMisc": "Misc Medication (Non Formulary Request)",
    "StrOrder_DocumentMedHx_Presc": "Aspirin",
    "StrOrder_Inpatient": "aspririn",
    "StrOrder_Prescription5": 
        "lithium",
       
    "Struse_ProposeRenewals": "Yes",
    "Struse_ConvertInpatient": "Yes",
    "Struse_ConvertRx": "Yes",
    "Struse_CompleteRx": "Yes",
    "Struse_VoidRx": "Yes",
    "Struse_supendResumeRx": "Yes",
    "Struse_CancelReorderRx": "Yes",
    "Struse_DiscontinueRx": "Yes",
    "Struse_MiscPrescription": "Yes",
    "Struse_copyPrescription": "Yes",
    "Struse_Referencetext": "Yes",
    "Struse_RenewPrescription": "Yes",
    "Struse_ModifyPrescription": "Yes",
    "StrOrderComment": "Testing Comments",
    "strOrdersentence_Prescriptions": "Yes",
    "Struse_MARSummary": "Yes",
    "Struse_Ivsite": "Yes",
    "StrOrderStatus": "False",
    "StrorderPRN": "acetaminophen",
    "Struse_CancelCharting": "Yes",
    "Struse_RescheduleDose": "Yes",
    "StrorderScheduledMed": "morphine 15 mg oral tablet",
    "StrOrderMedInfo": "False",
    "StrOrderMedDose": "False",
    "StrOrderIVDose": "Pending",
    "StrorderIV": 
        "D5 with 0.45% NaCl - Continuous"
    ,
    "StrOrderIVInfo": "False",
    "Struse_AdditionalDose": "Yes",
    "Struse_ResponseTask": "Yes",
    "Struse_MARcomments": "Yes",
    "StrorderUnscheduled": "Vital Signs",
    "StrOrderPRNInfo": "False",
    "StrOrderPRNDose": "False",
    "StrOrderUnscheduledInfo": "False",
    "StrOrderUnscheduledDose": "False",
    "Struse_Unchart": "Yes",
    "Struse_ChartNotDone": "Yes",
    "Struse_RescheduleAdminTimes": "Yes",
    "Struse_AdminNote": "Yes",
    "Struse_InfuseVolume": "Yes",
    "Struse_TherapeuticClassView": "False",
    "Struse_PlanView": "False",
    "StrOrderInfo": "False",
    "StrOrderDose": "False",
    "StrorderImmunization": "pneumococcal 13-valent vaccine",
    "StrorderImmunizationMedInfo": "False",
    "StrorderImmunizationMedDose": "False",
    "StrorderNurseWitness": "False",
    "StrorderNurseMedInfo": "False",
    "StrorderNurseMedDose": "False",
    "StrorderAutoVerify": "False",
    "strValidate_AutoVerify": "False",
    "StrorderIntermittentMed": "D5 with 0.45% NaCl - Continuous",
    "StrOrderInterMedInfo": "False",
    "StrOrderInterMedDose": "False",
    "StrorderIntermittentIV": "Dextrose 5% with 0.45% NaCl intravenous solution",
    "StrOrderInterIVInfo": "False",
    "StrOrderInterIVDose": "False",
    "StrorderDTA": "acetaminophen-HYDROcodone 325 mg-5 mg oral tablet",
    "StrOrderDTAIVInfo": "False",
    "StrOrderDTADose": "False",
    "StrOrder_IVMAW": "False",
    "StrOrderMAW1": "morphine",
    "StrOrderMAW2": "acetaminophen",
    "StrOrderMultiIngredient": "False",
    "StrOrderMultiIngedientScan": "Epidural",
    "StrMedicationKeyword": "Routine",
    "StrTimeViewValue": "Cont",
    "StrReconciliationType_Admission": "Admission",
    "strPriorOrAfter1": "Prior",
    "strReconciliationOrderName1": 
        "azithromycin",
        
    "strReconciliationOrderStatus1": "False",
    "strRadioButton1": "Continue",
    "strPriorOrAfter2": "Prior",
    "strReconciliationOrderName2": "aspririn",
    "strReconciliationOrderStatus2": "False",
    "strRadioButton2": "Continue",
    "strPriorOrAfter3": "Prior",
    "strReconciliationOrderName3": 
        "aspirin 325 mg oral tablet",
       
    "strReconciliationOrderStatus3": "False",
    "strRadioButton3": "DNC",
    "strPriorOrAfter4": "After",
    "strReconciliationOrderName4": 
        "clindamycin 75 mg oral capsule",
       
    "strReconciliationOrderStatus4": "False",
    "strRadioButton4": "Continue",
    "StrReconciliationType_Transfer": "False",
    "StrReconciliationType_Discharge": "Discharge",
    "strRightClickAction_CnvtIPtoPrescription": "Convert",
    "StrStatus_Admission": "Admission",
    "StrTooltipText": "Complete",
    "StrStatus_Discharge": "Discharge",
    "StrTooltipText_Discharge": "Complete",
    "strRightClickAction_Modify": "Modify",
    "Struse_VoidReconciliation": "False",
    "StrVoid_option": "False",
    "Struse_SuspendResumeReconciliation": "True",
    "StrorderSinglephase": "Altered Bowel Elimination Rehabilitation",
    "StrOrderA_Singlephase": "Achieves Optimal Bowel Elimination - Met",
    "StrOrderB_Singlephase": "Bowel Training",
    "StrOrderC_Singlephase": 
        "Stool Description - Soft"
    ,
    "StrOrderD_Singlephase": "Bowel Program",
    "StrorderE_Singlephase": "Stool Description - Formed",
    "StrorderMultiphase": "DayRehab BADL 1 Track",
    "Strphase1_Multiphase": "Admission",
    "IntnumOccuranceCount": "1",
    "StrOrderA_Multiphase1": "Schedule Family Initial Meeting",
    "StrOrderA_Multiphase2": "Complete Bi-Monthly Family Contact",
    "StrOrderA_Multiphase3": "Schedule Family Discharge Meeting",
    "StrOrderB_Multiphase1": "Schedule Home Evaluation",
    "StrOrderB_Multiphase2": "Re-Assess HEP",
    "StrOrderB_Multiphase3": "Complete DC DayRehab DayROS Assessment",
    "StrOrderC_Multiphase1": "False",
    "StrOrderC_Multiphase2": "False",
    "StrOrderC_Multiphase3": "False",
    "StrOrderD_Multiphase1": "Initiate HEP",
    "StrOrderD_Multiphase2": "Schedule Family/Caregiver Training",
    "StrOrderD_Multiphase3": "Finalize DC Recommentations",
    "StrOrderE_Multiphase1": "False",
    "StrOrderE_Multiphase2": "False",
    "StrOrderE_Multiphase3": "False",
    "Strphase2_Multiphase": "Recurring",
    "Strphase3_Multiphase": "Discharge",
    "Struse_DiscontinuePlans": "Yes",
    "strReason_Discontinue": "a",
    "strReasonDiscontinue_IPOC": "a",
    "StrDiscontinueOrder": "False",
    "StrorderIPOC": "Pain Management Nursing Care Plan",
    "Stroutcome1_IPOC": "Behavior shows acceptable pain intensity last 24 hours...",
    "Stroutcome2_IPOC": "Reports pain intensity in acceptable range last 24 hour...",
    "Strintervention_IPOC": "Numeric Pain Scale - 3",
    "StrDiscontinueOrder_IPOC": "False",
    "StrOrderSentence": "mg",
    "StrComponentStatus": "11/25/2024",
    "StrorderCopyForward": "False",
    "StrorderEvidenceLink": "False",
    "StrorderRxPlan": "False",
    "StrOrder_Prescription1RxPlan": "False",
    "StrOrder_Prescription2RxPlan": "False",
    "StrOrderFuturePlan": "False",
    "StrorderSequencePlan": "Assessment Track PT-IP",
    "StrorderDiagnosisPlan":
        "Medrol",
       
    "StrDiagnosis_Plan": "False",
    "StrorderLabCollect1": "False",
    "StrorderLabCollect2": "False",
    "StrorderLabCollect3": "False",
    "Struse_EnhancedSchedule": "False",
    "StrorderRouteforReview": "False",
    "StrProposePlan": "False"
}