{
    "StrClientName": "RULT_VT",
    "StrUsername_DBA": "UCDBA",
     
    "StrPassword_DBA": "cerner*1",
    "StrUsername_RN": 
        "RS091347",
       
    "StrPassword_RN": "cerner*1",
    "StrUsername_MED": "False",
    "StrPassword_MED": "False",
    "StrAllergy_Mode": "Flat",
    "StrAllergyName": "aspirin",
    "StrReactionName": "Rash",
    "StrAllergy_Action": "Modify",
    "StrAllergy_Modify": "True",
    "StrAllergyRemove_MCDS": "True",
    "StrAllergyActions_MCDS": "True",
    "StrDuplicate_MCDS": "False",
    "strOrderType": "Inpatient",
    "StrOrder_Allergy1": "Aspirin",
    "strOrderSentence": "Ammonia Level",
    "StrPhysicianUserName": 
        "RS091347",
       
    "StrOrderOrProposal": "Order",
    "StrCommunicationType": "Verbal",
    "strOverrideReason": "Acknowledge",
    "strInteractions": "Apply to All",
    "StrOrder_Allergy2": "Ketorolac",
    "StrInteractionCategory": "False",
    "StrDuplicate_OrderName": "aspirin",
    "strAllergyStatus": "Apply to All",
    "strAllergyStatus1": "False",
    "IntAllergyInstance": "1",
    "strOrderType_Ambulatory":
        "Meds Given in Office"
    ,
    "StrOrder_Outpatient1": "Aspirin",
    "StrOrder_Outpatient2": "Amoxicillin",
    "StrOrder_Outpatient3": "Acetaminophen",
    "StrDiagnosis1": "Asthma",
    "StrDiagnosis2": "Asthma",
    "StrDiagnosis3": "Asthma",
    "StrProblem1": "Pain",
    "StrProblem2": "Broken Nose",
    "strRightClickActionModify": "Modify",
    "strRightClickActionCancel_Reorder": "Reorder",
    "strRightClickActionCancel_DC": "Cancel/DC",
    "strOrderType_Prescriptions": "Meds as Rx",
    "StrOrder_Prescription_Outpatient4": "Amaryl 1 mg oral tablet",
    "strRightClickActionConverAMB": "Inpatient",
    "Struse_synonyms": "True",
    "Struse_OrderSentence": "True",
    "Struse_ReschduleTask": "True",
    "Struse_CancelReorderDC": "True",
    "Struse_favorites": "True",
    "Struse_Careset": "True",
    "StrorderCareset": "Cord Blood Workup",
    "StrCaresetOrderName": "ABO",
    "StrOrderSupergroup_Careset": "False",
    "StrOrderNested_Careset": "False",
    "StrOrdeMultipleRx": "diltiaZEM IV",
    "StrOrderDiluentAddtive": "calcium gluconate iv additive",
    "StrOrderDoseCalc": "Mucomyst Oral Soln",
    "StrOrderSlidingscale": "False",
    "StrOrderDocumentMed1": "acetaminophen",
    "StrOrderDocumentMed2": "gabapentin 100 mg oral capsule",
    "StrOrderDocumentMed3": "aspirin 325 mg oral tablet",
    "StrOrderDocumentMed4": "lithium 150 mg oral capsule",
    "StrOrderDocumentMed5": "lisinopril 2.5 mg oral tablet",
    "StrStatus": "Documented",
    "StrRightClickActionModify": "Modify",
    "StrnumorderInstanc": "1",
    "Struse_DocumentMeds": "True",
    "StrOrderFavorites": "Ammonia Level",
    "StrOrderSynonym1": "Below the Knee ",
    "StrOrderSynonym2": "Teds BK",
    "StrMedicationOrder": "Ammonia Level",
    "StrOrderInstance": "1",
    "StrOrderIntervalFrequency": 
        "LORazepam",
       
    "Strfrequency_intervalfrequency": "q6hr",
    "Struse_PrintOrderSheet": "True",
    "Struse_ProblemDiagnosis": "True",
    "StrOrderDiagnosis": "ibuprofen",
    "StrOrderProblem": "ibuprofen",
    "StrorderDuplicate": "aspirin",
    "StrOrderTaper": "predniSONE",
    "IntOrderInstance": "1",
    "StrOrderFuture": "False",
    "StrOrderUnscheduled": "diAZEpam",
    "StrOrderUnscheduledValue": "On Call",
    "StrOrderOneTimeFreq": "HYDROmorphone",
    "StrOrderOneTimeFreqValue": "Once",
    "StrOrderDuration": "predniSONE",
    "StrOrderDetailsFieldName": "Duration",
    "StrOrderHardstop": "oseltamivir",
    "StrDateTime_FieldName": "Start Date",
    "StrAdministration": "TRUE",
    "StrDateEntry": "T",
    "StrTimeEntry": "N",
    "StrSkipAdmin": "False",
    "StrOrderSoftstop": "morphine",
    "StrFIN": "False",
    "StrOrderEnchancedReOrder": "aspirin",
    "StrOrderEnhancedValue": "BID",
    "StrDateTime_FieldName1": "Stop Date",
    "Struse_supendResume": "True",
    "Struse_OrderCopy": "True",
    "Struse_OrderVoid": "True",
    "Struse_OrderNurseReview": "True",
    "Struse_OrderComplete": "True",
    "StrRightclickAction_Void": "Void",
    "StrOrderNonMed": "Discharge Risk Assessment",
    "StrAddtiveName": "calcium gluconate iv additive",
    "strValidateModifyStatus": "Ordered",
    "StrValidate_MultipleRx": "Ordered",
    "StrValidate_Suspend": "False",
    "StrValidate_Resume": "False",
    "StrPhysician_Username": 
        "RS091347",
       
    "StrPhysician_Password": "cerner*1",
    "StrOrder_Prescription1": "Lopressor 50 mg oral tablet",
    "StrOrder_Prescription2": 
        "Zithromax 1 g oral liquid",
        
    "StrOrder_Prescription3": "amoxicillin 250 mg oral tablet",
    "StrOrder_Prescription4": "Amaryl 1 mg ",
    "StrorderMisc": "Misc Med",
    "StrOrder_DocumentMedHx_Presc": "Aspirin",
    "StrOrder_Inpatient": "ibuprofen",
    "StrOrder_Prescription5": "Lopressor 50 mg oral tablet",
    "Struse_ProposeRenewals": "True",
    "Struse_ConvertInpatient": "True",
    "Struse_ConvertRx": "True",
    "Struse_CompleteRx": "True",
    "Struse_VoidRx": "True",
    "Struse_supendResumeRx": "True",
    "Struse_CancelReorderRx": "True",
    "Struse_DiscontinueRx": "True",
    "Struse_MiscPrescription": "True",
    "Struse_copyPrescription": "True",
    "Struse_Referencetext": "True",
    "Struse_RenewPrescription": "True",
    "Struse_ModifyPrescription": "True",
    "StrOrderComment": "Testing Comments",
    "strOrdersentence_Prescriptions": "True",
    "Struse_MARSummary": "True",
    "Struse_Ivsite": "True",
    "StrOrderStatus": "False",
    "StrorderPRN": "acetaminophen",
    "Struse_CancelCharting": "True",
    "Struse_RescheduleDose": "True",
    "StrorderScheduledMed": "amLODIPine",
    "StrOrderMedInfo": "False",
    "StrOrderMedDose": "False",
    "StrOrderIVDose": "Pending",
    "StrorderIV": "Dextrose 10% in Water",
    "StrOrderIVInfo": "False",
    "Struse_AdditionalDose": "True",
    "Struse_ResponseTask": "True",
    "Struse_MARcomments": "False",
    "StrorderUnscheduled": "diAZEpam",
    "StrOrderPRNInfo": "False",
    "StrOrderPRNDose": "False",
    "StrOrderUnscheduledInfo": "False",
    "StrOrderUnscheduledDose": "False",
    "Struse_Unchart": "True",
    "Struse_ChartNotDone": "True",
    "Struse_RescheduleAdminTimes": "True",
    "Struse_AdminNote": "True",
    "Struse_InfuseVolume": "True",
    "Struse_TherapeuticClassView": "True",
    "Struse_PlanView": "True",
    "StrOrderInfo": "False",
    "StrOrderDose": "False",
    "StrorderImmunization": "influenza virus",
    "StrorderImmunizationMedInfo": "False",
    "StrorderImmunizationMedDose": "False",
    "StrorderNurseWitness": "insulin lispro",
    "StrorderNurseMedInfo": "False",
    "StrorderNurseMedDose": "False",
    "StrorderAutoVerify": "ibuprofen",
    "strValidate_AutoVerify": "False",
    "StrorderIntermittentMed": "ceFAZolin",
    "StrOrderInterMedInfo": "False",
    "StrOrderInterMedDose": "False",
    "StrorderIntermittentIV": "cefazolin",
    "StrOrderInterIVInfo": "False",
    "StrOrderInterIVDose": "False",
    "StrorderDTA": "acetaminophen-codeine #3",
    "StrOrderDTAIVInfo": "False",
    "StrOrderDTADose": "False",
    "StrOrder_IVMAW": "False",
    "StrOrderMAW1": "amlodipine",
    "StrOrderMAW2": "acetaminophen 325 mg Tab",
    "StrOrderMultiIngredient": "fentaNYL/NS 2500mcg/500ml",
    "StrOrderMultiIngedientScan": "Epidural",
    "StrMedicationKeyword": "Routine",
    "StrTimeViewValue": "Cont",
    "StrReconciliationType_Admission": "Admission",
    "strPriorOrAfter1": "Prior",
    "strReconciliationOrderName1": 
        "aspirin"
    ,
    "strReconciliationOrderStatus1": "False",
    "strRadioButton1": "Continue",
    "strPriorOrAfter2": "Prior",
    "strReconciliationOrderName2": "ibuprofen",
    "strReconciliationOrderStatus2": "False",
    "strRadioButton2": "Continue",
    "strPriorOrAfter3": "Prior",
    "strReconciliationOrderName3": "Lopressor 50 mg oral tablet",
    "strReconciliationOrderStatus3": "False",
    "strRadioButton3": "DNC",
    "strPriorOrAfter4": "After",
    "strReconciliationOrderName4": [
        "Zithromax 1 g oral liquid",
        "lisinopril 5 mg oral tablet"
    ],
    "strReconciliationOrderStatus4": "False",
    "strRadioButton4": "Continue",
    "StrReconciliationType_Transfer": "Transfer",
    "StrReconciliationType_Discharge": "Discharge",
    "strRightClickAction_CnvtIPtoPrescription": "Convert",
    "StrStatus_Admission": "Admission",
    "StrTooltipText": "Complete",
    "StrStatus_Discharge": "Discharge",
    "StrTooltipText_Discharge": "Complete",
    "strRightClickAction_Modify": "Modify",
    "Struse_VoidReconciliation": "True",
    "StrVoid_option": "False",
    "Struse_SuspendResumeReconciliation": "True",
    "StrorderSinglephase": "OB Preterm Labor",
    "StrOrderA_Singlephase": "Vital Signs",
    "StrOrderB_Singlephase": "Notify Provider",
    "StrOrderC_Singlephase": 
        "Oxygen Therapy"
    ,
    "StrOrderD_Singlephase": "Blood Gas",
    "StrorderE_Singlephase": "Prenatal Multivitamins",
    "StrorderMultiphase": "SURG Multi Chest",
    "Strphase1_Multiphase": "PAT",
    "IntnumOccuranceCount": "1",
    "StrOrderA_Multiphase1": "CBC Auto Diff reflex Manual Diff",
    "StrOrderA_Multiphase2": "LR",
    "StrOrderA_Multiphase3": "NS",
    "StrOrderB_Multiphase1": "Schedule for OR",
    "StrOrderB_Multiphase2": "Up ad Lib",
    "StrOrderB_Multiphase3": "Up to Chair",
    "StrOrderC_Multiphase1": "Appointment with Cardiologist",
    "StrOrderC_Multiphase2": "Intake and Output",
    "StrOrderC_Multiphase3": "Bedrest",
    "StrOrderD_Multiphase1": "EKG",
    "StrOrderD_Multiphase2": "Ancef",
    "StrOrderD_Multiphase3": "famotidine",
    "StrOrderE_Multiphase1": "XR Chest PA & Lat 2 Views - 71046",
    "StrOrderE_Multiphase2": "ibuprofen",
    "StrOrderE_Multiphase3": "Lovenox",
    "Strphase2_Multiphase": "PreOp",
    "Strphase3_Multiphase": "PostOp",
    "Struse_DiscontinuePlans": "True",
    "strReason_Discontinue": "a",
    "strReasonDiscontinue_IPOC": "a",
    "StrDiscontinueOrder": "False",
    "StrorderIPOC": "IPOC Anxiety",
    "Stroutcome1_IPOC": "Patient Specific Goal 1",
    "Stroutcome2_IPOC": "Express Feelings of Anxiety",
    "Strintervention_IPOC": "False",
    "StrDiscontinueOrder_IPOC": "False",
    "StrOrderSentence": "mg",
    "StrComponentStatus": "11/25/2024",
    "StrorderCopyForward": "False",
    "StrorderEvidenceLink": "False",
    "StrorderRxPlan": "False",
    "StrOrder_Prescription1RxPlan": "False",
    "StrOrder_Prescription2RxPlan": "False",
    "StrOrderFuturePlan": "False",
    "StrorderSequencePlan": "False",
    "StrorderDiagnosisPlan": 
        "abciximab",
       
    "StrDiagnosis_Plan": "GYN Multi Surgery",
    "StrorderLabCollect1": "False",
    "StrorderLabCollect2": "False",
    "StrorderLabCollect3": "False",
    "Struse_EnhancedSchedule": "False",
    "StrorderRouteforReview": "False",
    "StrProposePlan": "False"
}