{
    "StrClientName": "SAMT_AZ",
    "StrUsername_DBA": 
        "VENRAVITEJAS1",
        
    "StrPassword_DBA": 
        "CERNER*1",
        
    "StrUsername_RN": 
        "VENRAVITEJAS2"
    ,
    "StrPassword_RN": 
        "CERNER*1",
        
    "StrUsername_MED": "VENRAVITEJAS2",
    "StrPassword_MED": "CERNER*1",
    "StrAllergy_Mode": "Flat",
    "StrAllergyName": "aspirin",
    "StrReactionName": "Rash",
    "StrAllergy_Action": "Modify",
    "StrAllergy_Modify": "False",
    "StrAllergyRemove_MCDS": "True",
    "StrAllergyActions_MCDS": "True",
    "StrDuplicate_MCDS": "False",
    "strOrderType": "All Orders",
    "StrOrder_Allergy1": "Aspirin",
    "strOrderSentence": "Synthroid",
    "StrPhysicianUserName": 
        "VENRAVITEJAS2",
        
    "StrOrderOrProposal": "Order",
    "StrCommunicationType": "Verbal",
    "strOverrideReason": "Acknowledge",
    "strInteractions": "Apply to All",
    "StrOrder_Allergy2": "Ketorolac",
    "StrInteractionCategory": "False",
    "StrDuplicate_OrderName": "Code Status ",
    "strAllergyStatus": "Apply to All",
    "strAllergyStatus1": "False",
    "IntAllergyInstance": "1",
    "strOrderType_Ambulatory": "Meds in Office",
    "StrOrder_Outpatient1": "Aspirin",
    "StrOrder_Outpatient2": "Amoxicillin",
    "StrOrder_Outpatient3": "Acetaminophen",
    "StrDiagnosis1": [
        "Asthma",
        "Fever"
    ],
    "StrDiagnosis2": [
        "Cancer",
        "Fever"
    ],
    "StrDiagnosis3": "False",
    "StrProblem1": "Pain",
    "StrProblem2": "Broken Nose",
    "strRightClickActionModify": "Modify",
    "strRightClickActionCancel_Reorder": "Reorder",
    "strRightClickActionCancel_DC": "Cancel/DC",
    "strOrderType_Prescriptions": 
        "Discharge Meds as Rx"
    ,
    "StrOrder_Prescription_Outpatient4": "Lodine 400 mg oral tablet",
    "strRightClickActionConverAMB": "False",
    "Struse_synonyms": "True",
    "Struse_OrderSentence": "True",
    "Struse_ReschduleTask": "True",
    "Struse_CancelReorderDC": "True",
    "Struse_favorites": "False",
    "Struse_Careset": "False",
    "StrorderCareset": "AM Lab orders (cs)",
    "StrCaresetOrderName": "AM Lab orders (cs)",
    "StrOrderSupergroup_Careset": "False",
    "StrOrderNested_Careset": "False",
    "StrOrdeMultipleRx": "Dopamine",
    "StrOrderDiluentAddtive": "Heparin",
    "StrOrderDoseCalc": "Acetaminophen (PEDS)",
    "StrOrderSlidingscale": "False",
    "StrOrderDocumentMed1": "acetaminophen  ",
    "StrOrderDocumentMed2": "gabapentin 100 mg oral capsule",
    "StrOrderDocumentMed3": "aspirin 325 mg oral tablet",
    "StrOrderDocumentMed4": "lithium 150 mg oral capsule",
    "StrOrderDocumentMed5": "lisinopril 2.5 mg oral tablet",
    "StrStatus": "Documented",
    "StrRightClickActionModify": "Modify",
    "StrnumorderInstanc": "1",
    "Struse_DocumentMeds": "False",
    "StrOrderFavorites": "Synthroid",
    "StrOrderSynonym1": "PT evaluation/treatment",
    "StrOrderSynonym2": "Consult PT",
    "StrMedicationOrder": "Synthroid",
    "StrOrderInstance": "1",
    "StrOrderIntervalFrequency": 
        "aspirin"
    ,
    "Strfrequency_intervalfrequency": "q6hr",
    "Struse_PrintOrderSheet": "False",
    "Struse_ProblemDiagnosis": "True",
    "StrOrderDiagnosis": "False",
    "StrOrderProblem": "False",
    "StrorderDuplicate": "Code Status ",
    "StrOrderTaper": "False",
    "IntOrderInstance": "1",
    "StrOrderFuture": "CBC",
    "StrOrderUnscheduled": "Penicillin",
    "StrOrderUnscheduledValue": "ONCALL",
    "StrOrderOneTimeFreq": "wieght 1x only",
    "StrOrderOneTimeFreqValue": "1x only",
    "StrOrderDuration": "Cough Deep Breathe",
    "StrOrderDetailsFieldName": "Duration",
    "StrOrderHardstop": "False",
    "StrDateTime_FieldName": "Start Date",
    "StrAdministration": "TRUE",
    "StrDateEntry": "T",
    "StrTimeEntry": "N",
    "StrSkipAdmin": "False",
    "StrOrderSoftstop": "False",
    "StrFIN": "False",
    "StrOrderEnchancedReOrder": "aspirin",
    "StrOrderEnhancedValue": "BID",
    "StrDateTime_FieldName1": "Stop Date",
    "Struse_supendResume": "False",
    "Struse_OrderCopy": "True",
    "Struse_OrderVoid": "True",
    "Struse_OrderNurseReview": "True",
    "Struse_OrderComplete": "False",
    "StrRightclickAction_Void": "False",
    "StrOrderNonMed": "Abdominal single View KUB",
    "StrAddtiveName": "Heparin",
    "strValidateModifyStatus": "Ordered",
    "StrValidate_MultipleRx": "Ordered",
    "StrValidate_Suspend": "False",
    "StrValidate_Resume": "False",
    "StrPhysician_Username": 
        "VENRAVITEJAS2",
        
    "StrPhysician_Password":
        "cerner*1"
    ,
    "StrOrder_Prescription1": "CloNIDine 0.1 mg oral tablet",
    "StrOrder_Prescription2": "Crestor 5 mg oral tablet",
    "StrOrder_Prescription3": "Acetaminophen 80 mg oral",
    "StrOrder_Prescription4": "Lodine 400 mg oral tablet",
    "StrorderMisc": "Miscellaneous Medication",
    "StrOrder_DocumentMedHx_Presc": "Aspirin",
    "StrOrder_Inpatient": "medrol",
    "StrOrder_Prescription5": "CloNIDine 0.1 mg oral tablet",
    "Struse_ProposeRenewals": "True",
    "Struse_ConvertInpatient": "True",
    "Struse_ConvertRx": "True",
    "Struse_CompleteRx": "False",
    "Struse_VoidRx": "True",
    "Struse_supendResumeRx": "False",
    "Struse_CancelReorderRx": "True",
    "Struse_DiscontinueRx": "True",
    "Struse_MiscPrescription": "True",
    "Struse_copyPrescription": "True",
    "Struse_Referencetext": "False",
    "Struse_RenewPrescription": "True",
    "Struse_ModifyPrescription": "True",
    "StrOrderComment": "Testing Comments",
    "strOrdersentence_Prescriptions": "True",
    "Struse_MARSummary": "True",
    "Struse_Ivsite": "True",
    "StrOrderStatus": "False",
    "StrorderPRN": "aspirin",
    "Struse_CancelCharting": "True",
    "Struse_RescheduleDose": "True",
    "StrorderScheduledMed": "Lasix",
    "StrOrderMedInfo": "False",
    "StrOrderMedDose": "False",
    "StrOrderIVDose": "Pending",
    "StrorderIV": 
        "D5W w/KCl 20 mEq/L",
       
    "StrOrderIVInfo": "False",
    "Struse_AdditionalDose": "True",
    "Struse_ResponseTask": "True",
    "Struse_MARcomments": "True",
    "StrorderUnscheduled": "Penicillin",
    "StrOrderPRNInfo": "False",
    "StrOrderPRNDose": "False",
    "StrOrderUnscheduledInfo": "False",
    "StrOrderUnscheduledDose": "False",
    "Struse_Unchart": "True",
    "Struse_ChartNotDone": "True",
    "Struse_RescheduleAdminTimes": "True",
    "Struse_AdminNote": "True",
    "Struse_InfuseVolume": "True",
    "Struse_TherapeuticClassView": "True",
    "Struse_PlanView": "True",
    "StrOrderInfo": "False",
    "StrOrderDose": "False",
    "StrorderImmunization": "Antivenin (black widow spider)",
    "StrorderImmunizationMedInfo": "False",
    "StrorderImmunizationMedDose": "False",
    "StrorderNurseWitness": "gemcitabine",
    "StrorderNurseMedInfo": "False",
    "StrorderNurseMedDose": "False",
    "StrorderAutoVerify": "False",
    "strValidate_AutoVerify": "False",
    "StrorderIntermittentMed": "clindamycin",
    "StrOrderInterMedInfo": "False",
    "StrOrderInterMedDose": "False",
    "StrorderIntermittentIV": "CISplatin/mannitol in 1/2NS",
    "StrOrderInterIVInfo": "False",
    "StrOrderInterIVDose": "False",
    "StrorderDTA": "aspirin",
    "StrOrderDTAIVInfo": "False",
    "StrOrderDTADose": "False",
    "StrOrder_IVMAW": "False",
    "StrOrderMAW1": "Lasix",
    "StrOrderMAW2": "aspirin",
    "StrOrderMultiIngredient": "Sodium Chloride 0.9% + KCl + Mg ",
    "StrOrderMultiIngedientScan": "Epidural",
    "StrMedicationKeyword": "Routine",
    "StrTimeViewValue": "Cont",
    "StrReconciliationType_Admission": "Admission",
    "strPriorOrAfter1": "Prior",
    "strReconciliationOrderName1": 
        "ALPRAzolam",
       
    "strReconciliationOrderStatus1": "Ordered",
    "strRadioButton1": "Continue",
    "strPriorOrAfter2": "Prior",
    "strReconciliationOrderName2": "medrol",
    "strReconciliationOrderStatus2": "False",
    "strRadioButton2": "Continue",
    "strPriorOrAfter3": "Prior",
    "strReconciliationOrderName3": "CloNIDine 0.1 mg oral tablet",
    "strReconciliationOrderStatus3": "False",
    "strRadioButton3": "DNC",
    "strPriorOrAfter4": "After",
    "strReconciliationOrderName4": "Crestor 5 mg oral tablet",
    "strReconciliationOrderStatus4": "False",
    "strRadioButton4": "Continue",
    "StrReconciliationType_Transfer": "False",
    "StrReconciliationType_Discharge": "Discharge",
    "strRightClickAction_CnvtIPtoPrescription": "Convert",
    "StrStatus_Admission": "Admission",
    "StrTooltipText": "Complete",
    "StrStatus_Discharge": "Discharge",
    "StrTooltipText_Discharge": "Complete",
    "strRightClickAction_Modify": "Modify",
    "Struse_VoidReconciliation": "False",
    "StrVoid_option": "False",
    "Struse_SuspendResumeReconciliation": "True",
    "StrorderSinglephase":
        "SO ED Abdominal Pain [pp]"
    ,
    "StrOrderA_Singlephase": "Diet Order Adult",
    "StrOrderB_Singlephase": "RSP lactic Acid",
    "StrOrderC_Singlephase": 
        "EKG",
       
    "StrOrderD_Singlephase":
        "Lactic Acid Plasma"
    ,
    "StrorderE_Singlephase": "POCT by Nursing (1xOnly)",
    "StrorderMultiphase": "Admit Stroke Intracerebral Hemorrhage (ICH) [pp]",
    "Strphase1_Multiphase": "ICH",
    "IntnumOccuranceCount": "1",
    "StrOrderA_Multiphase1": "Weight",   
    "StrOrderC_Multiphase1": "Notify Provider",
    "StrOrderB_Multiphase1": "Vital Signs",
    "StrOrderE_Multiphase1": "Aspirin",
    "StrOrderD_Multiphase1": "RSP",


    "Strphase2_Multiphase": "Reversal",
    "StrOrderA_Multiphase2": "CBC", 
    "StrOrderB_Multiphase2": "Set up",
    "StrOrderE_Multiphase2": "amoxicillin",
    "StrOrderC_Multiphase2": "Thrombin Clotting Time",
    "StrOrderD_Multiphase2": "PCC",


    "Strphase3_Multiphase": "Ventilator Therapy",
    "StrOrderA_Multiphase3": "Activity as Tolerated",
    "StrOrderB_Multiphase3": "Oral Care",
    "StrOrderC_Multiphase3": "Assessment General", 
    "StrOrderD_Multiphase3": "Consult Physician",  
    "StrOrderE_Multiphase3": "acetaminophen",
   
    "Struse_DiscontinuePlans": "False",
    "strReason_Discontinue": "a",
    "strReasonDiscontinue_IPOC": "a",
    "StrDiscontinueOrder": "False",
    "StrorderIPOC": "IPOC: Acute Pain",
    "Stroutcome1_IPOC": "Create patient custom goal",
    "Stroutcome2_IPOC": "Reports pain as relieved or controlled",
    "Strintervention_IPOC": "Position for comfort",
    "StrDiscontinueOrder_IPOC": "False",
    "StrOrderSentence": "mg",
    "StrComponentStatus": "01/08/2025",
    "StrorderCopyForward": "False",
    "StrorderEvidenceLink": "ED Renal Colic - ALTO [sub-p]",
    "StrorderRxPlan": "ONC TH PreTreatment Plan",
    "StrOrder_Prescription1RxPlan": "False",
    "StrOrder_Prescription2RxPlan": "False",
    "StrOrderFuturePlan": "Admit Cardiac [pp]",
    "StrorderSequencePlan": "False",
    "StrDiagnosis_Plan": 
        "defibrotide"
    ,
    "StrorderDiagnosisPlan": "PEDSONC OP ARST 2031 Maintenance Regimen A and B",
    "StrorderLabCollect1": "CBC",
    "StrorderLabCollect2": "Mercury Urine",
    "StrorderLabCollect3": "Culture Eye",
    "Struse_EnhancedSchedule": "False",
    "StrorderRouteforReview": "ONC TH PreTreatment Plan",
    "StrProposePlan": "False"
}