{
    "StrClientName": "STNJ_NJ M646",
    "StrUsername_DBA": "RS091347A",
    "StrPassword_DBA":"cerner*12",
    "StrUsername_RN":"RS091347D",
    "StrPassword_RN":"cerner*12",
    "StrUsername_MED": "SN100932E",
    "StrPassword_MED": "cerner*1",
    "StrAllergy_Mode": "Flat",
    "StrAllergyName": "aspirin",
    "StrReactionName": "Rash",
    "StrAllergy_Action": "Modify",
    "StrAllergy_Modify": "True",
    "StrAllergyRemove_MCDS": "True",
    "StrAllergyActions_MCDS": "True",
    "StrDuplicate_MCDS": "True",
    "strOrderType": "Inpatient",
    "StrOrder_Allergy1": "ketorolac",
    "strOrderSentence": "mg",
    "StrPhysicianUserName":"RS091347B",
    "StrOrderOrProposal": "Order",
    "StrCommunicationType": "Verbal",
    "strOverrideReason": "Acknowledge",
    "strInteractions": "Apply to All",
    "StrOrder_Allergy2": "aspirin",
    "StrInteractionCategory": "",
    "StrDuplicate_OrderName": "ibuprofen",
    "strAllergyStatus": "Ordered",
    "strAllergyStatus1": "Ordered",
    "IntAllergyInstance": "1",
    "strOrderType_Ambulatory":"Ambulatory - In Office",
    "StrOrder_Outpatient1": "Aspirin",
    "StrOrder_Outpatient2": "Amoxicillin",
    "StrOrder_Outpatient3": "Acetaminophen",
    "StrDiagnosis1": 
        "Heartburn",
       
    "StrDiagnosis2": "Pleurodynia",
    "StrDiagnosis3": "Hyperlipidemia",
    "StrProblem1": "Pain",
    "StrProblem2": "Broken Nose",
    "strRightClickActionModify": "Modify",
    "strRightClickActionCancel_Reorder": "Reorder",
    "strRightClickActionCancel_DC": "Cancel/Discontinue",
    "strOrderType_Prescriptions": "Discharge Meds as Rx",
    "StrOrder_Prescription_Outpatient4": "acetaminophen 500 mg oral tablet",
    "strRightClickActionConverAMB": "Convert",
    "Struse_synonyms": "True",
    "Struse_OrderSentence": "True",
    "Struse_ReschduleTask": "False",
    "Struse_CancelReorderDC": "True",
    "Struse_favorites": "True",
    "Struse_Careset": "True",
    "StrorderCareset": "Newborn Admission Rule",
    "StrCaresetOrderName": "Order Entry",
    "StrOrderSupergroup_Careset": "False",
    "StrOrderNested_Careset": "False",
    "StrOrdeMultipleRx": "Pitocin",
    "StrOrderDiluentAddtive": "D5W drip",
    "StrOrderDoseCalc": "HYDROmorphone",
    "StrOrderSlidingscale": "False",
    "StrOrderDocumentMed1": "acetaminophen 80 mg oral tablet",
    "StrOrderDocumentMed2": "gabapentin 100 mg oral capsule",
    "StrOrderDocumentMed3": "aspirin 325 mg oral tablet",
    "StrOrderDocumentMed4": "lithium 150 mg oral capsule",
    "StrOrderDocumentMed5": "lisinopril 2.5 mg oral tablet",
    "StrStatus": "Documented",
    "StrRightClickActionModify": "Modify",
    "StrnumorderInstanc": "1",
    "Struse_DocumentMeds": "True",
    "StrOrderFavorites": "aspirin",
    "StrOrderSynonym1": "abacavir",
    "StrOrderSynonym2": "Ziagen",
    "StrMedicationOrder": "Medrol",
    "StrOrderInstance": "1",
    "StrOrderIntervalFrequency": "aspirin",
    "Strfrequency_intervalfrequency": "q6hr",
    "Struse_PrintOrderSheet": "True",
    "Struse_ProblemDiagnosis": "True",
    "StrOrderDiagnosis": "clindamycin",
    "StrOrderProblem": "acetaminophen",
    "StrorderDuplicate": "CBC",
    "StrOrderTaper": "prednisone",
    "IntOrderInstance": "1",
    "StrOrderFuture": "BMP",
    "StrOrderUnscheduled": "poliovirus vaccine",
    "StrOrderUnscheduledValue": "On Call",
    "StrOrderOneTimeFreq": "PTT",
    "StrOrderOneTimeFreqValue": "Once",
    "StrOrderDuration": "Oxygen Therapy",
    "StrstrOrderDetailsFieldName": "Duration",
    "StrOrderHardstop": "Demerol",
    "StrDateTime_FieldName": "Start Date",
    "StrAdministration": "TRUE",
    "StrDateEntry": "T",
    "StrTimeEntry": "N",
    "StrSkipAdmin": "",
    "StrOrderSoftstop": "False",
    "StrFIN": "",
    "StrOrderEnchancedReOrder": "aspirin",
    "StrOrderEnhancedValue": "BID",
    "StrDateTime_FieldName1": "Stop Date",
    "Struse_supendResume": "False",
    "Struse_OrderCopy": "True",
    "Struse_OrderVoid": "True",
    "Struse_OrderNurseReview": "True",
    "Struse_OrderComplete": "True",
    "StrRightclickAction_Void": "Void",
    "StrOrderNonMed": "CBC",
    "StrAddtiveName": "calcium chloride",
    "strValidateModifyStatus": "Ordered",
    "StrValidate_MultipleRx": "Ordered",
    "StrValidate_Suspend": "",
    "StrValidate_Resume": "",
    "StrPhysician_Username":
        "SN100932B",
       
    "StrPhysician_Password": [
        
        "cerner*12"
    ],
    "StrOrder_Prescription1": "acetaminophen 500 mg oral tablet",      
    "StrOrder_Prescription2": "lisinopril 10 mg oral tablet",
    "StrOrder_Prescription3":  "CeleBREX 100 mg oral capsule",
    "StrOrder_Prescription4": "acetaminophen 500 mg oral tablet",
    "StrorderMisc": "Misc Prescription",
    "StrOrder_DocumentMedHx_Presc": "Aspirin",
    "StrOrder_Inpatient": "furosemide",
    "StrOrder_Prescription5":"ibuprofen 100 mg oral tablet",
    "Struse_ProposeRenewals": "False",
    "Struse_ConvertInpatient": "True",
    "Struse_ConvertRx": "True",
    "Struse_CompleteRx": "True",
    "Struse_VoidRx": "False",
    "Struse_supendResumeRx": "True",
    "Struse_CancelReorderRx": "False",
    "Struse_DiscontinueRx": "True",
    "Struse_MiscPrescription": "True",
    "Struse_copyPrescription": "True",
    "Struse_Referencetext": "True",
    "Struse_RenewPrescription": "False",
    "Struse_ModifyPrescription": "True",
    "StrOrderComment": "Testing Comments",
    "strOrdersentence_Prescriptions": "True",
    "Struse_MARSummary": "True",
    "Struse_Ivsite": "True",
    "StrOrderStatus": "",
    "StrorderPRN": "acetaminophen",
    "Struse_CancelCharting": "True",
    "Struse_RescheduleDose": "True",
    "StrorderScheduledMed": "aspirin",
    "StrOrderMedInfo": "BID",
    "StrOrderMedDose": "given",
    "StrOrderIVDose": "Pending",
    "StrorderIV": "D5W",
    "StrOrderIVInfo": "Soln",
    "Struse_AdditionalDose": "True",
    "Struse_ResponseTask": "True",
    "Struse_MARcomments": "True",
    "StrorderUnscheduled": "methylPREDNISolone",
    "StrOrderPRNInfo": "PRN",
    "StrOrderPRNDose": "given",
    "StrOrderUnscheduledInfo": "On Call",
    "StrOrderUnscheduledDose": "given",
    "Struse_Unchart": "True",
    "Struse_ChartNotDone": "True",
    "Struse_RescheduleAdminTimes": "True",
    "Struse_AdminNote": "True",
    "Struse_InfuseVolume": "True",
    "Struse_TherapeuticClassView": "True",
    "Struse_PlanView": "True",
    "StrOrderInfo": "",
    "StrOrderDose": "",
    "StrorderImmunization": "poliovirus vaccine",
    "StrorderImmunizationMedInfo": "On Call",
    "StrorderImmunizationMedDose": "given",
    "StrorderNurseWitness": "Medrol",
    "StrorderNurseMedInfo": "First",
    "StrorderNurseMedDose": "given",
    "StrorderAutoVerify": "aspirin",
    "strValidate_AutoVerify": "",
    "StrorderIntermittentMed": "Famotidine",
    "StrOrderInterMedInfo": "",
    "StrOrderInterMedDose": "",
    "StrorderIntermittentIV": "ValGANciclovir 450 mg oral tablet",
    "StrOrderInterIVInfo": "",
    "StrOrderInterIVDose": "",
    "StrorderDTA": "HYDROmorphone",
    "StrOrderDTAIVInfo": "for",
    "StrOrderDTADose": "given",
    "StrOrder_IVMAW": "D5W drip",
    "StrOrderMAW1": "furosemide",
    "StrOrderMAW2": "acetaminophen",
    "StrOrderMultiIngredient": "D5 with 0.255% NaCl",
    "StrOrderMultiIngedientScan": "D5W drip",
    "StrMedicationKeyword": "Routine",
    "StrTimeViewValue": "Cont",
    "StrReconciliationType_Admission": "Admission",
    "strPriorOrAfter1": "Prior",
    "strReconciliationOrderName1": [
        "aspirin chewable tab",
        "medrol",
        "aspirin cheable tab"
    ],
    "strReconciliationOrderStatus1": "",
    "strRadioButton1": "Continue",
    "strPriorOrAfter2": "Prior",
    "strReconciliationOrderName2": "furosemide",
    "strReconciliationOrderStatus2": "",
    "strRadioButton2": "Continue",
    "strPriorOrAfter3": "Prior",
    "strReconciliationOrderName3": [
        "acetaminophen 500 mg oral tablet",
        "ibuprofen 100 mg oral tablet",
        "Lisinopril 10 mg oral tablet"
    ],
    "strReconciliationOrderStatus3": "",
    "strRadioButton3": "DNC",
    "strPriorOrAfter4": "After",
    "strReconciliationOrderName4": [
        "lisinopril 10 mg oral tablet",
        "CeleBREX 100 mg oral capsule"
    ],
    "strReconciliationOrderStatus4": "",
    "strRadioButton4": "Continue",
    "StrReconciliationType_Transfer": "",
    "StrReconciliationType_Discharge": "Discharge",
    "strRightClickAction_CnvtIPtoPrescription": "Convert",
    "StrStatus_Admission": "Admission",
    "StrTooltipText": "Complete",
    "StrStatus_Discharge": "Discharge",
    "StrTooltipText_Discharge": "Complete",
    "strRightClickAction_Modify": "Modify",
    "Struse_VoidReconciliation": "",
    "StrVoid_option": "",
    "Struse_SuspendResumeReconciliation": "True",
    "StrorderSinglephase": 
        "PED Abdominal Pain",
    "StrOrderA_Singlephase": "Weight",
    "StrOrderB_Singlephase": "Vital Signs",
    "StrOrderC_Singlephase": 
        "Bedrest",
       
    "StrOrderD_Singlephase": 
        "Ambulate",
       
    "StrorderE_Singlephase": "morphine",
    "StrorderMultiphase": "",
    "Strphase1_Multiphase": "",
    "IntnumOccuranceCount": "1",
    "StrOrderA_Multiphase1": "",
    "StrOrderA_Multiphase2": "",
    "StrOrderA_Multiphase3": "",
    "StrOrderB_Multiphase1": "",
    "StrOrderB_Multiphase2": "",
    "StrOrderB_Multiphase3": "",
    "StrOrderC_Multiphase1": "",
    "StrOrderC_Multiphase2": "",
    "StrOrderC_Multiphase3": "",
    "StrOrderD_Multiphase1": "",
    "StrOrderD_Multiphase2": "",
    "StrOrderD_Multiphase3": "",
    "StrOrderE_Multiphase1": "",
    "StrOrderE_Multiphase2": "",
    "StrOrderE_Multiphase3": "",
    "Strphase2_Multiphase": "",
    "Strphase3_Multiphase": "",
    "Struse_DiscontinuePlans": "True",
    "strReason_Discontinue": "a",
    "strReasonDiscontinue_IPOC": "a",
    "StrDiscontinueOrder": "Vital Signs",
    "StrorderIPOC": "Anxiety IPOC",
    "Stroutcome1_IPOC": "Anxiety signs and symptoms reduced",
    "Stroutcome2_IPOC": "Understanding of relaxation techniques",
    "Strintervention_IPOC": "Explore patient relaxation techniques",
    "StrDiscontinueOrder_IPOC": "Anxiety",
    "StrOrderSentence": "mg",
    "StrComponentStatus": "11/25/2024",
    "StrorderCopyForward": "PED Abdominal Pain",
    "StrorderEvidenceLink": "OB Labor and Delivery Admission",
    "StrorderRxPlan": "PED Abdominal Pain",
    "StrOrder_Prescription1RxPlan": "aspirin",
    "StrOrder_Prescription2RxPlan": "Medrol",
    "StrOrderFuturePlan": "False",
    "StrorderSequencePlan": "",
    "StrorderDiagnosisPlan": 
        "False",
    "StrDiagnosis_Plan": "False",
    "StrorderLabCollect1": "Gross Tissue",
    "StrorderLabCollect2": "Cytology Non GYN",
    "StrorderLabCollect3": "Cytology Brushing",
    "Struse_EnhancedSchedule": "True",
    "StrorderRouteforReview": "False",
    "StrProposePlan": "False",
    "StrOrderComplete":"Order Entry",
    "StrOrderMedStudent":"False"
}
