{
    "TestedBy": "RS091347",
"ClientMnemonic": "STVN_FL",
"TTPurpose": "UCMS_STVN_FL_CERT_Test",
"Domain": "CERT",
"SolutionName": "Orders Management",
    "StrClientName": "STVN_FL_CERT",
    
    "StrUsername_DBA": 
        "RS091347",
        
    "StrPassword_DBA": "cerner*12345",
    "StrUsername_RN": "RS091347",
    "StrPassword_RN": "cerner*12345",
    "StrUsername_MED": "RS091347",
    "StrPassword_MED": "cerner*12345",
    "StrAllergy_Mode": "Popup",
    "StrAllergyName": "aspirin",
    "StrReactionName": "Rash",
    "StrAllergy_Action": "Modify",
    "StrAllergy_Modify": "True",
    "StrAllergyRemove_MCDS": "True",
    "StrAllergyActions_MCDS": "True",
    "StrDuplicate_MCDS": "False",
    "strOrderType": "Inpatient",
    "StrOrder_Allergy1": "ketorolac",
    "strOrderSentence": "mg",
    "StrPhysicianUserName":"RS091347",
    "StrOrderOrProposal": "Order",
    "StrCommunicationType": "Verbal",
    "strOverrideReason": "Physician",
    "strInteractions": "Apply to All",
    "StrOrder_Allergy2": "ibuprofen",
    "StrInteractionCategory": "",
    "StrDuplicate_OrderName": "Clear Liquid",
    "strAllergyStatus": "Apply to All",
    "strAllergyStatus1": "",
    "IntAllergyInstance": "1",
    "strOrderType_Ambulatory": "Inpatient",
    "StrOrder_Outpatient1": "Aspirin",
    "StrOrder_Outpatient2": "Amoxicillin",
    "StrOrder_Outpatient3": "Acetaminophen",
    "StrDiagnosis1": "Fever",
    "StrDiagnosis2": "Cough",
    "StrDiagnosis3": "Cancer",
    "StrProblem1": "Pain",
    "StrProblem2": "Broken Nose",
    "strRightClickActionModify": "Modify",
    "strRightClickActionCancel_Reorder": "Reorder",
    "strRightClickActionCancel_DC": "Discontinue",
    "strOrderType_Prescriptions": "Prescriptions",
    "StrOrder_Prescription_Outpatient4": "",
    "strRightClickActionConverAMB": "",
    "Struse_synonyms": "True",
    "Struse_OrderSentence": "True",
    "Struse_ReschduleTask": "True",
    "Struse_CancelReorderDC": "True",
    "Struse_favorites": "False",
    "Struse_Careset": "True",
    "StrorderCareset": "Behavioral Health Center Admission",
    "StrCaresetOrderName": "Allergy",
    "StrOrderSupergroup_Careset": "False",
    "StrOrderNested_Careset": "False",
    "StrOrdeMultipleRx": "levocarnitine",
    "StrOrderDiluentAddtive": "D5W",
    "StrOrderDoseCalc": "Ativan Infusion",
    "StrOrderSlidingscale": "insulin lispro - sliding scale",
    "StrOrderDocumentMed1": "acetaminophen",
    "StrOrderDocumentMed2": "gabapentin 100 mg oral capsule",
    "StrOrderDocumentMed3": "aspirin 325 mg oral tablet",
    "StrOrderDocumentMed4": "lithium 150 mg oral capsule",
    "StrOrderDocumentMed5": "lisinopril 2.5 mg oral tablet",
    "StrStatus": "Documented",
    "StrRightClickActionModify": "Modify",
    "StrnumorderInstanc": "1",
    "Struse_DocumentMeds": "True",
    "StrOrderFavorites": "aspirin",
    "StrOrderSynonym1": "Tylenol",
    "StrOrderSynonym2": "acetaminophen",
    "StrMedicationOrder": "aspirin",
    "StrOrderInstance": "1",
    "StrOrderIntervalFrequency": "aspirin",
    "Strfrequency_intervalfrequency": "q6hr",
    "Struse_PrintOrderSheet": "False",
    "Struse_ProblemDiagnosis": "True",
    "StrOrderDiagnosis": "acetaminophen",
    "StrOrderProblem": "clindamycin",
    "StrorderDuplicate": "Clear Liquid",
    "StrOrderTaper": "False",
    "IntOrderInstance": "1",
    "StrOrderFuture": "Admit to Inpatient",
    "StrOrderUnscheduled": "methylPREDNISolone",
    "StrOrderUnscheduledValue": "unsched",
    "StrOrderOneTimeFreq": "Medrol",
    "StrOrderOneTimeFreqValue": "once",
    "StrOrderDuration": "Medrol",
    "StrOrderDetailsFieldName": "Duration",
    "StrOrderHardstop": "acetaminophen",
    "StrDateTime_FieldName": "Start Date",
    "StrAdministration": "TRUE",
    "StrDateEntry": "T",
    "StrTimeEntry": "N",
    "StrSkipAdmin": "",
    "StrOrderSoftstop": "Blood Culture",
    "StrFIN": "",
    "StrOrderEnchancedReOrder": "aspirin",
    "StrOrderEnhancedValue": "BID",
    "StrDateTime_FieldName1": "Stop Date",
    "Struse_supendResume": "True",
    "Struse_OrderCopy": "True",
    "Struse_OrderVoid": "True",
    "Struse_OrderNurseReview": "True",
    "Struse_OrderComplete": "False",
    "StrRightclickAction_Void": "Void",
    "StrOrderNonMed": "Chest Tube Care",
    "StrAddtiveName": "potassium acetate",
    "strValidateModifyStatus": "Ordered",
    "StrValidate_MultipleRx": "Ordered",
    "StrValidate_Suspend": "",
    "StrValidate_Resume": "",
    "StrPhysician_Username": 
        "RS091347",
        
    "StrPhysician_Password": "cerner*1",
    "StrOrder_Prescription1": "furosemide 80 mg oral tablet",
    "StrOrder_Prescription2": "Lisinopril 5 mg oral tablet",
    "StrOrder_Prescription3": "Medrol 2 mg oral tablet",
    "StrOrder_Prescription4": "aspirin 325 mg oral capsule",
    "StrorderMisc": "False",
    "StrOrder_DocumentMedHx_Presc": "Aspirin",
    "StrOrder_Inpatient": "Medrol ",
    "StrOrder_Prescription5": "furosemide 80 mg oral tablet",
    "Struse_ProposeRenewals": "False",
    "Struse_ConvertInpatient": "True",
    "Struse_ConvertRx": "True",
    "Struse_CompleteRx": "True",
    "Struse_VoidRx": "True",
    "Struse_supendResumeRx": "False",
    "Struse_CancelReorderRx": "True",
    "Struse_DiscontinueRx": "True",
    "Struse_MiscPrescription": "False",
    "Struse_copyPrescription": "True",
    "Struse_Referencetext": "True",
    "Struse_RenewPrescription": "True",
    "Struse_ModifyPrescription": "True",
    "StrOrderComment": "Testing Comments",
    "strOrdersentence_Prescriptions": "mg",
    "Struse_MARSummary": "True",
    "Struse_Ivsite": "True",
    "StrOrderStatus": "",
    "StrorderPRN": "acetaminophen",
    "Struse_CancelCharting": "True",
    "Struse_RescheduleDose": "False",
    "StrorderScheduledMed": "clindamycin",
    "StrOrderMedInfo": "Cap",
    "StrOrderMedDose": "given",
    "StrOrderIVDose": "Pending",
    "StrorderIV": "D5W",
    "StrOrderIVInfo": "Start",
    "Struse_AdditionalDose": "True",
    "Struse_ResponseTask": "False",
    "Struse_MARcomments": "False",
    "StrorderUnscheduled": "methylPREDNISolone",
    "StrOrderPRNInfo": "Tab",
    "StrOrderPRNDose": "given",
    "StrOrderUnscheduledInfo": "Routine",
    "StrOrderUnscheduledDose": "given",
    "Struse_Unchart": "True",
    "Struse_ChartNotDone": "True",
    "Struse_RescheduleAdminTimes": "True",
    "Struse_AdminNote": "True",
    "Struse_InfuseVolume": "True",
    "Struse_TherapeuticClassView": "True",
    "Struse_PlanView": "False",
    "StrOrderInfo": "",
    "StrOrderDose": "",
    "StrorderImmunization": "nfluenza virus vaccine",
    "StrorderImmunizationMedInfo": "",
    "StrorderImmunizationMedDose": "",
    "StrorderNurseWitness": "levOCARNitine",
    "StrorderNurseMedInfo": "Routine",
    "StrorderNurseMedDose": "given",
    "StrorderAutoVerify": "Medrol",
    "strValidate_AutoVerify": "Ordered",
    "StrorderIntermittentMed": "Dextrose 5% in Water",
    "StrOrderInterMedInfo": "",
    "StrOrderInterMedDose": "",
    "StrorderIntermittentIV": "Sodium Chloride 2 % NS 500 mL",
    "StrOrderInterIVInfo": "Routine",
    "StrOrderInterIVDose": "given",
    "StrorderDTA": "False",
    "StrOrderDTAIVInfo": "",
    "StrOrderDTADose": "",
    "StrOrder_IVMAW": "",
    "StrOrderMAW1": "acetaminophen",
    "StrOrderMAW2": "Medrol",
    "StrOrderMultiIngredient": "Retrovir 600 mg / D5W 300 mL",
    "StrOrderMultiIngedientScan": "Epidural",
    "StrMedicationKeyword": "Routine",
    "StrTimeViewValue": "Cont",
    "StrReconciliationType_Admission": "Admission",
    "strPriorOrAfter1": "Prior",
    "strReconciliationOrderName1": [
        "aspirin",
        "miconazole"
    ],
    "strReconciliationOrderStatus1": "",
    "strRadioButton1": "Continue",
    "strPriorOrAfter2": "Prior",
    "strReconciliationOrderName2": "Medrol ",
    "strReconciliationOrderStatus2": "",
    "strRadioButton2": "Continue",
    "strPriorOrAfter3": "Prior",
    "strReconciliationOrderName3": "furosemide 80 mg oral tablet",
    "strReconciliationOrderStatus3": "",
    "strRadioButton3": "DNC",
    "strPriorOrAfter4": "After",
    "strReconciliationOrderName4": "Lisinopril 5 mg oral tablet",
    "strReconciliationOrderStatus4": "",
    "strRadioButton4": "Continue",
    "StrReconciliationType_Transfer": "Transfer",
    "StrReconciliationType_Discharge": "Discharge",
    "strRightClickAction_CnvtIPtoPrescription": "Convert",
    "StrStatus_Admission": "Admission",
    "StrTooltipText": "Complete",
    "StrStatus_Discharge": "Discharge",
    "StrTooltipText_Discharge": "Complete",
    "strRightClickAction_Modify": "Modify",
    "Struse_VoidReconciliation": "",
    "StrVoid_option": "",
    "Struse_SuspendResumeReconciliation": "True",
    "StrorderSinglephase": 
        "Anesthesia Pre-Op Orders",
    "StrOrderA_Singlephase": "lidocaine",
    "StrOrderB_Singlephase": "midazolam",
    "StrOrderC_Singlephase": "glycopyrrolate",
    "StrOrderD_Singlephase": "scopolamine",
    "StrorderE_Singlephase": "aspirin",
    "StrorderMultiphase": "",
    "Strphase1_Multiphase": "",
    "IntnumOccuranceCount": "1",
    "StrOrderA_Multiphase1": "",
    "StrOrderA_Multiphase2": "",
    "StrOrderA_Multiphase3": "",
    "StrOrderB_Multiphase1": "",
    "StrOrderB_Multiphase2": "",
    "StrOrderB_Multiphase3": "",
    "StrOrderC_Multiphase1": "",
    "StrOrderC_Multiphase2": "",
    "StrOrderC_Multiphase3": "",
    "StrOrderD_Multiphase1": "",
    "StrOrderD_Multiphase2": "",
    "StrOrderD_Multiphase3": "",
    "StrOrderE_Multiphase1": "",
    "StrOrderE_Multiphase2": "",
    "StrOrderE_Multiphase3": "",
    "Strphase2_Multiphase": "",
    "Strphase3_Multiphase": "",
    "Struse_DiscontinuePlans": "True",
    "strReason_Discontinue": "Patient",
    "strReasonDiscontinue_IPOC": "Patient",
    "StrDiscontinueOrder": "aspirin",
    "StrorderIPOC": "Cardiac Managerment Care Plan",
    "Stroutcome1_IPOC": "Hemodynamically Stable - Met",
    "Stroutcome2_IPOC": "Patient Specific Goal",
    "Strintervention_IPOC": "Weight Stablized - At Patient Baseline",
    "StrDiscontinueOrder_IPOC": "Patient",
    "StrOrderSentence": "mg",
    "StrComponentStatus": "11/25/2024",
    "StrorderCopyForward": "False",
    "StrorderEvidenceLink": "False",
    "StrorderRxPlan": "False",
    "StrOrder_Prescription1RxPlan": "",
    "StrOrder_Prescription2RxPlan": "",
    "StrOrderFuturePlan": "False",
    "StrorderSequencePlan": "Cardiac Surgery A-Fib PowerPlan",
    "StrorderDiagnosisPlan":"False",
    "StrDiagnosis_Plan": "False",
    "StrorderLabCollect1": "",
    "StrorderLabCollect2": "",
    "StrorderLabCollect3": "",
    "Struse_EnhancedSchedule": "False",
    "StrorderRouteforReview": "False",
    "StrProposePlan": "False"
}