{
    "StrClientName": "THCH5_TX C0347",
    "ClientName": "THCH5_TX C0347",
    "StrUsername_DBA": "RS091347A",
    "StrPassword_DBA": "cerner*1",
    "StrUsername_RN":"RS091347A",
    "StrPassword_RN":"cerner*1",
    "StrUsername_MED": "RS091347C",
    "StrPassword_MED": "cerner*1",
    "StrAllergy_Mode": "Popup",
    "StrAllergyName": "aspirin",
    "StrReactionName": "Rash",
    "StrAllergy_Action": "Modify",
    "StrAllergy_Modify": "True",
    "StrAllergyRemove_MCDS": "False",
    "StrAllergyActions_MCDS": "False",
    "StrDuplicate_MCDS": "False",
    "strOrderType": "Inpatient",
    "StrOrder_Allergy1": "",
    "strOrderSentence": "acetaminophen",
    "StrPhysicianUserName": "RS091347B",
    "StrOrderOrProposal": "Order",
    "StrCommunicationType": "Verbal",
    "strOverrideReason": "Physician",
    "strInteractions": "Apply to All",
    "StrOrder_Allergy2": "",
    "StrInteractionCategory": "",
    "StrDuplicate_OrderName": "False",
    "strAllergyStatus": "Apply to All",
    "strAllergyStatus1": "Ordered",
    "IntAllergyInstance": "1",
    "strOrderType_Ambulatory": "False",
    "StrOrder_Outpatient1": "Aspirin",
    "StrOrder_Outpatient2": "Amoxicillin",
    "StrOrder_Outpatient3": "Acetaminophen",
    "StrDiagnosis1": "Fever",
    "StrDiagnosis2": "Cough",
    "StrDiagnosis3": "Cancer",
    "StrProblem1": "Pain",
    "StrProblem2": "Broken Nose",
    "strRightClickActionModify": "Modify",
    "strRightClickActionCancel_Reorder": "Reorder",
    "strRightClickActionCancel_DC": "Cancel/DC",
    "strOrderType_Prescriptions": "Discharge Meds as Rx",
    "StrOrder_Prescription_Outpatient4": "acetaminophen 325 mg oral tablet",
    "strRightClickActionConverAMB": "Convert",
    "Struse_synonyms": "True",
    "Struse_OrderSentence": "True",
    "Struse_ReschduleTask": "False",
    "Struse_CancelReorderDC": "True",
    "Struse_favorites": "False",
    "Struse_Careset": "True",
    "StrorderCareset": "ABG with Additional Testing Careset",
    "StrCaresetOrderName": "Blood Gases",
    "StrOrderSupergroup_Careset": "False",
    "StrOrderNested_Careset": "False",
    "StrOrdeMultipleRx": "False",
    "StrOrderDiluentAddtive": "potassium chloride IV additive",
    "StrOrderDoseCalc": "acetaminophen",
    "StrOrderSlidingscale": "insulin regular sliding scale",
    "StrOrderDocumentMed1": "acetaminophen  80 mg oral tablet, chewable",
    "StrOrderDocumentMed2": "gabapentin 100 mg oral capsule",
    "StrOrderDocumentMed3": "aspirin 325 mg oral tablet",
    "StrOrderDocumentMed4": "lithium 150 mg oral capsule",
    "StrOrderDocumentMed5": "lisinopril 2.5 mg oral tablet",
    "StrStatus": "Documented",
    "StrRightClickActionModify": "Modify",
    "StrnumorderInstanc": "1",
    "Struse_DocumentMeds": "True",
    "StrOrderFavorites": "acetaminophen",
    "StrOrderSynonym1": "abacavir",
    "StrOrderSynonym2": "Ziagen",
    "StrMedicationOrder": "acetaminophen",
    "StrOrderInstance": "1",
    "StrOrderIntervalFrequency": "aspirin",
    "Strfrequency_intervalfrequency": "Q6hr",
    "Struse_PrintOrderSheet": "True",
    "Struse_ProblemDiagnosis": "True",
    "StrOrderDiagnosis": "Medrol",
    "StrOrderProblem": "clindamycin",
    "StrorderDuplicate": "False",
    "StrOrderTaper": "predniSONE taper",
    "IntOrderInstance": "1",
    "StrOrderFuture": "False",
    "StrOrderUnscheduled": "Medrol",
    "StrOrderUnscheduledValue": "On Call",
    "StrOrderOneTimeFreq": "ibuprofen",
    "StrOrderOneTimeFreqValue": "Once Scheduled",
    "StrOrderDuration": "clindamycin",
    "StrOrderDetailsFieldName": "Duration",
    "StrOrderHardstop": "morphine",
    "StrDateTime_FieldName": "Start Date",
    "StrAdministration": "True",
    "StrDateEntry": "T",
    "StrTimeEntry": "N",
    "StrSkipAdmin": "True",
    "StrOrderSoftstop": "aspirin",
    "StrFIN": "",
    "StrOrderEnchancedReOrder": "aspirin",
    "StrOrderEnhancedValue": "BID",
    "StrDateTime_FieldName1": "Stop Date",
    "Struse_supendResume": "True",
    "Struse_OrderCopy": "True",
    "Struse_OrderVoid": "True",
    "Struse_OrderNurseReview": "True",
    "Struse_OrderComplete": "False",
    "StrRightclickAction_Void": "Void",
    "StrOrderNonMed": "CBC",
    "StrAddtiveName": "potassium chloride IV additive",
    "strValidateModifyStatus": "Ordered",
    "StrValidate_MultipleRx": "Ordered",
    "StrValidate_Suspend": "Suspend",
    "StrValidate_Resume": "Resume",
    "StrPhysician_Username": "RS091347B",
    "StrPhysician_Password": "cerner*1",
    "StrOrder_Prescription1": "aspirin 81 mg oral capsule",
    "StrOrder_Prescription2": "Medrol 4 mg oral tablet",
    "StrOrder_Prescription3": "acetaZOLAMIDE 125 mg oral tablet",
    "StrOrder_Prescription4": "acetaminophen 325 mg oral tablet",
    "StrorderMisc": "Misc Prescription",
    "StrOrder_DocumentMedHx_Presc": "aspirin",
    "StrOrder_Inpatient": "ALPRAZolam",
    "StrOrder_Prescription5": "amoxicillin 250 mg oral capsule",
    "Struse_ProposeRenewals": "False",
    "Struse_ConvertInpatient": "True",
    "Struse_ConvertRx": "True",
    "Struse_CompleteRx": "True",
    "Struse_VoidRx": "True",
    "Struse_supendResumeRx": "True",
    "Struse_CancelReorderRx": "True",
    "Struse_DiscontinueRx": "True",
    "Struse_MiscPrescription": "True",
    "Struse_copyPrescription": "True",
    "Struse_Referencetext": "True",
    "Struse_RenewPrescription": "False",
    "Struse_ModifyPrescription": "True",
    "StrOrderComment": "Testing Comments",
    "strOrdersentence_Prescriptions": "True",
    "Struse_MARSummary": "True",
    "Struse_Ivsite": "True",
    "StrOrderStatus": "",
    "StrorderPRN": "morphine",
    "Struse_CancelCharting": "True",
    "Struse_RescheduleDose": "True",
    "StrorderScheduledMed": "albuterol",
    "StrOrderMedInfo": "Oral",
    "StrOrderMedDose": "given",
    "StrOrderIVDose": "Pending",
    "StrorderIV": "D5W",
    "StrOrderIVInfo": "add",
    "Struse_AdditionalDose": "True",
    "Struse_ResponseTask": "False",
    "Struse_MARcomments": "True",
    "StrorderUnscheduled": "Medrol",
    "StrOrderPRNInfo": "",
    "StrOrderPRNDose": "",
    "StrOrderUnscheduledInfo": "On Call",
    "StrOrderUnscheduledDose": "given",
    "Struse_Unchart": "True",
    "Struse_ChartNotDone": "False",
    "Struse_RescheduleAdminTimes": "False",
    "Struse_AdminNote": "True",
    "Struse_InfuseVolume": "True",
    "Struse_TherapeuticClassView": "True",
    "Struse_PlanView": "False",
    "StrOrderInfo": "",
    "StrOrderDose": "",
    "StrorderImmunization": "influenza virus vaccine",
    "StrorderImmunizationMedInfo": "Start",
    "StrorderImmunizationMedDose": "given",
    "StrorderNurseWitness": "clindamycin",
    "StrorderNurseMedInfo": "oral",
    "StrorderNurseMedDose": "given",
    "StrorderAutoVerify": "False",
    "strValidate_AutoVerify": "",
    "StrorderIntermittentMed": "Activase",
    "StrOrderInterMedInfo": "Cath",
    "StrOrderInterMedDose": "given",
    "StrorderIntermittentIV": "Dextrose 5% with 0.45%",
    "StrOrderInterIVInfo": "date",
    "StrOrderInterIVDose": "given",
    "StrorderDTA": "acetaminophen",
    "StrOrderDTAIVInfo": "Oral",
    "StrOrderDTADose": "given",
    "StrOrder_IVMAW": "D5W",
    "StrOrderMAW1": "aspirin",
    "StrOrderMAW2": "acetaminophen",
    "StrOrderMultiIngredient": "Dextrose 5% with 0.45% NaCI",
    "StrOrderMultiIngedientScan": "Dextrose",
    "StrMedicationKeyword": "over",
    "StrTimeViewValue": "Continuous",
    "StrReconciliationType_Admission": "Admission",
    "strPriorOrAfter1": "Prior",
    "strReconciliationOrderName1": "clindamycin",
    "strReconciliationOrderStatus1": "",
    "strRadioButton1": "Continue",
    "strPriorOrAfter2": "Prior",
    "strReconciliationOrderName2": "ALPRAZolam",
    "strReconciliationOrderStatus2": "",
    "strRadioButton2": "Continue",
    "strPriorOrAfter3": "Prior",
    "strReconciliationOrderName3": "aspirin 81 mg oral capsule",
    "strReconciliationOrderStatus3": "",
    "strRadioButton3": "DNC",
    "strPriorOrAfter4": "After",
    "strReconciliationOrderName4": "Medrol 4 mg oral tablet",
    "strReconciliationOrderStatus4": "",
    "strRadioButton4": "Continue",
    "StrReconciliationType_Transfer": "Transfer",
    "StrReconciliationType_Discharge": "Discharge",
    "strRightClickAction_CnvtIPtoPrescription": "Convert",
    "StrStatus_Admission": "Admission",
    "StrTooltipText": "Complete",
    "StrStatus_Discharge": "Discharge",
    "StrTooltipText_Discharge": "Complete",
    "strRightClickAction_Modify": "Modify",
    "Struse_VoidReconciliation": "",
    "StrVoid_option": "",
    "Struse_SuspendResumeReconciliation": "True",
    "StrorderSinglephase": "Admission General",
    "StrOrderA_Singlephase": "Up Ad Lib",
    "StrOrderB_Singlephase": "Bedrest",
    "StrOrderC_Singlephase": "Intake and Output",
    "StrOrderD_Singlephase": "Ambulate",
    "StrorderE_Singlephase": "aspirin",
    "StrorderMultiphase": "Procedure CarePlan",
    "Strphase1_Multiphase": "Admission Testing Screening",
    "IntnumOccuranceCount": "1",
    "StrOrderA_Multiphase1": "Signed Procedure Consent On Chart",
    "StrOrderA_Multiphase2": "Preprocedure Checklist Will Be Validated",
    "StrOrderA_Multiphase3": "",
    "StrOrderB_Multiphase1": "Proxy Aware Of Check In Procedure",
    "StrOrderB_Multiphase2": "Med Hx Including Last Dose Date",
    "StrOrderB_Multiphase3": "",
    "StrOrderC_Multiphase1": "Proxy Will Have Understanding",
    "StrOrderC_Multiphase2": "Preprocedure Vital Siqns Will Be Assessed",
    "StrOrderC_Multiphase3": "",
    "StrOrderD_Multiphase1": "Verify Pregnancy & Lactation Status",
    "StrOrderD_Multiphase2": "IV Access Will Be Established",
    "StrOrderD_Multiphase3": "",
    "StrOrderE_Multiphase1": "aspirin",
    "StrOrderE_Multiphase2": "Medrol",
    "StrOrderE_Multiphase3": "",
    "Strphase2_Multiphase": "Holding CarePlan",
    "Strphase3_Multiphase": "False",
    "Struse_DiscontinuePlans": "True",
    "strReason_Discontinue": "Patient",
    "strReasonDiscontinue_IPOC": "Account",
    "StrDiscontinueOrder": "Bedrest",
    "StrorderIPOC": "Anxiety CarePlan",
    "Stroutcome1_IPOC": "Understanding of Relaxation Techniques",
    "Stroutcome2_IPOC": "Patient Specific Goal 1",
    "Strintervention_IPOC": "Patient Specific Goal 2",
    "StrDiscontinueOrder_IPOC": "Patient",
    "StrOrderSentence": "mg",
    "StrComponentStatus": "12/22/2024",
    "StrorderCopyForward": "False",
    "StrorderEvidenceLink": "False",
    "StrorderRxPlan": "False",
    "StrOrder_Prescription1RxPlan": "",
    "StrOrder_Prescription2RxPlan": "",
    "StrOrderFuturePlan": "False",
    "StrorderSequencePlan": "False",
    "StrorderDiagnosisPlan": "False",
    "StrDiagnosis_Plan": "False",
    "StrorderLabCollect1": "",
    "StrorderLabCollect2": "",
    "StrorderLabCollect3": "",
    "Struse_EnhancedSchedule": "True",
    "StrorderRouteforReview": "False",
    "StrProposePlan": "False",
    "StrOrderMedStudent":"False"
}