{
    "StrClientName": "THCH1_TX Cert Domain ",
    "StrUsername_DBA": "RS091347A",
    "StrPassword_DBA": "cerner",
    "StrUsername_RN": "RS091347C",
    "StrPassword_RN": "cerner",
    "StrUsername_MED": "RS091347A",
    "StrPassword_MED": "cerner",
    "StrAllergy_Mode": "Popup",
    "StrAllergyName": "aspirin",
    "StrReactionName": "Rash",
    "StrAllergy_Action": "Modify",
    "StrAllergy_Modify": "True",
    "StrAllergyRemove_MCDS": "False",
    "StrAllergyActions_MCDS": "False",
    "StrDuplicate_MCDS": "False",
    "strOrderType": "Inpatient",
    "StrOrder_Allergy1": "False",
    "strOrderSentence": "Mg",
    "StrPhysicianUserName": "RS091347B",
    "StrOrderOrProposal": " ",
    "StrCommunicationType": "Verbal",
    "strOverrideReason": "Physician Aware",
    "strInteractions": "Apply to All",
    "StrOrder_Allergy2": "",
    "StrInteractionCategory": " ",
    "StrDuplicate_OrderName": "",
    "strAllergyStatus": " ",
    "strAllergyStatus1": " ",
    "IntAllergyInstance": " ",
    "strOrderType_Ambulatory": "False",
    "StrOrder_Outpatient1": " ",
    "StrOrder_Outpatient2": " ",
    "StrOrder_Outpatient3": " ",
    "StrDiagnosis1": "Cough",
    "StrDiagnosis2": "Fever",
    "StrDiagnosis3": "Pain",
    "StrProblem1": "Broken Bone",
    "StrProblem2": "Pain",
    "strRightClickActionModify": "Modify",
    "strRightClickActionCancel_Reorder": "Reorder",
    "strRightClickActionCancel_DC": "Cancel/DC",
    "strOrderType_Prescriptions": "Discharge Meds as Rx",
    "StrOrder_Prescription_Outpatient4": "False",
    "strRightClickActionConverAMB": " ",
    "Struse_synonyms": "Yes",
    "Struse_OrderSentence": "Yes",
    "Struse_ReschduleTask": "False",
    "Struse_CancelReorderDC": "Yes",
    "Struse_favorites": "Yes",
    "Struse_Careset": "True",
    "StrorderCareset": "PFT Careset",
    "StrCaresetOrderName": "Lung Volume",
    "StrOrderSupergroup_Careset": "False",
    "StrOrderNested_Careset": "False",
    "StrOrdeMultipleRx": "Activase 10 mg in NS 250 mL",
    "StrOrderDiluentAddtive": "D5W",
    "StrOrderDoseCalc": "CAPTOpril",
    "StrOrderSlidingscale": "HumaLOG sliding scale",
    "StrOrderDocumentMed1": "acetaminophen",
    "StrOrderDocumentMed2": "gabapentin",
    "StrOrderDocumentMed3": "aspirin",
    "StrOrderDocumentMed4": "lisinopril",
    "StrOrderDocumentMed5": "lithium",
    "StrDocumentMedsStatus": "Documented",
    "StrRightClickActionModify": "Modify",
    "StrnumorderInstanc": " ",
    "Struse_DocumentMeds": "Yes",
    "StrOrderFavorites": "acetaminophen",
    "StrOrderSynonym1": "CBC w/auto Diff",
    "StrOrderSynonym2": "Complete Blood Count w/o Diff",
    "StrMedicationorder": "acetaminophen",
    "StrOrderInstance": "",
    "StrOrderIntervalFrequency": "aspirin",
    "Strfrequency_intervalfrequency": "Daily",
    "Struse_PrintOrderSheet": "Yes",
    "Struse_ProblemDiagnosis": "Yes",
    "StrOrderDiagnosis": "acetaminophen",
    "StrOrderProblem": "acetaminophen",
    "StrorderDuplicate": "CBC w/auto Diff",
    "StrOrderTaper": "PredniSONE Taper",
    "IntOrderInstance": "1",
    "StrOrderFuture": "False",
    "StrOrderUnscheduled": "clindamycin",
    "StrOrderUnscheduledValue": "On Call",
    "StrOrderOneTimeFreq": "ibuprofen",
    "StrOrderOneTimeFreqValue": "Once Scheduled",
    "StrOrderDuration": "clindamycin",
    "strOrderDetailsFieldName": "Duration",
    "StrOrderHardstop": "morphine",
    "StrDateTime_FieldName": "start date and time",
    "StrStopdateField":"Stop Date",
    "StrAdministration": "",
    "StrDateEntry": "T",
    "StrTimeEntry": "N",
    "StrSkipAdmin": "Yes",
    "StrOrderSoftstop": "acebutolol",
    "StrFIN": "",
    "StrOrderEnchancedReOrder": "aspirin",
    "StrOrderEnhancedValue": "BID",
    "StrDateTime_FieldName1": "start date and time",
    "Struse_supendResume": "False",
    "Struse_OrderCopy": "Yes",
    "Struse_OrderVoid": "Yes",
    "Struse_OrderNurseReview": "Yes",
    "Struse_OrderComplete": "False",
    "StrRightclickAction_Void": "Void",
    "StrOrdernonMed": "VTE Quality",
    "StrAddtiveName": "potassium chloride IV additive",
    "strValidateModifyStatus": "Ordered",
    "StrValidate_MultipleRx": "Activase",
    "StrValidate_Suspend": "",
    "StrValidate_Resume": "",
    "StrPhysician_Username": "RS091347B",
    "StrPhysician_Password": "cerner",
    "StrOrder_Prescription1": "amoxicillin 250 mg oral capsule",
    "StrOrder_Prescription2": "Medrol 4 mg oral tablet",
    "StrOrder_Prescription3": "acetaZOLAMIDE 125 mg oral tablet",
    "StrOrder_Prescription4": "acetaminophen",
    "StrorderMisc": "Misc Prescription",
    "StrOrder_DocumentMedHx_Presc": "lithium",
    "StrOrder_Inpatient": "Motrin",
    "StrOrder_Prescription5": "amoxicillin 125 mg oral tablet, chewable",
    "Struse_ProposeRenewals": "False",
    "Struse_ConvertInpatient": "Yes",
    "Struse_ConvertRx": "Yes",
    "Struse_CompleteRx": "Yes",
    "Struse_VoidRx": "Yes",
    "Struse_supendResumeRx": "False",
    "Struse_CancelReorderRx": "Yes",
    "Struse_DiscontinueRx": "Yes",
    "Struse_MiscPrescription": "Yes",
    "Struse_copyPrescription": "Yes",
    "Struse_Referencetext": "Yes",
    "Struse_RenewPrescription": "False",
    "Struse_ModifyPrescription": "Yes",
    "StrOrderComment": "Testing Comments",
    "strOrdersentence_Prescriptions": "Yes",
    "Struse_MARSummary": "Yes",
    "Struse_Ivsite": "Yes",
    "StrOrderStatus": "Ordered",
    "StrorderPRN": "acetaminophen",
    "Struse_CancelCharting": "Yes",
    "Struse_RescheduleDose": "False",
    "StrorderScheduledMed": "aspirin",
    "StrOrderMedInfo": " ",
    "StrOrderMedDose": " ",
    "StrOrderIVDose": " ",
    "StrorderIV": "D5W",
    "StrOrderIVInfo": " ",
    "Struse_AdditionalDose": "Yes",
    "Struse_ResponseTask": "False",
    "Struse_MARcomments": "Yes",
    "StrorderUnscheduled": "acetaminophen",
    "StrOrderPRNInfo": " ",
    "StrOrderPRNDose": " ",
    "StrOrderUnscheduledInfo": " ",
    "StrOrderUnscheduledDose": " ",
    "Struse_Unchart": "Yes",
    "Struse_ChartnotDone": "Yes",
    "Struse_RescheduleAdminTimes": "False",
    "Struse_Adminote": "Yes",
    "Struse_InfuseVolume": "Yes",
    "Struse_TherapeuticClassView": "False",
    "Struse_PlanView": "False",
    "StrOrderInfo": " ",
    "StrOrderDose": " ",
    "StrorderImmunization": "Influenza virus vaccine intramuscular suspension",
    "StrorderImmunizationMedInfo": " ",
    "StrorderImmunizationMedDose": " ",
    "StrorderNurseWitness": "aspirin",
    "StrorderNurseMedInfo": " ",
    "StrorderNurseMedDose": " ",
    "StrorderAutoVerify": "",
    "strValidate_AutoVerify": " ",
    "StrorderIntermittentMed": "amiodarone 900 mg in D5w 500 mL Premix",
    "StrOrderInterMedInfo": " ",
    "StrOrderInterMedDose": " ",
    "StrorderIntermittentIV": "Ancef",
    "StrOrderInterIVInfo": " ",
    "StrOrderInterIVDose": " ",
    "StrorderDTA": "Temperature Frequent",
    "StrOrderDTAIVInfo": " ",
    "StrOrderDTADose": " ",
    "StrOrder_IVMAW": "D5W",
    "StrOrderMAW1": "aspirin",
    "StrOrderMAW2": "acetaminophen",
    "StrOrderMultiIngredient": "Dextrose 5% with 0.9% NaCl and KCl 20 mEq/L",
    "StrOrderMultiIngedientScan": "Dextrose",
    "StrMedicationKeyword": "Soln",
    "StrTimeViewValue": "Continous",
    "StrReconciliationType_Admission": "Admission",
    "strPriorOrAfter1": " ",
    "strReconciliationorderName1": "Protonix",
    "strReconciliationorderStatus1": " ",
    "strRadioButton1": " ",
    "strPriorOrAfter2": " ",
    "strReconciliationorderName2": "Motrin",
    "strReconciliationorderStatus2": " ",
    "strRadioButton2": " ",
    "strPriorOrAfter3": " ",
    "strReconciliationorderName3": [
        "amoxicillin 250 mg oral capsule",
        "amoxicillin 125 mg oral tablet, chewable"
    ],
    "strReconciliationorderStatus3": " ",
    "strRadioButton3": " ",
    "strPriorOrAfter4": " ",
    "strReconciliationorderName4": [
        "penicilAMINE 250 mg oral tablet",
        "Medrol 4 mg oral tablet"
    ],
    "strReconciliationorderStatus4": " ",
    "strRadioButton4": " ",
    "StrReconciliationType_Transfer": "Transfer",
    "StrReconciliationType_Discharge": "Discharge",
    "strRightClickAction_CnvtIPtoPrescription": " ",
    "StrStatus_Admission": " ",
    "StrTooltipText": " ",
    "StrStatus_Discharge": " ",
    "StrTooltipText_Discharge": " ",
    "strRightClickAction_Modify": " ",
    "Struse_VoidReconciliation": "False",
    "StrVoid_option": "",
    "Struse_SuspendResumeReconciliation": " ",
    "StrorderSinglephase": "Admission General",
    "StrOrderA_Singlephase": "Ambulate",
    "StrOrderB_Singlephase": "Admit to Inpatient",
    "StrOrderC_Singlephase": "Intake and Output",
    "StrOrderD_Singlephase": "Bedrest",
    "StrorderE_Singlephase": "Sodium Chloride 0.9%",
    "StrorderMultiphase": "False",
    "Strphase1_Multiphase": "",
    "IntnumOccuranceCount": "1",
    "StrOrderA_Multiphase1": "",
    "StrOrderA_Multiphase2": "",
    "StrOrderA_Multiphase3": "",
    "StrOrderB_Multiphase1": "",
    "StrOrderB_Multiphase2": "",
    "StrOrderB_Multiphase3": "",
    "StrOrderC_Multiphase1": "",
    "StrOrderC_Multiphase2": "",
    "StrOrderC_Multiphase3": "",
    "StrOrderD_Multiphase1": "",
    "StrOrderD_Multiphase2": "",
    "StrOrderD_Multiphase3": "",
    "StrOrderE_Multiphase1": "",
    "StrOrderE_Multiphase2": "",
    "StrOrderE_Multiphase3": "",
    "Strphase2_Multiphase": "",
    "Strphase3_Multiphase": "",
    "Struse_DiscontinuePlans": "False",
    "strReason_Discontinue": " ",
    "strReasonDiscontinue_IPOC": " ",
    "StrDiscontinueOrder": " ",
    "StrorderIPOC": "False",
    "Stroutcome1_IPOC": "",
    "Stroutcome2_IPOC": "",
    "Strintervention_IPOC": "",
    "StrDiscontinueOrder_IPOC": " ",
    "StrOrderSentence": "Mg",
    "StrComponentStatus": " ",
    "StrorderCopyForward": "Admission General",
    "StrorderEvidenceLink": "False",
    "StrorderRxPlan": "False",
    "StrOrder_Prescription1RxPlan": " ",
    "StrOrder_Prescription2RxPlan": " ",
    "StrOrderFuturePlan": "False",
    "StrorderSequencePlan": "False",
    "StrorderDiagnosisPlan": "False",
    "StrDiagnosis_Plan": "False",
    "StrorderLabCollect1": "",
    "StrorderLabCollect2": "",
    "StrorderLabCollect3": "",
    "Struse_EnhancedSchedule": "False",
    "StrorderRouteforReview": "",
    "StrProposePlan": "False"
}