{
    "StrClientName": "",
    "StrUsername_DBA": "RS091347A",
    "StrPassword_DBA": "cerner*1",
    "StrUsername_RN": "RS091347B",
    "StrPassword_RN": "cerner",
    "StrUsername_MED": "SN100932D",
    "StrPassword_MED": "cerner",
    "StrAllergy_Mode": "Popup",
    "StrAllergyName": "aspirin",
    "StrReactionName": "Rash",
    "StrAllergy_Action": "Modify",
    "StrAllergy_Modify": "True",
    "StrAllergyRemove_MCDS": "True",
    "StrAllergyActions_MCDS": "True",
    "StrDuplicate_MCDS": "False",
    "strOrderType": "Inpatient",
    "StrOrder_Allergy1": "",
    "strOrderSentence": "acetaminophen",
    "StrPhysicianUserName": "RS091347B",
    "StrOrderOrProposal": "Order",
    "StrCommunicationType": "Verbal",
    "strOverrideReason": "Acknowledge",
    "strInteractions": "Apply to All",
    "StrOrder_Allergy2": "",
    "StrInteractionCategory": "",
    "StrDuplicate_OrderName": "BF Amylase",
    "strAllergyStatus": "Apply to All",
    "strAllergyStatus1": "",
    "IntAllergyInstance": "1",
    "strOrderType_Ambulatory": "N/A",
    "StrOrder_Outpatient1": "aspirin 81 mg oral capsule",
    "StrOrder_Outpatient2": "amoxicillin 125 mg oral tablet, chewable",
    "StrOrder_Outpatient3": "acetaminophen 80 mg oral tablet, chewable",
    "StrDiagnosis1": "Chest pain",
    "StrDiagnosis2": "",
    "StrDiagnosis3": "",
    "StrProblem1": "Pain",
    "StrProblem2": "Broken nose",
    "strRightClickActionModify": "Modify",
    "strRightClickActionCancel_Reorder": "",
    "strRightClickActionCancel_DC": "Cancel/DC",
    "strOrderType_Prescriptions": "Discharge Meds as Rx",
    "StrOrder_Prescription_Outpatient4": "acetaminophen-diphenhydrAMINE 500 mg-25 mg oral tablet",
    "strRightClickActionConverAMB": "",
    "Struse_synonyms": "True",
    "Struse_OrderSentence": "True",
    "Struse_ReschduleTask": "No",
    "Struse_CancelReorderDC": "Yes",
    "Struse_favorites": "No",
    "Struse_Careset": "True",
    "StrorderCareset": "Blood Gas with Additional Testing Careset",
    "StrCaresetOrderName": "Blood Gas with Additional Testing Careset",
    "StrOrderSupergroup_Careset": "",
    "StrOrderNested_Careset": "",
    "StrOrdeMultipleRx": "",
    "StrOrderDiluentAddtive": "potassium chloride IV additive",
    "StrOrderDoseCalc": "",
    "StrOrderSlidingscale": "High Alert HumaLOG sliding scale",
    "StrOrderDocumentMed1": "acetaminophen 80 mg oral tablet, chewable",
    "StrOrderDocumentMed2": "gabapentin 100 mg oral capsule",
    "StrOrderDocumentMed3": "aspirin 325 mg oral tablet",
    "StrOrderDocumentMed4": "lithium 150 mg oral capsule",
    "StrOrderDocumentMed5": "lisinopril 2.5 mg oral tablet",
    "StrStatus": "Documented",
    "StrRightClickActionModify": "",
    "StrnumorderInstanc": "1",
    "Struse_DocumentMeds": "No",
    "StrOrderFavorites": "acetaminophen",
    "StrOrderSynonym1": "Complete Blood Count With Auto Differential",
    "StrOrderSynonym2": "CBC w/auto Diff",
    "StrMedicationOrder": "acetaminophen",
    "StrOrderInstance": "1",
    "StrOrderIntervalFrequency": "Phenergan",
    "Strfrequency_intervalfrequency": "Q6hr",
    "Struse_PrintOrderSheet": "No",
    "Struse_ProblemDiagnosis": "No",
    "StrOrderDiagnosis": "",
    "StrOrderProblem": "",
    "StrorderDuplicate": "BF Amylase",
    "StrOrderTaper": "Ativan taper",
    "IntOrderInstance": "1",
    "StrOrderFuture": "",
    "StrOrderUnscheduled": "acetaminophen-HYDROcodone 325 mg-5 mg oral tablet",
    "StrOrderUnscheduledValue": "On Call",
    "StrOrderOneTimeFreq": "ibuprofen",
    "StrOrderOneTimeFreqValue": "Once Scheduled",
    "StrOrderDuration": "clindamycin",
    "StrOrderDetailsFieldName": "Duration",
    "StrOrderHardstop": "morphine",
    "StrDateTime_FieldName": "Start Date",
    "StrAdministration": "TRUE",
    "StrDateEntry": "T",
    "StrTimeEntry": "N",
    "StrSkipAdmin": "",
    "StrOrderSoftstop": "ceFAZolin",
    "StrFIN": "",
    "StrOrderEnchancedReOrder": "aspirin",
    "StrOrderEnhancedValue": "BID",
    "StrDateTime_FieldName1": "Stop Date",
    "Struse_supendResume": "True",
    "Struse_OrderCopy": "Yes",
    "Struse_OrderVoid": "Yes",
    "Struse_OrderNurseReview": "No",
    "Struse_OrderComplete": "No",
    "StrRightclickAction_Void": "",
    "StrOrderNonMed": "",
    "StrAddtiveName": "potassium chloride IV additive",
    "strValidateModifyStatus": "Ordered",
    "StrValidate_MultipleRx": "Ordered",
    "StrValidate_Suspend": "",
    "StrValidate_Resume": "",
    "StrPhysician_Username": "RS091347B",
    "StrPhysician_Password": "cerner*1",
    "StrOrder_Prescription1": "Medrol 4 mg oral tablet",
    "StrOrder_Prescription2": "aspirin 81 mg oral capsule",
    "StrOrder_Prescription3": "acetaZOLAMIDE 125 mg oral tablet",
    "StrOrder_Prescription4": "acetaminophen-diphenhydrAMINE 500 mg-25 mg oral tablet",
    "StrorderMisc": "Misc Prescription",
    "StrOrder_DocumentMedHx_Presc": "aspirin",
    "StrOrder_Inpatient": "Motrin",
    "StrOrder_Prescription5": "amoxicillin 250 mg oral capsule",
    "Struse_ProposeRenewals": "No",
    "Struse_ConvertInpatient": "Yes",
    "Struse_ConvertRx": "Yes",
    "Struse_CompleteRx": "Yes",
    "Struse_VoidRx": "Yes",
    "Struse_supendResumeRx": [
        "No",
        "Yes"
    ],
    "Struse_CancelReorderRx": "Yes",
    "Struse_DiscontinueRx": "Yes",
    "Struse_MiscPrescription": "Yes",
    "Struse_copyPrescription": "Yes",
    "Struse_Referencetext": "Yes",
    "Struse_RenewPrescription": "No",
    "Struse_ModifyPrescription": "Yes",
    "StrOrderComment": "Testing Comments",
    "strOrdersentence_Prescriptions": "Yes",
    "Struse_MARSummary": "Yes",
    "Struse_Ivsite": "Yes",
    "StrOrderStatus": "",
    "StrorderPRN": "morphine",
    "Struse_CancelCharting": "Yes",
    "Struse_RescheduleDose": "No",
    "StrorderScheduledMed": "albuterol",
    "StrOrderMedInfo": "",
    "StrOrderMedDose": "",
    "StrOrderIVDose": "Pending",
    "StrorderIV": "D5W",
    "StrOrderIVInfo": "",
    "Struse_AdditionalDose": "Yes",
    "Struse_ResponseTask": "No",
    "Struse_MARcomments": "No",
    "StrorderUnscheduled": "acetaminophen-HYDROcodone 325 mg-5 mg oral tablet",
    "StrOrderPRNInfo": "",
    "StrOrderPRNDose": "",
    "StrOrderUnscheduledInfo": "",
    "StrOrderUnscheduledDose": "",
    "Struse_Unchart": "Yes",
    "Struse_ChartNotDone": "No",
    "Struse_RescheduleAdminTimes": "No",
    "Struse_AdminNote": "Yes",
    "Struse_InfuseVolume": "Yes",
    "Struse_TherapeuticClassView": "Yes",
    "Struse_PlanView": "No",
    "StrOrderInfo": "",
    "StrOrderDose": "",
    "StrorderImmunization": "influenza virus vaccine intramuscular suspension",
    "StrorderImmunizationMedInfo": "",
    "StrorderImmunizationMedDose": "",
    "StrorderNurseWitness": "",
    "StrorderNurseMedInfo": "",
    "StrorderNurseMedDose": "",
    "StrorderAutoVerify": "",
    "strValidate_AutoVerify": "",
    "StrorderIntermittentMed": "",
    "StrOrderInterMedInfo": "",
    "StrOrderInterMedDose": "",
    "StrorderIntermittentIV": "",
    "StrOrderInterIVInfo": "",
    "StrOrderInterIVDose": "",
    "StrorderDTA": "",
    "StrOrderDTAIVInfo": "",
    "StrOrderDTADose": "",
    "StrOrder_IVMAW": "",
    "StrOrderMAW1": "albuterol",
    "StrOrderMAW2": "Medrol",
    "StrOrderMultiIngredient": "D5 LR+KCl 20mEq/L",
    "StrOrderMultiIngedientScan": "Epidural",
    "StrMedicationKeyword": "Routine",
    "StrTimeViewValue": "Cont",
    "StrReconciliationType_Admission": "Admission",
    "strPriorOrAfter1": "Prior",
    "strReconciliationOrderName1": "Protonix",
    "strReconciliationOrderStatus1": "",
    "strRadioButton1": "Continue",
    "strPriorOrAfter2": "Prior",
    "strReconciliationOrderName2": "Motrin",
    "strReconciliationOrderStatus2": "",
    "strRadioButton2": "Continue",
    "strPriorOrAfter3": "Prior",
    "strReconciliationOrderName3": "amoxicillin 250 mg oral capsule",
    "strReconciliationOrderStatus3": "",
    "strRadioButton3": "DNC",
    "strPriorOrAfter4": "After",
    "strReconciliationOrderName4": "aspirin 81 mg oral capsule",
    "strReconciliationOrderStatus4": "",
    "strRadioButton4": "Continue",
    "StrReconciliationType_Transfer": "Transfer",
    "StrReconciliationType_Discharge": "Discharge",
    "strRightClickAction_CnvtIPtoPrescription": "Convert",
    "StrStatus_Admission": "Admission",
    "StrTooltipText": "Complete",
    "StrStatus_Discharge": "Discharge",
    "StrTooltipText_Discharge": "Complete",
    "strRightClickAction_Modify": "Modify",
    "Struse_VoidReconciliation": "",
    "StrVoid_option": "",
    "Struse_SuspendResumeReconciliation": "True",
    "StrorderSinglephase": "Admission General",
    "StrOrderA_Singlephase": "Resuscitation Status",
    "StrOrderB_Singlephase": "Admit to Inpatient",
    "StrOrderC_Singlephase": "Intake and Output",
    "StrOrderD_Singlephase": "Bedrest",
    "StrorderE_Singlephase": "Sodium Chloride 0.9%",
    "StrorderMultiphase": "",
    "Strphase1_Multiphase": "",
    "IntnumOccuranceCount": "1",
    "StrOrderA_Multiphase1": "",
    "StrOrderA_Multiphase2": "",
    "StrOrderA_Multiphase3": "",
    "StrOrderB_Multiphase1": "",
    "StrOrderB_Multiphase2": "",
    "StrOrderB_Multiphase3": "",
    "StrOrderC_Multiphase1": "",
    "StrOrderC_Multiphase2": "",
    "StrOrderC_Multiphase3": "",
    "StrOrderD_Multiphase1": "",
    "StrOrderD_Multiphase2": "",
    "StrOrderD_Multiphase3": "",
    "StrOrderE_Multiphase1": "",
    "StrOrderE_Multiphase2": "",
    "StrOrderE_Multiphase3": "",
    "Strphase2_Multiphase": "",
    "Strphase3_Multiphase": "",
    "Struse_DiscontinuePlans": "No",
    "strReason_Discontinue": "a",
    "strReasonDiscontinue_IPOC": "a",
    "StrDiscontinueOrder": "",
    "StrorderIPOC": "Rehab Impaired Mobility IPOC",
    "Stroutcome1_IPOC": "Remains Free From Injury",
    "Stroutcome2_IPOC": "Patient Specific Goal 1",
    "Strintervention_IPOC": "Patient Specific Goal 2",
    "StrDiscontinueOrder_IPOC": "",
    "StrOrderSentence": "mg",
    "StrComponentStatus": "11/25/2024",
    "StrorderCopyForward": "Admission General",
    "StrorderEvidenceLink": "",
    "StrorderRxPlan": "",
    "StrOrder_Prescription1RxPlan": "",
    "StrOrder_Prescription2RxPlan": "",
    "StrOrderFuturePlan": "",
    "StrorderSequencePlan": "",
    "StrorderDiagnosisPlan": "Protonix",
    "StrDiagnosis_Plan": "",
    "StrorderLabCollect1": "",
    "StrorderLabCollect2": "",
    "StrorderLabCollect3": "",
    "Struse_EnhancedSchedule": "No",
    "StrorderRouteforReview": "",
    "StrProposePlan": ""
}