{
    "StrClientName": "",
    "StrUsername_DBA": "",
    "StrPassword_DBA": "",
    "StrUsername_RN": "",
    "StrPassword_RN": "",
    "StrUsername_MED": "",
    "StrPassword_MED": "",
    "StrAllergy_Mode": "",
    "StrAllergyName": "",
    "StrReactionName": "Rash",
    "StrAllergy_Action": "Modify",
    "StrAllergy_Modify": "",
    "StrAllergyRemove_MCDS": "True",
    "StrAllergyActions_MCDS": "True",
    "StrDuplicate_MCDS": "False",
    "strOrderType": "Inpatient",
    "StrOrder_Allergy1": "",
    "strOrderSentence": "Lasix",
    "StrPhysicianUserName": "",
    "StrOrderOrProposal": "Order",
    "StrCommunicationType": "Verbal",
    "strOverrideReason": "Acknowledge",
    "strInteractions": "Apply to All",
    "StrOrder_Allergy2": "",
    "StrInteractionCategory": "",
    "StrDuplicate_OrderName": "",
    "strAllergyStatus": "Apply to All",
    "strAllergyStatus1": "",
    "IntAllergyInstance": "1",
    "strOrderType_Ambulatory": "Inpatient",
    "StrOrder_Outpatient1": "Aspirin",
    "StrOrder_Outpatient2": "Amoxicillin",
    "StrOrder_Outpatient3": "Acetaminophen",
    "StrDiagnosis1": "Fever",
    "StrDiagnosis2": "Cough",
    "StrDiagnosis3": "",
    "StrProblem1": "Pain",
    "StrProblem2": "Broken Nose",
    "strRightClickActionModify": "Modify",
    "strRightClickActionCancel_Reorder": "",
    "strRightClickActionCancel_DC": "Cancel/DC",
    "strOrderType_Prescriptions": "",
    "StrOrder_Prescription_Outpatient4": "",
    "strRightClickActionConverAMB": "",
    "Struse_synonyms": "True",
    "Struse_OrderSentence": "True",
    "Struse_ReschduleTask": "Yes",
    "Struse_CancelReorderDC": "Yes",
    "Struse_favorites": "Yes",
    "Struse_Careset": "",
    "StrorderCareset": "Nursing Adult Admit Orders",
    "StrCaresetOrderName": "",
    "StrOrderSupergroup_Careset": "",
    "StrOrderNested_Careset": "",
    "StrOrdeMultipleRx": "furosemide",
    "StrOrderDiluentAddtive": "",
    "StrOrderDoseCalc": "acetaminophen",
    "StrOrderSlidingscale": "",
    "StrOrderDocumentMed1": "acetaminophen  80 mg oral tablet, chewable",
    "StrOrderDocumentMed2": "gabapentin 100 mg oral capsule",
    "StrOrderDocumentMed3": "aspirin 325 mg oral tablet",
    "StrOrderDocumentMed4": "lithium 150 mg oral capsule",
    "StrOrderDocumentMed5": "lisinopril 2.5 mg oral tablet",
    "StrStatus": "Documented",
    "StrRightClickActionModify": "Modify",
    "StrnumorderInstanc": "1",
    "Struse_DocumentMeds": "Yes",
    "StrOrderFavorites": "Lasix",
    "StrOrderSynonym1": "atenolol",
    "StrOrderSynonym2": "Tenormin",
    "StrMedicationOrder": "Lasix",
    "StrOrderInstance": "1",
    "StrOrderIntervalFrequency": "",
    "Strfrequency_intervalfrequency": "q6hr",
    "Struse_PrintOrderSheet": "Yes",
    "Struse_ProblemDiagnosis": "Yes",
    "StrOrderDiagnosis": "acetaminophen",
    "StrOrderProblem": "acetaminophen",
    "StrorderDuplicate": "Admission History Adult",
    "StrOrderTaper": "predniSONE",
    "IntOrderInstance": "1",
    "StrOrderFuture": "CBC w/Diff",
    "StrOrderUnscheduled": "clindamycin iv piggyback",
    "StrOrderUnscheduledValue": "Pre-Op",
    "StrOrderOneTimeFreq": "Lasix",
    "StrOrderOneTimeFreqValue": "Once",
    "StrOrderDuration": "ampicillin",
    "StrstrOrderDetailsFieldName": "",
    "StrOrderHardstop": "ceFAZolin",
    "StrDateTime_FieldName": "Start Date",
    "StrAdministration": "TRUE",
    "StrDateEntry": "T",
    "StrTimeEntry": "N",
    "StrSkipAdmin": "",
    "StrOrderSoftstop": "",
    "StrFIN": "",
    "StrOrderEnchancedReOrder": "aspirin",
    "StrOrderEnhancedValue": "BID",
    "StrDateTime_FieldName1": "Stop Date",
    "Struse_supendResume": "True",
    "Struse_OrderCopy": "Yes",
    "Struse_OrderVoid": "Yes",
    "Struse_OrderNurseReview": "Yes",
    "Struse_OrderComplete": "Yes",
    "StrRightclickAction_Void": "",
    "StrOrderNonMed": "CT Chest/Abdomen w/ Contrast",
    "StrAddtiveName": "Potassium chloride",
    "strValidateModifyStatus": "Ordered",
    "StrValidate_MultipleRx": "Ordered",
    "StrValidate_Suspend": "",
    "StrValidate_Resume": "",
    "StrPhysician_Username": "",
    "StrPhysician_Password": "",
    "StrOrder_Prescription1": "",
    "StrOrder_Prescription2": "",
    "StrOrder_Prescription3": "",
    "StrOrder_Prescription4": "",
    "StrorderMisc": "",
    "StrOrder_DocumentMedHx_Presc": "Aspirin",
    "StrOrder_Inpatient": "",
    "StrOrder_Prescription5": "",
    "Struse_ProposeRenewals": "",
    "Struse_ConvertInpatient": "",
    "Struse_ConvertRx": "",
    "Struse_CompleteRx": "",
    "Struse_VoidRx": "",
    "Struse_supendResumeRx": "",
    "Struse_CancelReorderRx": "",
    "Struse_DiscontinueRx": "",
    "Struse_MiscPrescription": "",
    "Struse_copyPrescription": "",
    "Struse_Referencetext": "",
    "Struse_RenewPrescription": "",
    "Struse_ModifyPrescription": "",
    "StrOrderComment": "Testing Comments",
    "strOrdersentence_Prescriptions": "",
    "Struse_MARSummary": "",
    "Struse_Ivsite": "",
    "StrOrderStatus": "",
    "StrorderPRN": "",
    "Struse_CancelCharting": "",
    "Struse_RescheduleDose": "",
    "StrorderScheduledMed": "",
    "StrOrderMedInfo": "",
    "StrOrderMedDose": "",
    "StrOrderIVDose": "Pending",
    "StrorderIV": "D5W",
    "StrOrderIVInfo": "",
    "Struse_AdditionalDose": "",
    "Struse_ResponseTask": "",
    "Struse_MARcomments": "",
    "StrorderUnscheduled": "clindamycin iv piggyback",
    "StrOrderPRNInfo": "",
    "StrOrderPRNDose": "",
    "StrOrderUnscheduledInfo": "",
    "StrOrderUnscheduledDose": "",
    "Struse_Unchart": "",
    "Struse_ChartNotDone": "",
    "Struse_RescheduleAdminTimes": "",
    "Struse_AdminNote": "",
    "Struse_InfuseVolume": "",
    "Struse_TherapeuticClassView": "",
    "Struse_PlanView": "",
    "StrOrderInfo": "",
    "StrOrderDose": "",
    "StrorderImmunization": "",
    "StrorderImmunizationMedInfo": "",
    "StrorderImmunizationMedDose": "",
    "StrorderNurseWitness": "",
    "StrorderNurseMedInfo": "",
    "StrorderNurseMedDose": "",
    "StrorderAutoVerify": "",
    "strValidate_AutoVerify": "",
    "StrorderIntermittentMed": "",
    "StrOrderInterMedInfo": "",
    "StrOrderInterMedDose": "",
    "StrorderIntermittentIV": "",
    "StrOrderInterIVInfo": "",
    "StrOrderInterIVDose": "",
    "StrorderDTA": "",
    "StrOrderDTAIVInfo": "",
    "StrOrderDTADose": "",
    "StrOrder_IVMAW": "",
    "StrOrderMAW1": "",
    "StrOrderMAW2": "",
    "StrOrderMultiIngredient": "",
    "StrOrderMultiIngedientScan": "Epidural",
    "StrMedicationKeyword": "Routine",
    "StrTimeViewValue": "Cont",
    "StrReconciliationType_Admission": "",
    "strPriorOrAfter1": "Prior",
    "strReconciliationOrderName1": "ibalizumab",
    "strReconciliationOrderStatus1": "",
    "strRadioButton1": "Continue",
    "strPriorOrAfter2": "Prior",
    "strReconciliationOrderName2": "",
    "strReconciliationOrderStatus2": "",
    "strRadioButton2": "Continue",
    "strPriorOrAfter3": "Prior",
    "strReconciliationOrderName3": "",
    "strReconciliationOrderStatus3": "",
    "strRadioButton3": "DNC",
    "strPriorOrAfter4": "After",
    "strReconciliationOrderName4": "",
    "strReconciliationOrderStatus4": "",
    "strRadioButton4": "Continue",
    "StrReconciliationType_Transfer": "",
    "StrReconciliationType_Discharge": "",
    "strRightClickAction_CnvtIPtoPrescription": "Convert",
    "StrStatus_Admission": "Admission",
    "StrTooltipText": "Complete",
    "StrStatus_Discharge": "Discharge",
    "StrTooltipText_Discharge": "Complete",
    "strRightClickAction_Modify": "Modify",
    "Struse_VoidReconciliation": "",
    "StrVoid_option": "",
    "Struse_SuspendResumeReconciliation": "True",
    "StrorderSinglephase": "",
    "StrOrderA_Singlephase": "",
    "StrOrderB_Singlephase": "",
    "StrOrderC_Singlephase": "",
    "StrOrderD_Singlephase": "",
    "StrorderE_Singlephase": "",
    "StrorderMultiphase": "",
    "Strphase1_Multiphase": "",
    "IntnumOccuranceCount": "1",
    "StrOrderA_Multiphase1": "",
    "StrOrderA_Multiphase2": "",
    "StrOrderA_Multiphase3": "",
    "StrOrderB_Multiphase1": "",
    "StrOrderB_Multiphase2": "",
    "StrOrderB_Multiphase3": "",
    "StrOrderC_Multiphase1": "",
    "StrOrderC_Multiphase2": "",
    "StrOrderC_Multiphase3": "",
    "StrOrderD_Multiphase1": "",
    "StrOrderD_Multiphase2": "",
    "StrOrderD_Multiphase3": "",
    "StrOrderE_Multiphase1": "",
    "StrOrderE_Multiphase2": "",
    "StrOrderE_Multiphase3": "",
    "Strphase2_Multiphase": "",
    "Strphase3_Multiphase": "",
    "Struse_DiscontinuePlans": "",
    "strReason_Discontinue": "a",
    "strReasonDiscontinue_IPOC": "a",
    "StrDiscontinueOrder": "",
    "StrorderIPOC": "",
    "Stroutcome1_IPOC": "",
    "Stroutcome2_IPOC": "",
    "Strintervention_IPOC": "",
    "StrDiscontinueOrder_IPOC": "",
    "StrOrderSentence": "mg",
    "StrComponentStatus": "11/25/2024",
    "StrorderCopyForward": "",
    "StrorderEvidenceLink": "",
    "StrorderRxPlan": "",
    "StrOrder_Prescription1RxPlan": "",
    "StrOrder_Prescription2RxPlan": "",
    "StrOrderFuturePlan": "",
    "StrorderSequencePlan": "",
    "StrorderDiagnosisPlan": "ibalizumab",
    "StrDiagnosis_Plan": "",
    "StrorderLabCollect1": "",
    "StrorderLabCollect2": "",
    "StrorderLabCollect3": "",
    "Struse_EnhancedSchedule": "No",
    "StrorderRouteforReview\n": "",
    "StrProposePlan": ""
}