{
    "StrClientName": "TRUM_MO C275 2025.01",
    "StrUsername_DBA": "RS091347A",
    "StrPassword_DBA": "cerner*1",
    "StrUsername_RN": "RS091347A",
    "StrPassword_RN": "cerner*1",
    "StrUsername_MED": "RS091347C",
    "StrPassword_MED": "cerner*1",
    "StrAllergy_Mode": "Flat",
    "StrAllergyName": "aspirin",
    "StrReactionName": "Rash",
    "StrAllergy_Action": "Modify",
    "StrAllergy_Modify": "True",
    "StrAllergyRemove_MCDS": "True",
    "StrAllergyActions_MCDS": "True",
    "StrDuplicate_MCDS": "False",
    "strOrderType": "Inpatient",
    "StrOrder_Allergy1": "ketorolac",
    "strOrderSentence": "mg",
    "StrPhysicianUserName": 
        "RS091347B",
       
    "StrOrderOrProposal": "",
    "StrCommunicationType": "Verbal",
    "strOverrideReason": "Patient",
    "strInteractions": "Apply to All",
    "StrOrder_Allergy2": "ibuprofen",
    "StrInteractionCategory": "",
    "StrDuplicate_OrderName": "CT Abdomen w Cont 74160",
    "strAllergyStatus": "Apply to All",
    "strAllergyStatus1": "",
    "IntAllergyInstance": "1",
    "strOrderType_Ambulatory": 
       
        "Outpatient",
    
    "StrOrder_Outpatient1": "Aspirin",
    "StrOrder_Outpatient2": "Amoxicillin",
    "StrOrder_Outpatient3": "Acetaminophen",
    "StrDiagnosis1": 
        "Fever",
    
    "StrDiagnosis2": "Megalencephaly",
    "StrDiagnosis3": "Trigonitis without hematuria",
    "StrProblem1": "Pain",
    "StrProblem2": "Broken Nose",
    "strRightClickActionModify": "Modify",
    "strRightClickActionCancel_Reorder": "Reorder",
    "strRightClickActionCancel_DC": "Cancel/DC",
    "strOrderType_Prescriptions": 
       "Meds as Rx",
        
    "StrOrder_Prescription_Outpatient4": "ampicillin 250 mg oral capsule",
    "strRightClickActionConverAMB": "Convert",
    "Struse_synonyms": "True",
    "Struse_OrderSentence": "True",
    "Struse_ReschduleTask": "True",
    "Struse_CancelReorderDC": "True",
    "Struse_favorites": "True",
    "Struse_Careset": "",
    "StrorderCareset": "Careset HH Labor Admit",
    "StrCaresetOrderName": "CBC",
    "StrOrderSupergroup_Careset": "False",
    "StrOrderNested_Careset": "False",
    "StrOrdeMultipleRx": "False",
    "StrOrderDiluentAddtive": "D5W",
    "StrOrderDoseCalc": "azithromycin",
    "StrOrderSlidingscale": "False",
    "StrOrderDocumentMed1": "acetaminophen  ",
    "StrOrderDocumentMed2": "gabapentin 100 mg oral capsule",
    "StrOrderDocumentMed3": "aspirin 325 mg oral tablet",
    "StrOrderDocumentMed4": "lithium 150 mg oral capsule",
    "StrOrderDocumentMed5": "lisinopril 2.5 mg oral tablet",
    "StrStatus": "Documented",
    "StrRightClickActionModify": "Modify",
    "StrnumorderInstanc": "1",
    "Struse_DocumentMeds": "True",
    "StrOrderFavorites": "Vital Signs",
    "StrOrderSynonym1": "sertraline",
    "StrOrderSynonym2": "Zoloft",
    "StrMedicationOrder": "Vital Signs",
    "StrOrderInstance": "1",
    "StrOrderIntervalFrequency": "aspirin",
    "Strfrequency_intervalfrequency": "Daily",
    "Struse_PrintOrderSheet": "True",
    "Struse_ProblemDiagnosis": "True",
    "StrOrderDiagnosis": "acetaminophen",
    "StrOrderProblem": "Medrol",
    "StrorderDuplicate": "CT Abdomen w Cont 74160",
    "StrOrderTaper": "predniSONE taper",
    "IntOrderInstance": "1",
    "StrOrderFuture": "BUN",
    "StrOrderUnscheduled": "influenza virus vaccine, inactivated",
    "StrOrderUnscheduledValue": "VACCONCE",
    "StrOrderOneTimeFreq": "amoxicillin",
    "StrOrderOneTimeFreqValue": "ONCE",
    "StrOrderDuration": "amoxicillin",
    "StrOrderDetailsFieldName": "Duration",
    "StrOrderHardstop": "ketorolac",
    "StrDateTime_FieldName": "Start Date",
    "StrAdministration": "TRUE",
    "StrDateEntry": "T",
    "StrTimeEntry": "N",
    "StrSkipAdmin": "",
    "StrOrderSoftstop": "amoxicillin",
    "StrFIN": "",
    "StrOrderEnchancedReOrder": "False",
    "StrOrderEnhancedValue": "BID",
    "StrDateTime_FieldName1": "Stop Date",
    "Struse_supendResume": "True",
    "Struse_OrderCopy": "True",
    "Struse_OrderVoid": "True",
    "Struse_OrderNurseReview": "True",
    "Struse_OrderComplete": "True",
    "StrRightclickAction_Void": "Delete",
    "StrOrderNonMed": "XR Abdomen 1 View",
    "StrAddtiveName": "Demadex",
    "strValidateModifyStatus": "Ordered",
    "StrValidate_MultipleRx": "Ordered",
    "StrValidate_Suspend": "",
    "StrValidate_Resume": "",
    "StrPhysician_Username": 
        "RS091347B",
      
    
    "StrPhysician_Password": 
        "cerner*1",
    "StrOrder_Prescription1": 
       
        "amoxicillin 125 mg oral tablet",

    "StrOrder_Prescription2": "captopril 100 mg oral tablet",
    "StrOrder_Prescription3": "acetaminophen 80 mg oral tablet, chewable",
    "StrOrder_Prescription4": "ampicillin 250 mg oral capsule",
    "StrorderMisc": "Miscellaneous Prescription",
    "StrOrder_DocumentMedHx_Presc": "aspirin",
    "StrOrder_Inpatient": "digoxin",
    "StrOrder_Prescription5": 
       
        "amoxicillin 125 mg oral tablet",
  
    "Struse_ProposeRenewals": "False",
    "Struse_ConvertInpatient": "True",
    "Struse_ConvertRx": "True",
    "Struse_CompleteRx": "True",
    "Struse_VoidRx": "True",
    "Struse_supendResumeRx": "True",
    "Struse_CancelReorderRx": "True",
    "Struse_DiscontinueRx": "True",
    "Struse_MiscPrescription": "True",
    "Struse_copyPrescription": "True",
    "Struse_Referencetext": "True",
    "Struse_RenewPrescription": "True",
    "Struse_ModifyPrescription": "True",
    "StrOrderComment": "Testing Comments",
    "strOrdersentence_Prescriptions": "True",
    "Struse_MARSummary": "True",
    "Struse_Ivsite": "True",
    "StrOrderStatus": "Ordered",
    "StrorderPRN": "heparin",
    "Struse_CancelCharting": "True",
    "Struse_RescheduleDose": "True",
    "StrorderScheduledMed": "warfarin",
    "StrOrderMedInfo": "",
    "StrOrderMedDose": "",
    "StrOrderIVDose": "Pending",
    "StrorderIV": "D5W",
      
    "StrOrderIVInfo": "",
    "Struse_AdditionalDose": "True",
    "Struse_ResponseTask": "False",
    "Struse_MARcomments": "True",
    "StrorderUnscheduled": "influenza virus vaccine, inactivated",
    "StrOrderPRNInfo": "",
    "StrOrderPRNDose": "",
    "StrOrderUnscheduledInfo": "",
    "StrOrderUnscheduledDose": "",
    "Struse_Unchart": "True",
    "Struse_ChartNotDone": "True",
    "Struse_RescheduleAdminTimes": "True",
    "Struse_AdminNote": "True",
    "Struse_InfuseVolume": "True",
    "Struse_TherapeuticClassView": "True",
    "Struse_PlanView": "True",
    "StrOrderInfo": "",
    "StrOrderDose": "",
    "StrorderImmunization": "influenza virus vaccine, inactivated",
    "StrorderImmunizationMedInfo": "",
    "StrorderImmunizationMedDose": "",
    "StrorderNurseWitness": "",
    "StrorderNurseMedInfo": "",
    "StrorderNurseMedDose": "",
    "StrorderAutoVerify": "azithromycin",
    "strValidate_AutoVerify": "",
    "StrorderIntermittentMed": "Sodium Chloride 0.9% bolus",
    "StrOrderInterMedInfo": "",
    "StrOrderInterMedDose": "",
    "StrorderIntermittentIV": "Sodium Chloride 0.9% bolus",
    "StrOrderInterIVInfo": "",
    "StrOrderInterIVDose": "",
    "StrorderDTA": "acetaZOLAMIDE",
    "StrOrderDTAIVInfo": "",
    "StrOrderDTADose": "",
    "StrOrder_IVMAW": "D5W",
    "StrOrderMAW1": "aspirin",
    "StrOrderMAW2": "acetaminophen",
    "StrOrderMultiIngredient": "DOBUTamine 500 mg/250 mL Drip",
    "StrOrderMultiIngedientScan": "DOBUTamine",
    "StrMedicationKeyword": "Intra",
    "StrTimeViewValue": "Cont",
    "StrReconciliationType_Admission": "Admission",
    "strPriorOrAfter1": "Prior",
    "strReconciliationOrderName1": "lisinopril",
    "strReconciliationOrderStatus1": "",
    "strRadioButton1": "Continue",
    "strPriorOrAfter2": "Prior",
    "strReconciliationOrderName2": "digoxin",
    "strReconciliationOrderStatus2": "",
    "strRadioButton2": "Continue",
    "strPriorOrAfter3": "Prior",
    "strReconciliationOrderName3": [
        "amoxicillin 125 mg oral tablet, chewable",
        "amoxicillin 125 mg oral tablet"
    ],
    "strReconciliationOrderStatus3": "",
    "strRadioButton3": "DNC",
    "strPriorOrAfter4": "After",
    "strReconciliationOrderName4": "captopril 100 mg oral tablet",
    "strReconciliationOrderStatus4": "",
    "strRadioButton4": "Continue",
    "StrReconciliationType_Transfer": "Transfer",
    "StrReconciliationType_Discharge": "Discharge",
    "strRightClickAction_CnvtIPtoPrescription": "Convert",
    "StrStatus_Admission": "Admission",
    "StrTooltipText": "Complete",
    "StrStatus_Discharge": "Discharge",
    "StrTooltipText_Discharge": "Complete",
    "strRightClickAction_Modify": "Modify",
    "Struse_VoidReconciliation": "",
    "StrVoid_option": "",
    "Struse_SuspendResumeReconciliation": "True",
    "StrorderSinglephase": "Acute Coronary Syndrome",
    "StrOrderA_Singlephase": "SCD",
    "StrOrderB_Singlephase": "Bedrest",
    "StrOrderC_Singlephase": "Diet",
    "StrOrderD_Singlephase": "Nursing Communication",
    "StrorderE_Singlephase": "aspirin",
    "StrorderMultiphase": "Targeted Temperature Management",
    "Strphase1_Multiphase": "Phase 1",
    "IntnumOccuranceCount": "1",
    "StrOrderA_Multiphase1": "Temperature",
    "StrOrderA_Multiphase2": "Cooling Measures",
    "StrOrderA_Multiphase3": "Temperature",
    "StrOrderB_Multiphase1": "Skin Care",
    "StrOrderB_Multiphase2": "Nursing Communication",
    "StrOrderB_Multiphase3": "Temperature Target",
    "StrOrderC_Multiphase1": "Bedrest",
    "StrOrderC_Multiphase2": "Central",
    "StrOrderC_Multiphase3": "Nursing Communication",
    "StrOrderD_Multiphase1": "CBC",
    "StrOrderD_Multiphase2": "Potassium",
    "StrOrderD_Multiphase3": "Nursing Communication",
    "StrOrderE_Multiphase1": "aspirin",
    "StrOrderE_Multiphase2": "Medrol",
    "StrOrderE_Multiphase3": "acetaminophen",
    "Strphase2_Multiphase": "Phase 2",
    "Strphase3_Multiphase": "Phase 3",
    "Struse_DiscontinuePlans": "True",
    "strReason_Discontinue": "a",
    "strReasonDiscontinue_IPOC": "a",
    "StrDiscontinueOrder": "Vital Signs",
    "StrorderIPOC": "",
    "Stroutcome1_IPOC": "",
    "Stroutcome2_IPOC": "",
    "Strintervention_IPOC": "",
    "StrDiscontinueOrder_IPOC": "",
    "StrOrderSentence": "mg",
    "StrComponentStatus": "11/25/2024",
    "StrorderCopyForward": "ONCP ANA6 Mfolfox6",
    "StrorderEvidenceLink": "False",
    "StrorderRxPlan": "",
    "StrOrder_Prescription1RxPlan": "",
    "StrOrder_Prescription2RxPlan": "",
    "StrOrderFuturePlan": "",
    "StrorderSequencePlan": "",
    "StrorderDiagnosisPlan": "Discharge Orders",
    "StrDiagnosis_Plan": "Cancer",
    "StrorderLabCollect1": "",
    "StrorderLabCollect2": "",
    "StrorderLabCollect3": "",
    "Struse_EnhancedSchedule": "False",
    "StrorderRouteforReview": "",
    "StrProposePlan": "",
    "StrOrderComplete":"Vital Signs",
    "StrOrderMedStudent":"False",
    "StrOrderA_SequencePlan":"Team Conference"
}