{
    "StrClientName": "UHS_PA Central Mock",
    "StrUsername_DBA": "RS091347A",
    "StrPassword_DBA": 
        "cerner*1",
    "StrUsername_RN": 
        "RS091347A",
       
    
    "StrPassword_RN": "cerner*1",
    "StrUsername_MED": "RS091347C",
    "StrPassword_MED": "cerner*1",
    "StrAllergy_Mode": "Popup",
    "StrAllergyName": "aspirin",
    "StrReactionName": "Rash",
    "StrAllergy_Action": "Modify",
    "StrAllergy_Modify": "True",
    "StrAllergyRemove_MCDS": "True",
    "StrAllergyActions_MCDS": "True",
    "StrDuplicate_MCDS": "False",
    "strOrderType": "Inpatient",
    "StrOrder_Allergy1": "ketorolac",
    "strOrderSentence": "mg",
    "StrPhysicianUserName": 
        
        "RS091347B",
    "StrOrderOrProposal": "",
    "StrCommunicationType": "Verbal",
    "strOverrideReason": "Patient",
    "strInteractions": "Apply to All",
    "StrOrder_Allergy2": "",
    "StrInteractionCategory": "",
    "StrDuplicate_OrderName": "Pediatric Formula Diet",
    "strAllergyStatus": "Apply to All",
    "strAllergyStatus1": "",
    "IntAllergyInstance": "1",
    "strOrderType_Ambulatory": "Ambulatory - In Office (Meds in Office)",
    "StrOrder_Outpatient1": "Aspirin",
    "StrOrder_Outpatient2": "Amoxicillin",
    "StrOrder_Outpatient3": "Acetaminophen",
    "StrDiagnosis1": "Cough",
    "StrDiagnosis2": "Headache",
    "StrDiagnosis3": "Cancer",
    "StrProblem1": "Pain",
    "StrProblem2": "Broken Nose",
    "strRightClickActionModify": "Modify",
    "strRightClickActionCancel_Reorder": "Reorder",
    "strRightClickActionCancel_DC": "Cancel/Disc",
    "strOrderType_Prescriptions": "Prescription",
    "StrOrder_Prescription_Outpatient4": "Medrol",
    "strRightClickActionConverAMB": "Convert",
    "Struse_synonyms": "True",
    "Struse_OrderSentence": "True",
    "Struse_ReschduleTask": "True",
    "Struse_CancelReorderDC": "True",
    "Struse_favorites": "True",
    "Struse_Careset": "True",
    "StrorderCareset": "Insulin Drip",
    "StrCaresetOrderName": "Bedside",
    "StrOrderSupergroup_Careset": "False",
    "StrOrderNested_Careset": "False",
    "StrOrdeMultipleRx": "Angiomax",
    "StrOrderDiluentAddtive": "D5W",
    "StrOrderDoseCalc": "HYDROmorphone",
    "StrOrderSlidingscale": "insulin regular 100 units",
    "StrOrderDocumentMed1": "acetaminophen",
    "StrOrderDocumentMed2": "gabapentin 100 mg oral capsule",
    "StrOrderDocumentMed3": "aspirin 325 mg oral tablet",
    "StrOrderDocumentMed4": "lithium 150 mg oral capsule",
    "StrOrderDocumentMed5": "lisinopril 2.5 mg oral tablet",
    "StrStatus": "Documented",
    "StrRightClickActionModify": "Modify",
    "StrnumorderInstanc": "1",
    "Struse_DocumentMeds": "True",
    "StrOrderFavorites": "lisinopril",
    "StrOrderSynonym1": "acetaminophen",
    "StrOrderSynonym2": "Tylenol",
    "StrMedicationOrder": "Medrol",
    "StrOrderInstance": "1",
    "StrOrderIntervalFrequency": "aspirin",
    "Strfrequency_intervalfrequency": "q6hr",
    "Struse_PrintOrderSheet": "True",
    "Struse_ProblemDiagnosis": "True",
    "StrOrderDiagnosis": "CBC no Diff",
    "StrOrderProblem": "acetaminophen",
    "StrorderDuplicate": "Pediatric Formula Diet",
    "StrOrderTaper": "predniSONE",
    "IntOrderInstance": "1",
    "StrOrderFuture": "False",
    "StrOrderUnscheduled": "lisinopril",
    "StrOrderUnscheduledValue": "On Call",
    "StrOrderOneTimeFreq": "Xanax",
    "StrOrderOneTimeFreqValue": "Once",
    "StrOrderDuration": "aspirin",
    "StrOrderDetailsFieldName": "Duration",
    "StrOrderHardstop": "False",
    "StrDateTime_FieldName": "Start Date",
    "StrAdministration": "TRUE",
    "StrDateEntry": "T",
    "StrTimeEntry": "N",
    "StrSkipAdmin": "",
    "StrOrderSoftstop": "False",
    "StrFIN": "",
    "StrOrderEnchancedReOrder": "False",
    "StrOrderEnhancedValue": "BID",
    "StrDateTime_FieldName1": "Stop Date",
    "Struse_supendResume": "True",
    "Struse_OrderCopy": "True",
    "Struse_OrderVoid": "True",
    "Struse_OrderNurseReview": "True",
    "Struse_OrderComplete": "False",
    "StrOrderComplete":"False",
    "StrOrderMedStudent":"False",
    "StrRightclickAction_Void": "Void",
    "StrOrderNonMed": "CBC False Diff",
    "StrAddtiveName": "potassium acetate additive",
    "strValidateModifyStatus": "Ordered",
    "StrValidate_MultipleRx": "Ordered",
    "StrValidate_Suspend": "Suspend",
    "StrValidate_Resume": "Ordered",
    "StrPhysician_Username": [
       
        "RS091347B"
    ],
    "StrPhysician_Password": [
        
        "cerner*1"
    ],
    "StrOrder_Prescription1": "clindamycin 150 mg oral capsule",
    "StrOrder_Prescription2": "Medrol",
    "StrOrder_Prescription3": "aspirin 81 mg oral capsule",
    "StrOrder_Prescription4": "acetaminophen 80 mg oral tablet",
    "StrorderMisc": "Miscellaneous Medication",
    "StrOrder_DocumentMedHx_Presc": "aspirin",
    "StrOrder_Inpatient": "azithromycin",
    "StrOrder_Prescription5": "acetylcysteine 10% inhalation solution",
    "Struse_ProposeRenewals": "False",
    "Struse_ConvertInpatient": "True",
    "Struse_ConvertRx": "True",
    "Struse_CompleteRx": "False",
    "Struse_VoidRx": "True",
    "Struse_supendResumeRx": "True",
    "Struse_CancelReorderRx": "True",
    "Struse_DiscontinueRx": "True",
    "Struse_MiscPrescription": "True",
    "Struse_copyPrescription": "True",
    "Struse_Referencetext": "True",
    "Struse_RenewPrescription": "True",
    "Struse_ModifyPrescription": "True",
    "StrOrderComment": "Testing Comments",
    "strOrdersentence_Prescriptions": "True",
    "Struse_MARSummary": "True",
    "Struse_Ivsite": "True",
    "StrOrderStatus": "",
    "StrorderPRN": "morphine",
    "Struse_CancelCharting": "True",
    "Struse_RescheduleDose": "False",
    "StrorderScheduledMed": "aspirin",
    "StrOrderMedInfo": "Oral",
    "StrOrderMedDose": "given",
    "StrOrderIVDose": "Pending",
    "StrorderIV": "D5W",
    "StrOrderIVInfo": "Duration",
    "Struse_AdditionalDose": "True",
    "Struse_ResponseTask": "True",
    "Struse_MARcomments": "True",
    "StrorderUnscheduled": "Medrol",
    "StrOrderPRNInfo": "Oral",
    "StrOrderPRNDose": "given",
    "StrOrderUnscheduledInfo": "Oral",
    "StrOrderUnscheduledDose": "given",
    "Struse_Unchart": "True",
    "Struse_ChartNotDone": "True",
    "Struse_RescheduleAdminTimes": "True",
    "Struse_AdminNote": "True",
    "Struse_InfuseVolume": "True",
    "Struse_TherapeuticClassView": "True",
    "Struse_PlanView": "True",
    "StrOrderInfo": "",
    "StrOrderDose": "",
    "StrorderImmunization": "influenza virus vaccine, inactivated",
    "StrorderImmunizationMedInfo": "Rectal",
    "StrorderImmunizationMedDose": "given",
    "StrorderNurseWitness": "acetaminophen",
    "StrorderNurseMedInfo": "Oral",
    "StrorderNurseMedDose": "given",
    "StrorderAutoVerify": "False",
    "strValidate_AutoVerify": "",
    "StrorderIntermittentMed": "EPINEPHrine 1 mg/mL  PF inj INT",
    "StrOrderInterMedInfo": "",
    "StrOrderInterMedDose": "",
    "StrorderIntermittentIV": "False",
    "StrOrderInterIVInfo": "",
    "StrOrderInterIVDose": "",
    "StrorderDTA": "morphine",
    "StrOrderDTAIVInfo": "oral",
    "StrOrderDTADose": "given",
    "StrOrder_IVMAW": "D5W",
    "StrOrderMAW1": "ALPRAZolam",
    "StrOrderMAW2": "HYDROmorphone",
    "StrOrderMultiIngredient": "abciximab/NS9 mg/250 mL",
    "StrOrderMultiIngedientScan": "abciximab",
    "StrMedicationKeyword": "Duration",
    "StrTimeViewValue": "Cont",
    "StrReconciliationType_Admission": "Admission",
    "strPriorOrAfter1": "Prior",
    "strReconciliationOrderName1": [
        "ravulizumab",
        "Medrol",
        "ibuprofen"
    ],
    "strReconciliationOrderStatus1": "",
    "strRadioButton1": "Continue",
    "strPriorOrAfter2": "Prior",
    "strReconciliationOrderName2": "aspirin",
    "strReconciliationOrderStatus2": "",
    "strRadioButton2": "Continue",
    "strPriorOrAfter3": "Prior",
    "strReconciliationOrderName3": "acetylcysteine 10% inhalation solution",
    "strReconciliationOrderStatus3": "",
    "strRadioButton3": "DNC",
    "strPriorOrAfter4": "After",
    "strReconciliationOrderName4": "Endocet 5 mg-325 mg oral tablet",
    "strReconciliationOrderStatus4": "",
    "strRadioButton4": "Continue",
    "StrReconciliationType_Transfer": "Transfer",
    "StrReconciliationType_Discharge": "Discharge",
    "strRightClickAction_CnvtIPtoPrescription": "Convert",
    "StrStatus_Admission": "Admission",
    "StrTooltipText": "Complete",
    "StrStatus_Discharge": "Discharge",
    "StrTooltipText_Discharge": "Complete",
    "strRightClickAction_Modify": "Modify",
    "Struse_VoidReconciliation": "",
    "StrVoid_option": "",
    "Struse_SuspendResumeReconciliation": "True",
    "StrorderSinglephase": "ED Allergic Reaction",
    "StrOrderA_Singlephase": "Peripheral",
    "StrOrderB_Singlephase": "Oxygen Therapy",
    "StrOrderC_Singlephase":  "Vital Signs",
    "StrOrderD_Singlephase": "Benadryl",
    "StrorderE_Singlephase": "aspirin",
    "StrorderMultiphase": "OB Multi-Phase Cesarean - Converted",
    "Strphase1_Multiphase": "OB PreOp Cesarean",
    "IntnumOccuranceCount": "1",
    "StrOrderA_Multiphase1": "Vital Signs",
    "StrOrderA_Multiphase2": "Vital Signs",
    "StrOrderA_Multiphase3": "Activity",
    "StrOrderB_Multiphase1": "Diet",
    "StrOrderB_Multiphase2": "Vital Signs",
    "StrOrderB_Multiphase3": "Vital Signs",
    "StrOrderC_Multiphase1": "Oxygen Therapy",
    "StrOrderC_Multiphase2": "Bedside Blood",
    "StrOrderC_Multiphase3": " ",
    "StrOrderD_Multiphase1": "Activity",
    "StrOrderD_Multiphase2": "Weight",
    "StrOrderD_Multiphase3": "Motrin",
    "StrOrderE_Multiphase1": "cefAZolin",
    "StrOrderE_Multiphase2": "Medrol",
    "StrOrderE_Multiphase3": "Toradol",
    "Strphase2_Multiphase": "OB PostOp Cesarean",
    "Strphase3_Multiphase": "False",
    "Struse_DiscontinuePlans": "True",
    "strReason_Discontinue": "Patient",
    "strReasonDiscontinue_IPOC": "Patient",
    "StrDiscontinueOrder": "Cardiac",
    "StrorderIPOC": "IPOC Anxiety",
    "Stroutcome1_IPOC": "Alleviation of anxiety",
    "Stroutcome2_IPOC": "Anxiety FreeText Intervention",
    "Strintervention_IPOC": "Reports or displays reduction",
    "StrDiscontinueOrder_IPOC": "Report",
    "StrOrderSentence": "mg",
    "StrComponentStatus": "11/25/2024",
    "StrorderCopyForward": "False",
    "StrorderEvidenceLink": "False",
    "StrorderRxPlan": "ANES Postoperative Orders",
    "StrOrder_Prescription1RxPlan": "aspirin",
    "StrOrder_Prescription2RxPlan": "Medrol",
    "StrOrderFuturePlan": "ENT Postprocedure",
    "StrorderSequencePlan": "False",
    "StrorderDiagnosisPlan": "Med Rabies Module",
    "StrDiagnosis_Plan": "Fever",
    "StrorderLabCollect1": "CBC False Diff",
    "StrorderLabCollect2": "BMP",
    "StrorderLabCollect3": "PTT",
    "Struse_EnhancedSchedule": "False",
    "StrorderRouteforReview": "",
    "StrProposePlan": ""
}