{
    "StrClientName": "",
    "StrUsername_DBA":
        "RS091347A"
    ,
    "StrPassword_DBA": "cerner*1",
    "StrUsername_RN": [
        "RS091347C",
        "MNTEST",
        "Testcerner101"
    ],
    "StrPassword_RN": [
        "Cerner*1",
        "cerner*1"
    ],
    "StrUsername_MED": "RS091347D",
    "StrPassword_MED": "cerner*1",
    "StrAllergy_Mode": "Flat",
    "StrAllergyName": "penicillin",
    "StrReactionName": "Rash",
    "StrAllergy_Action": "Modify",
    "StrAllergy_Modify": "",
    "StrAllergyRemove_MCDS": "True",
    "StrAllergyActions_MCDS": "True",
    "StrDuplicate_MCDS": "False",
    "strOrderType": 
        "Inpatient Orders",
        
    "StrOrder_Allergy1": "Amoxicillin",
    "strOrderSentence": "lisinopril",
    "StrPhysicianUserName": 
        "RS091347B",
        
    "StrOrderOrProposal": "Order",
    "StrCommunicationType": "Verbal",
    "strOverrideReason": "Acknowledge",
    "strInteractions": "Apply to All",
    "StrOrder_Allergy2": "",
    "StrInteractionCategory": "",
    "StrDuplicate_OrderName": "CBC",
    "strAllergyStatus": "Apply to All",
    "strAllergyStatus1": "",
    "IntAllergyInstance": "1",
    "strOrderType_Ambulatory": [
        "Inpatient Orders",
        "Clinic Orders"
    ],
    "StrOrder_Outpatient1": "Aspirin",
    "StrOrder_Outpatient2": "Amoxicillin",
    "StrOrder_Outpatient3": "Acetaminophen",
    "StrDiagnosis1": 
        "heartburn"
    ,
    "StrDiagnosis2": 
        "Headache",
       
    "StrDiagnosis3": "Burn of stomach",
    "StrProblem1": "Pain",
    "StrProblem2": "Broken Nose",
    "strRightClickActionModify": "",
    "strRightClickActionCancel_Reorder": "",
    "strRightClickActionCancel_DC": "Cancel/DC",
    "strOrderType_Prescriptions": 
        "Discharge Prescriptions",
        
        
    "strOrderType_Prescriptions_Amb":     "Prescriptions",
    "StrOrder_Prescription_Outpatient4": "Medrol 2 mg oral tablet",
    "strRightClickActionConverAMB": "",
    "Struse_synonyms": "True",
    "Struse_OrderSentence": "True",
    "Struse_ReschduleTask": "Yes",
    "Struse_CancelReorderDC": "Yes",
    "Struse_favorites": "Yes",
    "Struse_Careset": "True",
    "StrorderCareset": "Code Blue",
    "StrCaresetOrderName": "Code Blue ",
    "StrOrderSupergroup_Careset": "",
    "StrOrderNested_Careset": "EC Abdominal Pain",
    "StrOrdeMultipleRx": "Alimta",
    "StrOrderDiluentAddtive": 
        "Adriamycin",
       
    "StrOrderDoseCalc": "daptomycin",
    "StrOrderSlidingscale": "",
    "StrOrderDocumentMed1": "acetaminophen  80 mg oral tablet, chewable",
    "StrOrderDocumentMed2": "gabapentin 100 mg oral capsule",
    "StrOrderDocumentMed3": "aspirin 325 mg oral tablet",
    "StrOrderDocumentMed4": "lithium 150 mg oral capsule",
    "StrOrderDocumentMed5": "lisinopril 2.5 mg oral tablet",
    "StrStatus": "Documented",
    "StrRightClickActionModify": "",
    "StrnumorderInstanc": "1",
    "Struse_DocumentMeds": "Yes",
    "StrOrderFavorites": "lisinopril",
    "StrOrderSynonym1": "abacavir",
    "StrOrderSynonym2": "Ziagen",
    "StrMedicationOrder": "lisinopril",
    "StrOrderInstance": "1",
    "StrOrderIntervalFrequency": "",
    "Strfrequency_intervalfrequency": "q6hr",
    "Struse_PrintOrderSheet": "Yes",
    "Struse_ProblemDiagnosis": "Yes",
    "StrOrderDiagnosis": "MRI Abdomen w/",
    "StrOrderProblem": "MRI Abdomen w/",
    "StrorderDuplicate": "CBC",
    "StrOrderTaper": "",
    "IntOrderInstance": "1",
    "StrOrderFuture": "CBC with Differential",
    "StrOrderUnscheduled": [
        "Medrol",
        "acetaminophen"
    ],
    "StrOrderUnscheduledValue": "as needed",
    "StrOrderOneTimeFreq": "digoxin",
    "StrOrderOneTimeFreqValue": "One Time",
    "StrOrderDuration": "EKG-12 Lead",
    "StrOrderDetailsFieldName": "Duration",
    "StrOrderHardstop": "metoprolol tartrate",
    "StrDateTime_FieldName": "Start Date",
    "StrAdministration": "TRUE",
    "StrDateEntry": "T",
    "StrTimeEntry": "N",
    "StrSkipAdmin": "",
    "StrOrderSoftstop": "",
    "StrFIN": "45200030",
    "StrOrderEnchancedReOrder": "aspirin",
    "StrOrderEnhancedValue": "BID",
    "StrDateTime_FieldName1": "Stop Date",
    "Struse_supendResume": "True",
    "Struse_OrderCopy": "Yes",
    "Struse_OrderVoid": "Yes",
    "Struse_OrderNurseReview": "No",
    "Struse_OrderComplete": "Yes",
    "StrRightclickAction_Void": "",
    "StrOrderNonMed": "CT Abd Angiography w/wo",
    "StrAddtiveName": [
        "Adriamycin",
        "Ativan"
    ],
    "strValidateModifyStatus": "Ordered",
    "StrValidate_MultipleRx": "Ordered",
    "StrValidate_Suspend": "",
    "StrValidate_Resume": "",
    "StrPhysician_Username": [
        "RS091347B",
        "TESTCERNER101",
        "ECMD"
    ],
    "StrPhysician_Password": [
        "cerner",
        "cerner*1"
    ],
    "StrOrder_Prescription1": [
        "acetaminophen 325 mg oral tablet",
        "albuterol 4 mg oral tablet",
        "acetaminophen"
    ],
    "StrOrder_Prescription2": [
        "aspirin 325 mg oral capsule",
        "Benadryl 25 mg oral tablet"
    ],
    "StrOrder_Prescription3": "clindamycin 150 mg oral capsule",
    "StrOrder_Prescription4": "Medrol 2 mg oral tablet",
    "StrorderMisc": "misc prescription",
    "StrOrder_DocumentMedHx_Presc": "Aspirin",
    "StrOrder_Inpatient": "lisinopril",
    "StrOrder_Prescription5": [
        "acetaminophen 325 mg oral tablet",
        "albuterol 4 mg oral tablet",
        "acetaminophen"
    ],
    "Struse_ProposeRenewals": "No",
    "Struse_ConvertInpatient": "Yes",
    "Struse_ConvertRx": "Yes",
    "Struse_CompleteRx": "Yes",
    "Struse_VoidRx": "Yes",
    "Struse_supendResumeRx": "No",
    "Struse_CancelReorderRx": "Yes",
    "Struse_DiscontinueRx": "Yes",
    "Struse_MiscPrescription": "Yes",
    "Struse_copyPrescription": "Yes",
    "Struse_Referencetext": "Yes",
    "Struse_RenewPrescription": "Yes",
    "Struse_ModifyPrescription": "Yes",
    "StrOrderComment": "Testing Comments",
    "strOrdersentence_Prescriptions": "Yes",
    "Struse_MARSummary": "Yes",
    "Struse_Ivsite": "Yes",
    "StrOrderStatus": "",
    "StrorderPRN": "lithium carbonate",
    "Struse_CancelCharting": "Yes",
    "Struse_RescheduleDose": "Yes",
    "StrorderScheduledMed": "Medrol",
    "StrOrderMedInfo": "",
    "StrOrderMedDose": "",
    "StrOrderIVDose": "Pending",
    "StrorderIV": [
        "D5W",
        "D10W 1/2 NS 1000 mL"
    ],
    "StrOrderIVInfo": "",
    "Struse_AdditionalDose": "Yes",
    "Struse_ResponseTask": "Yes",
    "Struse_MARcomments": "Yes",
    "StrorderUnscheduled": [
        "Medrol",
        "acetaminophen"
    ],
    "StrOrderPRNInfo": "",
    "StrOrderPRNDose": "",
    "StrOrderUnscheduledInfo": "",
    "StrOrderUnscheduledDose": "",
    "Struse_Unchart": "Yes",
    "Struse_ChartNotDone": "Yes",
    "Struse_RescheduleAdminTimes": "Yes",
    "Struse_AdminNote": "No",
    "Struse_InfuseVolume": "Yes",
    "Struse_TherapeuticClassView": "Yes",
    "Struse_PlanView": "Yes",
    "StrOrderInfo": "",
    "StrOrderDose": "",
    "StrorderImmunization": "hepatitis A adult vaccine",
    "StrorderImmunizationMedInfo": "",
    "StrorderImmunizationMedDose": "",
    "StrorderNurseWitness": "lithium carbonate",
    "StrorderNurseMedInfo": "",
    "StrorderNurseMedDose": "",
    "StrorderAutoVerify": "",
    "strValidate_AutoVerify": "",
    "StrorderIntermittentMed": "Intropin 200 mg/250 mL D5W - Fixed Rate",
    "StrOrderInterMedInfo": "",
    "StrOrderInterMedDose": "",
    "StrorderIntermittentIV": "Intropin 200 mg/250 mL D5W - Fixed Rate",
    "StrOrderInterIVInfo": "",
    "StrOrderInterIVDose": "",
    "StrorderDTA": "morphine",
    "StrOrderDTAIVInfo": "",
    "StrOrderDTADose": "",
    "StrOrder_IVMAW": "",
    "StrOrderMAW1": "charcoal",
    "StrOrderMAW2": "glucose",
    "StrOrderMultiIngredient": "acetaminophen",
    "StrOrderMultiIngedientScan": "Epidural",
    "StrMedicationKeyword": "Routine",
    "StrTimeViewValue": "Cont",
    "StrReconciliationType_Admission": "Admission",
    "strPriorOrAfter1": "Prior",
    "strReconciliationOrderName1": [
        "calcium carbonate",
        "ibuprofen",
        "fenoldopam"
    ],
    "strReconciliationOrderStatus1": "",
    "strRadioButton1": "Continue",
    "strPriorOrAfter2": "Prior",
    "strReconciliationOrderName2": "lisinopril",
    "strReconciliationOrderStatus2": "",
    "strRadioButton2": "Continue",
    "strPriorOrAfter3": "Prior",
    "strReconciliationOrderName3": [
        "acetaminophen 325 mg oral tablet",
        "albuterol 4 mg oral tablet",
        "acetaminophen"
    ],
    "strReconciliationOrderStatus3": "",
    "strRadioButton3": "DNC",
    "strPriorOrAfter4": "After",
    "strReconciliationOrderName4": [
        "aspirin 325 mg oral capsule",
        "Benadryl 25 mg oral tablet"
    ],
    "strReconciliationOrderStatus4": "",
    "strRadioButton4": "Continue",
    "StrReconciliationType_Transfer": "Transfer",
    "StrReconciliationType_Discharge": "Discharge",
    "strRightClickAction_CnvtIPtoPrescription": "Convert",
    "StrStatus_Admission": "Admission",
    "StrTooltipText": "Complete",
    "StrStatus_Discharge": "Discharge",
    "StrTooltipText_Discharge": "Complete",
    "strRightClickAction_Modify": "Modify",
    "Struse_VoidReconciliation": "",
    "StrVoid_option": "",
    "Struse_SuspendResumeReconciliation": "True",
    "StrorderSinglephase": "Alcohol Withdrawal Syndrome Plan",
    "StrOrderA_Singlephase": "folic acid",
    "StrOrderB_Singlephase": "Alcohol Withdrawal Prophylaxis Protocol",
    "StrOrderC_Singlephase": [
        "Notify Nurse (DO NOT USE FOR MEDS)",
        "thiamine"
    ],
    "StrOrderD_Singlephase": [
        "LORazepam",
        "multivitamin"
    ],
    "StrorderE_Singlephase": "LORazepam",
    "StrorderMultiphase": "Adult Outpatient Surgery Plan ",
    "Strphase1_Multiphase": "Diagnostic/Pre-Op Orders",
    "IntnumOccuranceCount": "1",
    "StrOrderA_Multiphase1": "Identify ERAS patient (Enhanced Recovery after Surgery)",
    "StrOrderA_Multiphase2": "Pre-Operative Warming Orders",
    "StrOrderA_Multiphase3": "Vital Signs",
    "StrOrderB_Multiphase1": "Request Outpatient Services",
    "StrOrderB_Multiphase2": "Vital Signs",
    "StrOrderB_Multiphase3": "Discontinue Peripheral Line",
    "StrOrderC_Multiphase1": "CBC",
    "StrOrderC_Multiphase2": "Apply Elastic Stockings",
    "StrOrderC_Multiphase3": "Outpatient Diet",
    "StrOrderD_Multiphase1": "Urinalysis",
    "StrOrderD_Multiphase2": "NS",
    "StrOrderD_Multiphase3": "PT Eval and Treat OP",
    "StrOrderE_Multiphase1": "Basic Metabolic Panel",
    "StrOrderE_Multiphase2": "vancomycin",
    "StrOrderE_Multiphase3": "POC Blood Sugar Check",
    "Strphase2_Multiphase": "OPS/OR Holding Pre-Op Orders",
    "Strphase3_Multiphase": "OPS Post-OP Orders",
    "Struse_DiscontinuePlans": "Yes",
    "strReason_Discontinue": "a",
    "strReasonDiscontinue_IPOC": "a",
    "StrDiscontinueOrder": "",
    "StrorderIPOC": "Alteration in Nutrition IPOC",
    "Stroutcome1_IPOC": "Maintain an Appropriate Weight During Hospitalization",
    "Stroutcome2_IPOC": "Tolerate PO Intake",
    "Strintervention_IPOC": "N/A",
    "StrDiscontinueOrder_IPOC": "",
    "StrOrderSentence": "mg",
    "StrComponentStatus": "11/25/2024",
    "StrorderCopyForward": "Outpatient Surgery ",
    "StrorderEvidenceLink": "NICU General Plan",
    "StrorderRxPlan": "",
    "StrOrder_Prescription1RxPlan": "",
    "StrOrder_Prescription2RxPlan": "",
    "StrOrderFuturePlan": "",
    "StrorderSequencePlan": "BB Transfuse Blood Product Plan",
    "StrorderDiagnosisPlan": [
        "calcium carbonate",
        "ibuprofen",
        "fenoldopam"
    ],
    "StrDiagnosis_Plan": "NICU Admit Plan ",
    "StrorderLabCollect1": "",
    "StrorderLabCollect2": "",
    "StrorderLabCollect3": "",
    "Struse_EnhancedSchedule": "Yes",
    "StrorderRouteforReview": "DoT plans",
    "StrProposePlan": ""
}