{
    "StrClientName": "UNIV_MO",
    "StrFINAmb":"082020861",
"StrUsername_DBA":"UCDBA",
"StrPassword_DBA":"cerner",
"StrUsername_RN": "UCDBA",
"strOrderTypeAMB_Prescriptions":"Prescriptions",
    "StrPassword_RN": "cerner",
    "StrUsername_MED": "UCDBA",
    "StrPassword_MED": "cerner",
    "StrAllergy_Mode": "Popup",
    "StrOrderMedStudent":"Ziagen",
    "StrAllergyName": "aspirin",
    "StrReactionName": "Rash",
    "StrAllergy_Action": "Modify",
    "StrAllergy_Modify": "True",
    "StrAllergyRemove_MCDS": "True",
    "StrAllergyActions_MCDS": "True",
    "StrDuplicate_MCDS": "True",
    "strOrderType": "Inpatient",
    "StrOrder_Allergy1": "Ketorolac",
    "strOrderSentence": "mg",
    "StrPhysicianUserName": "Doctor",
    "StrOrderOrProposal": "",
    "StrCommunicationType": "Verbal",
    "strOverrideReason": "a",
    "strInteractions": "Apply to all",
    "StrOrder_Allergy2": "ibuprofen",
    "StrInteractionCategory": "Drug/Drug",
    "StrOrderName": "ketorolac",
    "strAllergyStatus": "Discontiue",
    "strAllergyStatus1": "Ordered",
    "IntAllergyInstance": "1",
    "strOrderType_Ambulatory": "Office",
    "StrOrder_Outpatient1": "diphenhydrAMINE",
    "StrOrder_Outpatient2": "ALPRAZolam",
    "StrOrder_Outpatient3": "hydrALAZINE",
    "StrDiagnosis1": "Cancer",
    "StrDiagnosis2": "Fever",
    "StrDiagnosis3": "Pain",
    "StrProblem1": "Broken nose",
    "StrProblem2": "Chest pain",
    "strRightClickActionModify": "Modify",
    "strRightClickActionCancel_Reorder": "Cancel/Reorder",
    "strRightClickActionCancel_DC": "Cancel/DC",
    "strOrderType_Prescriptions": "Discharge Meds as Rx",
    "StrOrder_Prescription_Outpatient4": "Medrol 2 mg oral",
    "strRightClickActionConverAMB": "Convert to Amb",
    "Struse_synonyms": "True",
    "Struse_OrderSentence": "True",
    "Struse_ReschduleTask": "False",
    "Struse_CancelReorderDC": "True",
    "Struse_favorites": "True",
    "Struse_Careset": "True",
    "StrorderCareset": "CABG Care Set",
    "StrCaresetOrderName": "NPO",
    "StrOrderSupergroup_Careset": "False",
    "StrOrderNested_Careset": "False",
    "StrOrdeMultipleRx": "False",
    "StrOrderDiluentAddtive": "D5W",
    "StrOrderDoseCalc": "acetaminophen",
    "StrOrderSlidingscale": "False",
    "StrOrderDocumentMed1": "acetaminophen 80 mg oral tablet",
    "StrOrderDocumentMed2": "gabapentin",
    "StrOrderDocumentMed3": "aspirin",
    "StrOrderDocumentMed4": "lisinopril",
    "StrOrderDocumentMed5": "Flexeril",
    "StrStatus": "Documented",
    "StrRightClickActionModify": "Modify",
    "StrnumorderInstanc": "",
    "Struse_DocumentMeds": "True",
    "StrOrderType": "Inpatient",
    "StrOrderFavorites": "Calan",
    "StrOrderSynonym1": "abacavir",
    "StrOrderSynonym2": "Ziagen",
    "StrMedicationOrder": "abacavir",
    "StrOrderInstance": "1",
    "StrOrderIntervalFrequency": "aspirin",
    "Strfrequency_intervalfrequency": "Daily",
    "Struse_PrintOrderSheet": "True",
    "Struse_ProblemDiagnosis": "True",
    "StrOrderDiagnosis1": "lisinopril",
    "StrOrderProblem": "lithium",
    "StrorderDuplicate": "CBC with Auto Differential",
    "StrOrderTaper": "Prednisone",
    "IntOrderInstance": "1",
    "StrOrderFuture": "CBC with Auto Differential",
    "StrOrderUnscheduled": "influenza virus Vaccine",
    "StrOrderUnscheduledValue": "Unscheduled",
    "StrOrderOneTimeFreq": "clindamycin",
    "StrOrderOneTimeFreqValue": "Once",
    "StrOrderDuration": "amoxicillin 250 mg oral capsule",
    "strOrderDetailsFieldName": "Duration",
    "StrDurationTextBoxValue": "2",
    "StrDurationDropDownList": "Day",
    "StrOrderHardstop": "acetaZOLAMIDE",
    "StrDateTime_FieldName": "First Dose Date/time",
    "StrAdministration": "",
    "StrDateEntry": "+",
    "StrTimeEntry": "12:00",
    "StrSkipAdmin": "No",
    "StrOrderSoftstop": "acebutolol 200 mg oral capsule",
    "StrFIN": "082020860",
    "StrOrderEnchancedReOrder": "aspirin",
    "StrOrderEnhancedValue": "BID",
    "StrDateTime_FieldName1": "Stop Date/Time",
    "Struse_supendResume": "True",
    "Struse_OrderCopy": "True",
    "Struse_OrderVoid": "True",
    "Struse_OrderNurseReview": "True",
    "Struse_OrderComplete": "True",
    "Struse_Medstudent": "True",
    "StrRightclickAction_Void": "Void",
    "StrOrderNonMed": "Vital Signs",
    "StrAddtiveName": "penicillin G sodium",
    "strValidateModifyStatus": "Modify",
    "StrValidate_MultipleRx": "Ordered",
    "StrValidate_Suspend": "Suspend",
    "StrValidate_Resume": "Resume",
"StrPhysician_Username":"ZTESTP",
"StrPhysician_Password":"cerner",
"StrOrder_Prescription1":"Medrol 4 mg oral tablet",
"StrOrder_Prescription2":"Lithium 150 mg oral",
"StrOrder_Prescription3":"clindamycin 150 mg oral",
"StrOrder_Prescription4":"lisinopril 5 mg oral",
"StrorderMisc":"Miscellaneous Medication",
"StrOrder_DocumentMedHx_Presc":"Xanax 2 mg oral tablet",
"StrOrder_Inpatient":"aspirin",
"StrOrder_Prescription5":"acetaminophen",
"Struse_ProposeRenewals":"False",
"Struse_ConvertInpatient":"True",
"Struse_RxOrdersentence":"True",
"Struse_ConvertRx":"True",
"Struse_CompleteRx":"True",
"Struse_VoidRx":"True",
"Struse_supendResumeRx":"False",
"Struse_CancelReorderRx":"True",
"Struse_DiscontinueRx":"True",
"Struse_MiscPrescription":"True",
"Struse_copyPrescription":"True",
"Struse_Referencetext":"True",
"Struse_RenewPrescription":"False",
"Struse_ModifyPrescription":"True",
"StrOrderComment":"Testing",
"strOrdersentence_Prescriptions":"#",
"StrOrderComplete":"Wear Abdominal"


}