{
"Struse_Ivsite": "True",
"StrOrderStatus": "Ordered",
"StrUsername_DBA":"UCDBA",
"StrPassword_DBA":"cerner",
"StrorderPRN": "acetaminophen",
"StrOrderType": "Inpatient",
"StrOrderInstance": "1",
"StrOrderSentence": "mL",
"StrPhysicianUserName": "ZTESTP",
"StrOrderOrProposal": "",
"StrCommunicationType": "Verbal",
"StrOverrideReason": "Benefit",
"StrInteractions": "Apply to All",
"Struse_CancelCharting": "True",
"Struse_RescheduleDose": "True",
"StrorderScheduledMed": "aspirin",
"StrOrderMedInfo": "Oral",
"StrOrderMedDose": "81",
"StrOrderIVDose": "given",
"StrorderIV": "D5W",
"StrOrderIVInfo": "order",
"Struse_AdditionalDose": "True",
"Struse_ResponseTask": "True",
"Struse_MARcomments": "True",
"StrorderUnscheduled": "influenza virus",
"StrOrderPRNInfo": "325",
"StrOrderPRNDose": "given",
"StrOrderUnscheduledValue": "pre",
"StrOrderUnscheduledInfo": "Oral",
"StrOrderUnscheduledDose": "given",
"Struse_Unchart": "True",
"Struse_ChartNotDone": "True",
"Struse_RescheduleAdminTimes": "False",
"Struse_AdminNote": "True",
"Struse_InfuseVolume": "True",
"Struse_TherapeuticClassView": "True",
"Struse_PlanView": "True",
"StrOrderInfo": "Soln",
"StrOrderDose": "given",
"StrorderImmunization": "influenza virus",
"StrorderImmunizationMedInfo": "Oral",
"StrorderImmunizationMedDose": "given",
"StrorderNurseWitness": "False",
"StrorderNurseMedInfo": "",
"StrorderNurseMedDose": "",
"StrorderAutoVerify": "False",
"strValidate_AutoVerify":"Ordered",
"StrorderIntermittentMed": "False",
"StrOrderInterMedInfo": "",
"StrOrderInterMedDose": "",
"StrorderIntermittentIV": "Sodium Chloride",
"StrOrderInterIVInfo": "IV",
"StrOrderInterIVDose": "given",
"StrorderDTA": "morphine",
"StrOrderDTAIVInfo": "Oral",
"StrOrderDTADose": "given",
"StrOrder_IVMAW":"D5W",
"StrOrderMAW1":"ibuprofen",
"StrOrderMAW2":"ketorolac",
"StrOrderMultiIngredient":"arginine 10% 300 mL Premix",
"StrOrderMultiIngedientScan":"arginine",
"StrMedicationKeyword":"soln",
"StrTimeViewValue":"infusion",
"StrClientName":"UNIV_MO C810",
"StrReconciliationType_Admission":"Admission",
"strPriorOrAfter":"Prior",
"strOrderName":"aspirin",
"strRightClickAction":"Order Info",
"strOrderStatus":"Ordered",
"strRadioButton":"Continue",
"strPriorOrAfter1":"Prior",
"strOrderName1":"lithium 150 mg oral capsule",
"strOrderStatus1":"Prescribed",
"strRadioButton1":"Continue",
"strPriorOrAfter2":"Prior",
"strOrderName2":"ibuprofen",
"strOrderStatus2":"Ordered",
"strRadioButton2":"DNC",
"strPriorOrAfter3":"Prior",
"strOrderName3":"acetaminophen",
"strOrderStatus3":"Documented",
"strRadioButton3":"DNC",
"StrReconciliationType_Transfer":"Transfer",
"StrFIN":"082020860",
"StrReconciliationType_Discharge":"Discharge",
"strRightClickAction_CnvtIPtoPrescription":"Convert to Prescri",
"StrStatus_Admission":"Admission",
"StrTooltipText":"Complete",
"StrStatus_Discharge":"Discharge",
"StrTooltipText_Discharge":"Complete",
"Struse_reconDischarge":"True",
"Struse_reconTransfer":"True",
"Struse_reconAdmission":"True",
"strOverrideReason":"contra",
"strInteractions":"Apply to All",
"strRightClickAction_Modify":"Modify",
"Struse_VoidReconciliation":"True",
"StrVoid_option":"Void",
"Struse_SuspendResumeReconciliation":"False",
"StrorderSinglephase":"ANES Epidural Medications",
"StrOrderA_Singlephase":"Vital Signs",
"StrOrderB_Singlephase":"ondansetron",
"StrOrderC_Singlephase":"Notify Provider",
"StrOrderD_Singlephase":"Peripheral",
"StrorderE_Singlephase":"Medrol",
"StrorderMultiphase":"ORTHO Total Knee",
"Strphase1_Multiphase":"Pre-Operative",
"IntnumOccuranceCount":"1",
"StrOrderA_Multiphase1":"Surgical Prep",
"StrOrderB_Multiphase1":"NPO",
"StrOrderC_Multiphase1":"acetaminophen",
"StrOrderD_Multiphase1":"Obtain consent",
"StrOrderE_Multiphase1":"pregabalin",
"Strphase2_Multiphase":"Post-Operative",
"StrOrderA_Multiphase2":"Activity",
"StrOrderB_Multiphase2":"Ambulate",
"StrOrderC_Multiphase2":"Bedrest",
"StrOrderD_Multiphase2":"Weight",
"StrOrderE_Multiphase2":"NPO",
"Strphase3_Multiphase":"False",
"StrOrderA_Multiphase3":"",
"StrOrderB_Multiphase3":"",
"StrOrderC_Multiphase3":"",
"StrOrderD_Multiphase3":"",
"StrOrderE_Multiphase3":"",
"Struse_DiscontinuePlans":"True",
"strReason_Discontinue":"a",
"strReasonDiscontinue_IPOC":"a",
"StrDiscontinueOrder":"Vital",
"StrorderIPOC":"IPOC - Chest Pain",
"Stroutcome1_IPOC":"Maintain normal cardiac",
"Stroutcome2_IPOC":"Patient is Chest Pain",
"Strintervention_IPOC":"Provide oxygen as ordered",
"StrDiscontinueOrder_IPOC":"Patient",
"StrstrOrderSentence":"mg",
"StrstrComponentStatus":"2/29/2024",
"StrorderCopyForward":"False",
"StrorderEvidenceLink":"False",
"StrorderRxPlan":"False",
"StrOrder_Prescription1":"diphenhydrAMINE 50 mg/mL injectable solution",
"StrOrder_Prescription2":"ondansetron",
"StrOrderFuturePlan":"False",
"StrorderSequencePlan":"False",
"StrorderDiagnosisPlan":"False",
"StrDiagnosis":"Fever",
"IntOrderInstance":"1"
}


