{
    "StrClientName": "",
    "StrUsername_DBA": "",
    "StrPassword_DBA": "",
    "StrUsername_RN": "",
    "StrPassword_RN": "",
    "StrUsername_MED": "",
    "StrPassword_MED": "",
    "StrAllergy_Mode": "",
    "StrAllergyName": "penicillin",
    "StrReactionName": "Rash",
    "StrAllergy_Action": "Modify",
    "StrAllergy_Modify": "",
    "StrAllergyRemove_MCDS": "True",
    "StrAllergyActions_MCDS": "True",
    "StrDuplicate_MCDS": "False",
    "strOrderType": [
        "Inpatient",
        "Inpatient Orders"
    ],
    "StrOrder_Allergy1": "",
    "strOrderSentence": "carboprost",
    "StrPhysicianUserName": "",
    "StrOrderOrProposal": "Order",
    "StrCommunicationType": "Verbal",
    "strOverrideReason": "Acknowledge",
    "strInteractions": "Apply to All",
    "StrOrder_Allergy2": "",
    "StrInteractionCategory": "",
    "StrDuplicate_OrderName": "",
    "strAllergyStatus": "Apply to All",
    "strAllergyStatus1": "",
    "IntAllergyInstance": "1",
    "strOrderType_Ambulatory": "Inpatient Orders",
    "StrOrder_Outpatient1": "Aspirin",
    "StrOrder_Outpatient2": "Amoxicillin",
    "StrOrder_Outpatient3": "Acetaminophen",
    "StrDiagnosis1": [
        "Cancer",
        "Pain in ankle",
        "Fever, unspecified"
    ],
    "StrDiagnosis2": [
        "Sore throat",
        "Headache, unspecified"
    ],
    "StrDiagnosis3": "Pain in ankle",
    "StrProblem1": "Pain",
    "StrProblem2": "Broken Nose",
    "strRightClickActionModify": "Modify",
    "strRightClickActionCancel_Reorder": "",
    "strRightClickActionCancel_DC": "Cancel/DC",
    "strOrderType_Prescriptions": "",
    "StrOrder_Prescription_Outpatient4": "",
    "strRightClickActionConverAMB": "",
    "Struse_synonyms": "True",
    "Struse_OrderSentence": "True",
    "Struse_ReschduleTask": "Yes",
    "Struse_CancelReorderDC": "Yes",
    "Struse_favorites": "Yes",
    "Struse_Careset": "",
    "StrorderCareset": "Atropine - Neonate",
    "StrCaresetOrderName": "",
    "StrOrderSupergroup_Careset": "ED morphine - Adult",
    "StrOrderNested_Careset": "Anemia Profile Order Set",
    "StrOrdeMultipleRx": "buMETAnide additive 12.5 mg [100 mg/hr] + viaflex bag 50 mL",
    "StrOrderDiluentAddtive": "",
    "StrOrderDoseCalc": "CARBOplatin",
    "StrOrderSlidingscale": "",
    "StrOrderDocumentMed1": "acetaminophen  80 mg oral tablet, chewable",
    "StrOrderDocumentMed2": "gabapentin 100 mg oral capsule",
    "StrOrderDocumentMed3": "aspirin 325 mg oral tablet",
    "StrOrderDocumentMed4": "lithium 150 mg oral capsule",
    "StrOrderDocumentMed5": "lisinopril 2.5 mg oral tablet",
    "StrStatus": "Documented",
    "StrRightClickActionModify": "Modify",
    "StrnumorderInstanc": "1",
    "Struse_DocumentMeds": "Yes",
    "StrOrderFavorites": "carboprost",
    "StrOrderSynonym1": "dicyclomine",
    "StrOrderSynonym2": "Bentyl",
    "StrMedicationOrder": "carboprost",
    "StrOrderInstance": "1",
    "StrOrderIntervalFrequency": "acetaminophen",
    "Strfrequency_intervalfrequency": "q6hr",
    "Struse_PrintOrderSheet": "No",
    "Struse_ProblemDiagnosis": "Yes",
    "StrOrderDiagnosis": "acetaminophen",
    "StrOrderProblem": "acetaminophen",
    "StrorderDuplicate": "ABO and Rh",
    "StrOrderTaper": "",
    "IntOrderInstance": "1",
    "StrOrderFuture": "CBC w/Differential",
    "StrOrderUnscheduled": [
        "codeine",
        "influenza virus vaccine, inactivated"
    ],
    "StrOrderUnscheduledValue": "Continuous",
    "StrOrderOneTimeFreq": "brivaracetam",
    "StrOrderOneTimeFreqValue": "Once",
    "StrOrderDuration": "Blood Culture",
    "StrstrOrderDetailsFieldName": "",
    "StrOrderHardstop": "Toradol",
    "StrDateTime_FieldName": "Start Date",
    "StrAdministration": "TRUE",
    "StrDateEntry": "T",
    "StrTimeEntry": "N",
    "StrSkipAdmin": "",
    "StrOrderSoftstop": "",
    "StrFIN": "",
    "StrOrderEnchancedReOrder": "aspirin",
    "StrOrderEnhancedValue": "BID",
    "StrDateTime_FieldName1": "Stop Date",
    "Struse_supendResume": "True",
    "Struse_OrderCopy": "Yes",
    "Struse_OrderVoid": "Yes",
    "Struse_OrderNurseReview": "Yes",
    "Struse_OrderComplete": "Yes",
    "StrRightclickAction_Void": "",
    "StrOrderNonMed": "Vital Signs",
    "StrAddtiveName": [
        "Dextrose 50% injection",
        "D5W with KCl 20mEq"
    ],
    "strValidateModifyStatus": "Ordered",
    "StrValidate_MultipleRx": "Ordered",
    "StrValidate_Suspend": "",
    "StrValidate_Resume": "",
    "StrPhysician_Username": "",
    "StrPhysician_Password": "",
    "StrOrder_Prescription1": [
        "adapalene 0.1% topical gel",
        "acetaminophen 80 mg oral tablet, chewable",
        "lisinopril 10 mg oral tablet"
    ],
    "StrOrder_Prescription2": "Percocet 7.5 mg-325 mg oral tablet",
    "StrOrder_Prescription3": "memantine 10 mg oral tablet",
    "StrOrder_Prescription4": "adapalene 0.1% topical gel",
    "StrorderMisc": "Misc Med",
    "StrOrder_DocumentMedHx_Presc": "Aspirin",
    "StrOrder_Inpatient": "Medrol",
    "StrOrder_Prescription5": [
        "adapalene 0.1% topical gel",
        "acetaminophen 80 mg oral tablet, chewable",
        "lisinopril 10 mg oral tablet"
    ],
    "Struse_ProposeRenewals": "No",
    "Struse_ConvertInpatient": "Yes",
    "Struse_ConvertRx": "Yes",
    "Struse_CompleteRx": "Yes",
    "Struse_VoidRx": "No",
    "Struse_supendResumeRx": "Yes",
    "Struse_CancelReorderRx": "No",
    "Struse_DiscontinueRx": "Yes",
    "Struse_MiscPrescription": "Yes",
    "Struse_copyPrescription": "Yes",
    "Struse_Referencetext": "No",
    "Struse_RenewPrescription": "Yes",
    "Struse_ModifyPrescription": "Yes",
    "StrOrderComment": "Testing Comments",
    "strOrdersentence_Prescriptions": "Yes",
    "Struse_MARSummary": "Yes",
    "Struse_Ivsite": "Yes",
    "StrOrderStatus": "",
    "StrorderPRN": "codeine",
    "Struse_CancelCharting": "No",
    "Struse_RescheduleDose": "No",
    "StrorderScheduledMed": "potassium acetate",
    "StrOrderMedInfo": "",
    "StrOrderMedDose": "",
    "StrOrderIVDose": "Pending",
    "StrorderIV": [
        "Dextrose 10% + heparin 250 units 500 mL",
        "D5W"
    ],
    "StrOrderIVInfo": "",
    "Struse_AdditionalDose": "Yes",
    "Struse_ResponseTask": "No",
    "Struse_MARcomments": "Yes",
    "StrorderUnscheduled": [
        "codeine",
        "influenza virus vaccine, inactivated"
    ],
    "StrOrderPRNInfo": "",
    "StrOrderPRNDose": "",
    "StrOrderUnscheduledInfo": "",
    "StrOrderUnscheduledDose": "",
    "Struse_Unchart": "Yes",
    "Struse_ChartNotDone": "Yes",
    "Struse_RescheduleAdminTimes": "Yes",
    "Struse_AdminNote": "Yes",
    "Struse_InfuseVolume": "Yes",
    "Struse_TherapeuticClassView": "Yes",
    "Struse_PlanView": "Yes",
    "StrOrderInfo": "",
    "StrOrderDose": "",
    "StrorderImmunization": "Measles, Mumps, Rubella Immunity Profile  LC",
    "StrorderImmunizationMedInfo": "",
    "StrorderImmunizationMedDose": "",
    "StrorderNurseWitness": "pemetrexed",
    "StrorderNurseMedInfo": "",
    "StrorderNurseMedDose": "",
    "StrorderAutoVerify": "",
    "strValidate_AutoVerify": "",
    "StrorderIntermittentMed": "aspirin",
    "StrOrderInterMedInfo": "",
    "StrOrderInterMedDose": "",
    "StrorderIntermittentIV": "sodium acetate",
    "StrOrderInterIVInfo": "",
    "StrOrderInterIVDose": "",
    "StrorderDTA": "acetaminophen",
    "StrOrderDTAIVInfo": "",
    "StrOrderDTADose": "",
    "StrOrder_IVMAW": "",
    "StrOrderMAW1": "",
    "StrOrderMAW2": "",
    "StrOrderMultiIngredient": "Acetylcysteine 12 GM in Dextrose 5",
    "StrOrderMultiIngedientScan": "Epidural",
    "StrMedicationKeyword": "Routine",
    "StrTimeViewValue": "Cont",
    "StrReconciliationType_Admission": "Admission",
    "strPriorOrAfter1": "Prior",
    "strReconciliationOrderName1": [
        "aspirin",
        "Icodextrin"
    ],
    "strReconciliationOrderStatus1": "",
    "strRadioButton1": "Continue",
    "strPriorOrAfter2": "Prior",
    "strReconciliationOrderName2": "Medrol",
    "strReconciliationOrderStatus2": "",
    "strRadioButton2": "Continue",
    "strPriorOrAfter3": "Prior",
    "strReconciliationOrderName3": [
        "adapalene 0.1% topical gel",
        "acetaminophen 80 mg oral tablet, chewable",
        "lisinopril 10 mg oral tablet"
    ],
    "strReconciliationOrderStatus3": "",
    "strRadioButton3": "DNC",
    "strPriorOrAfter4": "After",
    "strReconciliationOrderName4": "Percocet 7.5 mg-325 mg oral tablet",
    "strReconciliationOrderStatus4": "",
    "strRadioButton4": "Continue",
    "StrReconciliationType_Transfer": "Transfer",
    "StrReconciliationType_Discharge": "Discharge",
    "strRightClickAction_CnvtIPtoPrescription": "Convert",
    "StrStatus_Admission": "Admission",
    "StrTooltipText": "Complete",
    "StrStatus_Discharge": "Discharge",
    "StrTooltipText_Discharge": "Complete",
    "strRightClickAction_Modify": "Modify",
    "Struse_VoidReconciliation": "",
    "StrVoid_option": "",
    "Struse_SuspendResumeReconciliation": "True",
    "StrorderSinglephase": [
        "Basic Metabolic Panel",
        "ED Chest Pain",
        "ortho General Pre Op"
    ],
    "StrOrderA_Singlephase": "Basic Metabolic Panel",
    "StrOrderB_Singlephase": "XR Chest PA and Lateral",
    "StrOrderC_Singlephase": [
        "morphine",
        "Aldosterone Ser QN LC"
    ],
    "StrOrderD_Singlephase": [
        "aspirin",
        "Medrol"
    ],
    "StrorderE_Singlephase": "Cardiac Monitor",
    "StrorderMultiphase": "Bronchoscopy",
    "Strphase1_Multiphase": "Bronchoscopy Pre Procedure",
    "IntnumOccuranceCount": "1",
    "StrOrderA_Multiphase1": "Sodium Chloride 0.9% (Sodium Chloride 0.9% intravenous solution)",
    "StrOrderA_Multiphase2": "flumazenil",
    "StrOrderA_Multiphase3": "N/A",
    "StrOrderB_Multiphase1": "PTINR",
    "StrOrderB_Multiphase2": "Nasal Cannula",
    "StrOrderB_Multiphase3": "N/A",
    "StrOrderC_Multiphase1": "Lactated Ringers",
    "StrOrderC_Multiphase2": "Observe Patient",
    "StrOrderC_Multiphase3": "N/A",
    "StrOrderD_Multiphase1": "May Use PICC",
    "StrOrderD_Multiphase2": "Continuous Oxygen Saturatio",
    "StrOrderD_Multiphase3": "N/A",
    "StrOrderE_Multiphase1": "NPO",
    "StrOrderE_Multiphase2": "Monitor (Specify)",
    "StrOrderE_Multiphase3": "N/A",
    "Strphase2_Multiphase": "Bronchoscopy Post Procedure",
    "Strphase3_Multiphase": "N/A",
    "Struse_DiscontinuePlans": "No",
    "strReason_Discontinue": "a",
    "strReasonDiscontinue_IPOC": "a",
    "StrDiscontinueOrder": "",
    "StrorderIPOC": "BH Anxiety Treatment Plan IPOC",
    "Stroutcome1_IPOC": "Anxiety Care Plan Review",
    "Stroutcome2_IPOC": "Demonstrates Reduced Anxiety",
    "Strintervention_IPOC": "Maintains Medication Compliance",
    "StrDiscontinueOrder_IPOC": "",
    "StrOrderSentence": "mg",
    "StrComponentStatus": "11/25/2024",
    "StrorderCopyForward": "Chemotherapy",
    "StrorderEvidenceLink": "Chemotherapy",
    "StrorderRxPlan": "AMB Endocrinology Dexamethasone Overnight Suppression Test",
    "StrOrder_Prescription1RxPlan": "",
    "StrOrder_Prescription2RxPlan": "",
    "StrOrderFuturePlan": "Pre-Treatment",
    "StrorderSequencePlan": "",
    "StrorderDiagnosisPlan": [
        "aspirin",
        "Icodextrin"
    ],
    "StrDiagnosis_Plan": "AMB Immunizations 11-18 Years",
    "StrorderLabCollect1": "",
    "StrorderLabCollect2": "",
    "StrorderLabCollect3": "",
    "Struse_EnhancedSchedule": "Yes",
    "StrorderRouteforReview\n": "Chemotherapy",
    "StrProposePlan": ""
}