{
    "StrClientName": "USC_CA Q186",
    "StrUsername_DBA": "RS091347A",
    "StrPassword_DBA": "cerner*1",
    "StrUsername_RN": "RS091347A",
    "StrPassword_RN": "cerner*1",
    "StrUsername_MED": "RS091347A",
    "StrPassword_MED": "cerner*1",
    "StrAllergy_Mode": "Flat",
    "StrAllergyName": "aspirin",
    "StrReactionName": "Rash",
    "StrAllergy_Action": "True",
    "StrAllergy_Modify": "Modify",
    "StrAllergyRemove_MCDS": "True",
    "StrAllergyActions_MCDS": "True",
    "StrDuplicate_MCDS": "True",
    "strOrderType": "Inpatient ",
    "StrOrder_Allergy1": "ketorolac",
    "strOrderSentence": "mg",
    "StrPhysicianUserName": "RS091347B",
    "StrOrderOrProposal": "",
    "StrCommunicationType": "Verbal",
    "strOverrideReason": "Benefit",
    "strInteractions": "Apply to All",
    "StrOrder_Allergy2": "ibuprofen",
    "StrInteractionCategory": "",
    "StrDuplicate_OrderName": "XR Chest 1 View",
    "strAllergyStatus": "Discontinue",
    "strAllergyStatus1": "Ordered",
    "IntAllergyInstance": "1",
    "strOrderType_Ambulatory": "Ambulatory Orders",
    "strOrderType_Ambulatory_Prescriptions": "Prescriptions",
    "StrOrder_Outpatient1": "diphenhydrAMINE",
    "StrOrder_Outpatient2": "hydralazine",
    "StrOrder_Outpatient3": "acetaminophen",
    "StrDiagnosis1": "Cough",
    "StrDiagnosis2": "Cancer",
    "StrDiagnosis3": "Fever",
    "StrProblem1": "Broken Nose",
    "StrProblem2": "Pain",
    "strRightClickActionModify": "Modify",
    "strRightClickActionCancel_Reorder": "Reorder",
    "strRightClickActionCancel_DC": "Discontinue",
    "strOrderType_Prescriptions": "Prescriptions",
    "StrOrder_Prescription_Outpatient4": "Medrol 4 mg oral tablet",
    "strRightClickActionConverAMB": "Convert",
    "Struse_synonyms": "True",
    "Struse_OrderSentence": "True",
    "Struse_ReschduleTask": "True",
    "Struse_CancelReorderDC": "True",
    "Struse_favorites": "True",
    "Struse_Careset": "True",
    "StrorderCareset": "HLA Care Set Preliminary Crossmatch Workup",
    "StrCaresetOrderName": "HLA",
    "StrOrderSupergroup_Careset": "False",
    "StrOrderNested_Careset": "False",
    "StrOrdeMultipleRx": "False",
    "StrOrderDiluentAddtive": "D5W",
    "StrOrderDoseCalc": "morphine",
    "StrOrderSlidingscale": "insulin regular correctional scale",
    "StrOrderDocumentMed1": "acetaminophen",
    "StrOrderDocumentMed2": "Medrol",
    "StrOrderDocumentMed3": "aspirin",
    "StrOrderDocumentMed4": "lisinopril",
    "StrOrderDocumentMed5": "gabapentin",
    "StrStatus": "Documented",
    "StrRightClickActionModify": "Modify",
    "StrnumorderInstanc": "1",
    "Struse_DocumentMeds": "True",
    "StrOrderFavorites": "acetaminophen",
    "StrOrderSynonym1": "acetaminophen",
    "StrOrderSynonym2": "Tylenol",
    "StrMedicationOrder": "acetaminophen",
    "StrOrderInstance": "1",
    "StrOrderIntervalFrequency": "aspirin",
    "Strfrequency_intervalfrequency": "Daily",
    "Struse_PrintOrderSheet": "True",
    "Struse_ProblemDiagnosis": "True",
    "StrOrderDiagnosis": "Medrol",
    "StrOrderProblem": "acetaminophen",
    "StrorderDuplicate": "XR Chest 1 View",
    "StrOrderTaper": "predniSONE taper",
    "IntOrderInstance": "1",
    "StrOrderFuture": "XR Chest 1 View",
    "StrOrderUnscheduled": "diazepam",
    "StrOrderUnscheduledValue": "On Call",
    "StrOrderOneTimeFreq": "aspirin 81 mg oral tablet",
    "StrOrderOneTimeFreqValue": "Once Scheduled",
    "StrOrderDuration": "predniSONE",
    "StrOrderDetailsFieldName": "Duration",
    "StrOrderHardstop": "HYDROmorphone",
    "StrDateTime_FieldName": "start date and time",
    "StrAdministration": "Yes",
    "StrDateEntry": "T",
    "StrTimeEntry": "N",
    "StrSkipAdmin": "True",
    "StrOrderSoftstop": "HYDROmorphone",
    "StrFIN": "",
    "StrOrderEnchancedReOrder": "aspirin",
    "StrOrderEnhancedValue": "BID",
    "StrDateTime_FieldName1": "stop date",
    "Struse_supendResume": "False",
    "Struse_OrderCopy": "True",
    "Struse_OrderVoid": "True",
    "Struse_OrderNurseReview": "True",
    "Struse_OrderComplete": "True",
    "StrRightclickAction_Void": "Delete",
    "StrOrderNonMed": "XR Abdomen 1 View",
    "StrAddtiveName": "KCl IV additive",
    "strValidateModifyStatus": "Ordered",
    "StrValidate_MultipleRx": "Ordered",
    "StrValidate_Suspend": "Suspend",
    "StrValidate_Resume": "Resume",
    "StrPhysician_Username": 
        "RS091347B",
    "StrPhysician_Password": "cerner*1",
    "StrOrder_Prescription1": "Zofran 4 mg oral tablet",
    "StrOrder_Prescription2": "ibuprofen 100 mg oral tablet",
    "StrOrder_Prescription3": "aspirin 81 mg oral capsule",
    "StrOrder_Prescription4": "acetaminophen",
    "StrorderMisc": "Misc Prescription",
    "StrOrder_DocumentMedHx_Presc": "",
    "StrOrder_Inpatient": "acetaminophen",
    "StrOrder_Prescription5": "acetylcysteine 10% inhalation solution",
    "Struse_ProposeRenewals": "False",
    "Struse_ConvertInpatient": "True",
    "Struse_ConvertRx": "True",
    "Struse_CompleteRx": "False",
    "Struse_VoidRx": "True",
    "Struse_supendResumeRx": "True",
    "Struse_CancelReorderRx": "True",
    "Struse_DiscontinueRx": "True",
    "Struse_MiscPrescription": "True",
    "Struse_copyPrescription": "True",
    "Struse_Referencetext": "True",
    "Struse_RenewPrescription": "True",
    "Struse_ModifyPrescription": "True",
    "StrOrderComment": "Testing",
    "strOrdersentence_Prescriptions": "True",
    "Struse_MARSummary": "True",
    "Struse_Ivsite": "True",
    "StrOrderStatus": "",
    "StrorderPRN": "acetaminophen",
    "Struse_CancelCharting": "",
    "Struse_RescheduleDose": "True",
    "StrorderScheduledMed": "cabergoline",
    "StrOrderMedInfo": "",
    "StrOrderMedDose": "",
    "StrOrderIVDose": "Pending",
    "StrorderIV": "Dextrose 5% in Water",
    "StrOrderIVInfo": "",
    "Struse_AdditionalDose": "True",
    "Struse_ResponseTask": "True",
    "Struse_MARcomments": "True",
    "StrorderUnscheduled": "diazepam",
    "StrOrderPRNInfo": "",
    "StrOrderPRNDose": "",
    "StrOrderUnscheduledInfo": "",
    "StrOrderUnscheduledDose": "",
    "Struse_Unchart": "True",
    "Struse_ChartNotDone": "True",
    "Struse_RescheduleAdminTimes": "True",
    "Struse_AdminNote": "True",
    "Struse_InfuseVolume": "True",
    "Struse_TherapeuticClassView": "True",
    "Struse_PlanView": "True",
    "StrOrderInfo": "",
    "StrOrderDose": "",
    "StrorderImmunization": "influenza virus vaccine, inactivated",
    "StrorderImmunizationMedInfo": "",
    "StrorderImmunizationMedDose": "",
    "StrorderNurseWitness": "CISplatin inj",
    "StrorderNurseMedInfo": "",
    "StrorderNurseMedDose": "",
    "StrorderAutoVerify": "NovaSource Renal Vanilla 240 mL can",
    "strValidate_AutoVerify": "",
    "StrorderIntermittentMed": "Dextrose 5% in Water",
    "StrOrderInterMedInfo": "",
    "StrOrderInterMedDose": "",
    "StrorderIntermittentIV": "Dextrose 5% in Water",
    "StrOrderInterIVInfo": "",
    "StrOrderInterIVDose": "",
    "StrorderDTA": "aMILoride",
    "StrOrderDTAIVInfo": "",
    "StrOrderDTADose": "",
    "StrOrder_IVMAW": "D5W",
    "StrOrderMAW1": "clindamycin",
    "StrOrderMAW2": "acetaminophen",
    "StrOrderMultiIngredient": "D5W 1/2 NS + KCl 10 mEq/L",
    "StrOrderMultiIngedientScan": "D5W 1/2",
    "StrMedicationKeyword": "Charge",
    "StrTimeViewValue": "Cont",
    "StrReconciliationType_Admission": "Admission",
    "strPriorOrAfter1": "",
    "strReconciliationOrderName1": "ibuprofen",
    "strReconciliationOrderStatus1": "",
    "strRadioButton1": "",
    "strPriorOrAfter2": "",
    "strReconciliationOrderName2": "acetaminophen",
    "strReconciliationOrderStatus2": "",
    "strRadioButton2": "",
    "strPriorOrAfter3": "",
    "strReconciliationOrderName3": "acetylcysteine 10% inhalation solution",
    "strReconciliationOrderStatus3": "",
    "strRadioButton3": "",
    "strPriorOrAfter4": "",
    "strReconciliationOrderName4": "ibuprofen 100 mg oral tablet",
    "strReconciliationOrderStatus4": "",
    "strRadioButton4": "",
    "StrReconciliationType_Transfer": "Transfer",
    "StrReconciliationType_Discharge": "Discharge",
    "strRightClickAction_CnvtIPtoPrescription": "",
    "StrStatus_Admission": "",
    "StrTooltipText": "",
    "StrStatus_Discharge": "",
    "StrTooltipText_Discharge": "",
    "strRightClickAction_Modify": "",
    "Struse_VoidReconciliation": "",
    "StrVoid_option": "Delete",
    "Struse_SuspendResumeReconciliation": "",
    "StrorderSinglephase": "GEN IP General Admission KMC",
    "StrOrderA_Singlephase": "Pulse Oximetry",
    "StrOrderB_Singlephase": "Weight",
    "StrOrderC_Singlephase": "Up ad Lib",
    "StrOrderD_Singlephase": "ceFAZolin",
    "StrorderE_Singlephase": "Pepcid",
    "StrorderMultiphase": "False",
    "IntnumOccuranceCount": "1",
    "StrOrderA_Multiphase1": "OP Observation VHH",
    "StrOrderA_Multiphase2": "Nursing Communication",
    "StrOrderA_Multiphase3": "Lab Draw Appointment Request",
    "StrOrderB_Multiphase1": "VHH Inpatient Admit",
    "StrOrderB_Multiphase2": "Incentive Spirometer Nursing",
    "StrOrderB_Multiphase3": "Infusion Appointment - 4 hours",
    "StrOrderC_Multiphase1": "Isolation",
    "StrOrderC_Multiphase2": "Notify Physician/Provider",
    "StrOrderC_Multiphase3": "Infusion Appointment - 6 hours",
    "StrOrderD_Multiphase1": "Cardiac Monitoring",
    "StrOrderD_Multiphase2": "ceFAZolin",
    "StrOrderD_Multiphase3": "Infusion Appointment - 8 hours",
    "StrOrderE_Multiphase1": "Bronchial Hygiene",
    "StrOrderE_Multiphase2": "Bronchoscopy",
    "StrOrderE_Multiphase3": "",
    "Strphase1_Multiphase": "Saline Lock KMC",
    "Strphase2_Multiphase": "EN IP VTE Risk Assessment Medical Patient KMC",
    "Struse_DiscontinuePlans": "True",
    "strReason_Discontinue": "",
    "strReasonDiscontinue_IPOC": "ad",
    "StrDiscontinueOrder": "Vital",
    "StrorderIPOC": "High Risk Newborn Plan of Care",
    "Stroutcome1_IPOC": "Patient Specific Goal 1",
    "Stroutcome2_IPOC": "Patient Specific Goal 2",
    "Strintervention_IPOC": "Successful Transition to Extrauterine Life",
    "StrDiscontinueOrder_IPOC": "Patient",
    "StrOrderSentence": "mg",
    "StrComponentStatus": "11/25/2024",
    "StrorderCopyForward": "Amiodarone Drip +/- Bolus KMC",
    "StrorderEvidenceLink": "False",
    "StrorderRxPlan": "False",
    "StrOrder_Prescription1RxPlan": "",
    "StrOrder_Prescription2RxPlan": "",
    "StrOrderFuturePlan": "ONC GI FOLFOX + Bevacizumab",
    "StrorderSequencePlan": "",
    "StrorderDiagnosisPlan": 
        "GEN OP Insulin Supplies KMC",
    "StrDiagnosis_Plan": "fever",
    "StrorderLabCollect1": "",
    "StrorderLabCollect2": "",
    "StrorderLabCollect3": "",
    "Struse_EnhancedSchedule": "True",
    "StrorderRouteforReview": "ONC GI FOLFIRI (w/ 5 FU Bolus) + Bevacizumab [Q2wk]",
    "StrProposePlan": "False",
    "StrOrderComplete":"XR Chest",
    "StrInfusion_Billing":"D5W"
}