{
    "StrClientName": "YAVA_AZ ",
    "StrUsername_DBA": "CERDBA",
    "StrPassword_DBA": "cerner",
    "StrUsername_RN": "CERDBA",
    "StrPassword_RN": "cerner",
    "StrUsername_MED": "CERDBA",
    "StrPassword_MED": "cerner",
    "StrAllergy_Mode": "Flat",
    "StrAllergyName": "aspirin",
    "StrReactionName": "Rash",
    "StrAllergy_Action": "Modify",
    "StrAllergy_Modify": "True",
    "StrAllergyRemove_MCDS": "True",
    "StrAllergyActions_MCDS": "True",
    "StrDuplicate_MCDS": "True",
    "strOrderType": "Inpatient",
    "StrOrder_Allergy1": "ketorolac",
    "strOrderSentence": "Urinalysis",
    "StrPhysicianUserName": "DOCTOR",
    "StrOrderOrProposal": "",
    "StrCommunicationType": "Verbal",
    "strOverrideReason": "Contra",
    "strInteractions": "Apply to All",
    "StrOrder_Allergy2": "ketorolac",
    "StrInteractionCategory": "Drug/Drug",
    "StrDuplicate_OrderName": "ibuprofen",
    "strAllergyStatus": "Cancel",
    "strAllergyStatus1": "Ordered",
    "IntAllergyInstance": "",
    "strOrderType_Ambulatory": "In Office",
    "StrOrder_Outpatient1": "",
    "StrOrder_Outpatient2": " ",
    "StrOrder_Outpatient3": " ",
    "StrDiagnosis1": "Fever",
    "StrDiagnosis2": "Cough",
    "StrDiagnosis3": "Chest pain, unspecified",
    "StrProblem1": "Broken Bone",
    "StrProblem2": "Broken Arm",
    "strRightClickActionModify": "Modify",
    "strRightClickActionCancel_Reorder": "Reorder",
    "strRightClickActionCancel_DC": "DC",
    "strOrderType_Prescriptions": "Prescriptions",
    "StrOrder_Prescription_Outpatient4": " ",
    "strRightClickActionConverAMB": " ",
    "Struse_synonyms": "True",
    "Struse_OrderSentence": "True",
    "Struse_ReschduleTask": "True",
    "Struse_CancelReorderDC": "True",
    "Struse_favorites": "True",
    "Struse_Careset": "True",
    "StrorderCareset": "Culture and Tissue",
    "StrCaresetOrderName": "Tissue Culture",
    "StrOrderSupergroup_Careset": "False",
    "StrOrderNested_Careset": "False",
    "StrOrdeMultipleRx": "3% Sodium Chloride",
    "StrOrderDiluentAddtive": "D5W",
    "StrOrderDoseCalc": "amoxicillin",
    "StrOrderSlidingscale": "False",
    "StrOrderDocumentMed1": "acetaminophen 80 mg oral tablet",
    "StrOrderDocumentMed2": "gabapentin 100 mg oral capsule",
    "StrOrderDocumentMed3": "aspirin 81 mg oral",
    "StrOrderDocumentMed4": "lisinopril",
    "StrOrderDocumentMed5": "Flexril",
    "StrStatus": "Documented",
    "StrRightClickActionModify": "Modify",
    "StrnumorderInstanc": "",
    "Struse_DocumentMeds": "True",
    "StrOrderFavorites": "Urinalysis",
    "StrOrderSynonym1": "Tylenol",
    "StrOrderSynonym2": "acetaminophen",
    "StrMedicationOrder": "Urinalysis",
    "StrOrderInstance": "",
    "StrOrderIntervalFrequency": "aspirin",
    "Strfrequency_intervalfrequency": "Daily",
    "Struse_PrintOrderSheet": "True",
    "Struse_ProblemDiagnosis": "True",
    "StrOrderDiagnosis": "aspirin",
    "StrOrderProblem": "aspirin",
    "StrorderDuplicate": "Urinalysis",
    "StrOrderTaper": "prednisone",
    "IntOrderInstance": "",
    "StrOrderFuture": "CBC w/ Auto Diff",
    "StrOrderUnscheduled": "mumps virus vaccine",
    "StrOrderUnscheduledValue": "AdHoc",
    "StrOrderOneTimeFreq": "Cefazolin",
    "StrOrderOneTimeFreqValue": "Once",
    "StrOrderDuration": "amoxicillin",
    "StrOrderDetailsFieldName": "Duration",
    "StrOrderHardstop": "acetaZOLAMIDE",
    "StrDateTime_FieldName": "First Dose Date/time",
    "StrAdministration": " ",
    "StrDateEntry": "+",
    "StrTimeEntry": "12:00",
    "StrSkipAdmin": "No",
    "StrOrderSoftstop": "acetaZOLAMIDE",
    "StrFIN": "88810170",
    "StrOrderEnchancedReOrder": "aspirin",
    "StrOrderEnhancedValue": "BID",
    "StrDateTime_FieldName1": "First Dose Date/time",
    "Struse_supendResume": "False",
    "Struse_OrderCopy": "True",
    "Struse_OrderVoid": "True",
    "Struse_OrderNurseReview": "True",
    "Struse_OrderComplete": "False",
    "StrRightclickAction_Void": " ",
    "StrOrderNonMed": "Patient Care Charges",
    "StrAddtiveName": "lidocaine additive",
    "strValidateModifyStatus": "Ordered",
    "StrValidate_MultipleRx": "Ordered",
    "StrValidate_Suspend": " ",
    "StrValidate_Resume": " ",
    "StrPhysician_Username": "DOCTOR",
    "StrPhysician_Password": "cerner",
    "StrOrder_Prescription1": "Medrol 2 mg oral tablet",
    "StrOrder_Prescription2": "ticagrelor 60 mg oral tablet",
    "StrOrder_Prescription3": "Tylenol 325 mg oral tablet",
    "StrOrder_Prescription4": "miSOPROStol 100 mcg oral tablet",
    "StrorderMisc": "MISC. Medication",
    "StrOrder_DocumentMedHx_Presc": "acetaminophen",
    "StrOrder_Inpatient": "aspirin",
    "StrOrder_Prescription5": "Medrol 4 mg oral tablet",
    "Struse_ProposeRenewals": "No",
    "Struse_ConvertInpatient": "True",
    "Struse_ConvertRx": "True",
    "Struse_CompleteRx": "True",
    "Struse_VoidRx": "True",
    "Struse_supendResumeRx": "True",
    "Struse_CancelReorderRx": "True",
    "Struse_DiscontinueRx": "True",
    "Struse_MiscPrescription": "True",
    "Struse_copyPrescription": "True",
    "Struse_Referencetext": "True",
    "Struse_RenewPrescription": "True",
    "Struse_ModifyPrescription": "True",
    "StrOrderComment": "Testing Comments",
    "strOrdersentence_Prescriptions": "True",
    "Struse_MARSummary": "True",
    "Struse_Ivsite": "True",
    "StrOrderStatus": "Ordered",
    "StrorderPRN": "ibuprofen",
    "Struse_CancelCharting": "True",
    "Struse_RescheduleDose": "No",
    "StrorderScheduledMed": "ciprofloxacin",
    "StrOrderMedInfo": " ",
    "StrOrderMedDose": " ",
    "StrOrderIVDose": " ",
    "StrorderIV": "D5W",
    "StrOrderIVInfo": " ",
    "Struse_AdditionalDose": "True",
    "Struse_ResponseTask": "True",
    "Struse_MARcomments": "No",
    "StrorderUnscheduled": "mumps virus vaccine",
    "StrOrderPRNInfo": " ",
    "StrOrderPRNDose": " ",
    "StrOrderUnscheduledInfo": " ",
    "StrOrderUnscheduledDose": " ",
    "Struse_Unchart": "True",
    "Struse_ChartNotDone": "True",
    "Struse_RescheduleAdminTimes": "No",
    "Struse_AdminNote": "True",
    "Struse_InfuseVolume": "True",
    "Struse_TherapeuticClassView": "True",
    "Struse_PlanView": "True",
    "StrOrderInfo": " ",
    "StrOrderDose": " ",
    "StrorderImmunization": "hepatitis B pediatric vaccine 5 mcg/0.5 mL intramuscular suspension",
    "StrorderImmunizationMedInfo": " ",
    "StrorderImmunizationMedDose": " ",
    "StrorderNurseWitness": "Avastin",
    "StrorderNurseMedInfo": " ",
    "StrorderNurseMedDose": " ",
    "StrorderAutoVerify": "",
    "strValidate_AutoVerify": " ",
    "StrorderIntermittentMed": "morphine INJ",
    "StrOrderInterMedInfo": " ",
    "StrOrderInterMedDose": " ",
    "StrorderIntermittentIV": "Sodium Chloride 0.9% intravenous solution",
    "StrOrderInterIVInfo": " ",
    "StrOrderInterIVDose": " ",
    "StrorderDTA": "morphine",
    "StrOrderDTAIVInfo": " ",
    "StrOrderDTADose": " ",
    "StrOrder_IVMAW": " ",
    "StrOrderMAW1": "ciprofloxacin 250",
    "StrOrderMAW2": "ibuprofen 200 mg Tab",
    "StrOrderMultiIngredient": "0.45 NS w/ 75 mEq sodium bicarbonate DRIP",
    "StrOrderMultiIngedientScan": " ",
    "StrMedicationKeyword": " ",
    "StrTimeViewValue": " ",
    "StrReconciliationType_Admission": "Admission",
    "strPriorOrAfter1": " ",
    "strReconciliationOrderName1": [
        "DEPO-Medrol",
        "acetaminophen"
    ],
    "strReconciliationOrderStatus1": " ",
    "strRadioButton1": " ",
    "strPriorOrAfter2": " ",
    "strReconciliationOrderName2": "aspirin",
    "strReconciliationOrderStatus2": " ",
    "strRadioButton2": " ",
    "strPriorOrAfter3": " ",
    "strReconciliationOrderName3": [
        "Medrol 2 mg oral tablet",
        "metoprolol tartrate 37.5 mg oral tablet"
    ],
    "strReconciliationOrderStatus3": " ",
    "strRadioButton3": " ",
    "strPriorOrAfter4": " ",
    "strReconciliationOrderName4": "ticagrelor 60 mg oral tablet",
    "strReconciliationOrderStatus4": " ",
    "strRadioButton4": " ",
    "StrReconciliationType_Transfer": "Transfer",
    "StrReconciliationType_Discharge": "Discharge",
    "strRightClickAction_CnvtIPtoPrescription": " ",
    "StrStatus_Admission": " ",
    "StrTooltipText": " ",
    "StrStatus_Discharge": " ",
    "StrTooltipText_Discharge": " ",
    "strRightClickAction_Modify": " ",
    "Struse_VoidReconciliation": " ",
    "StrVoid_option": " ",
    "Struse_SuspendResumeReconciliation": " ",
    "StrorderSinglephase": "ANES Epidural Medications",
    "StrOrderA_Singlephase": "Vital Signs",
    "StrOrderB_Singlephase": "Notify Provider",
    "StrOrderC_Singlephase": [
        "ondasetron INJ",
        "Cont ETC02"
    ],
    "StrOrderD_Singlephase": "ondansetron INJ",
    "StrorderE_Singlephase": "ePHEDrine",
    "StrorderMultiphase": "ORTHO Total Knee Arthroplasty Multiphase",
    "Strphase1_Multiphase": "Pre-Operative Phase",
    "IntnumOccuranceCount": " ",
    "StrOrderA_Multiphase1": "Surgical Prep",
    "StrOrderA_Multiphase2": "Autologous RBC Product Order",
    "StrOrderA_Multiphase3": "Vital Signs",
    "StrOrderB_Multiphase1": "NPO",
    "StrOrderB_Multiphase2": "Transfuse RBC",
    "StrOrderB_Multiphase3": "Intake and Output",
    "StrOrderC_Multiphase1": "PT/INR",
    "StrOrderC_Multiphase2": "XR Knee 1 or 2 Views Left",
    "StrOrderC_Multiphase3": "Ambulate",
    "StrOrderD_Multiphase1": "meloxicam",
    "StrOrderD_Multiphase2": "Discontinue IV",
    "StrOrderD_Multiphase3": "diazePAM",
    "StrOrderE_Multiphase1": "Tylenol Extra Strength",
    "StrOrderE_Multiphase2": "PRBC Transfuse",
    "StrOrderE_Multiphase3": "valium",
    "Strphase2_Multiphase": "PACU Phase",
    "Strphase3_Multiphase": "Post-Operative Phase (FLOOR)",
    "Struse_DiscontinuePlans": "True",
    "strReason_Discontinue": " ",
    "strReasonDiscontinue_IPOC": " ",
    "StrDiscontinueOrder": " ",
    "StrorderIPOC": "IPOC - Chest Pain",
    "Stroutcome1_IPOC": "Provide oxygen as ordered",
    "Stroutcome2_IPOC": "Patient is Chest Pain",
    "Strintervention_IPOC": "Maintain normal Cardiac Output",
    "StrDiscontinueOrder_IPOC": " ",
    "StrOrderSentence": "mg",
    "StrComponentStatus": " ",
    "StrorderCopyForward": "",
    "StrorderEvidenceLink": "",
    "StrorderRxPlan": "",
    "StrOrder_Prescription1RxPlan": " ",
    "StrOrder_Prescription2RxPlan": " ",
    "StrOrderFuturePlan": "",
    "StrorderSequencePlan": "PHARM PCA Morphine",
    "StrorderDiagnosisPlan": [
        "DEPO-Medrol",
        "acetaminophen"
    ],
    "StrDiagnosis_Plan": "SURG Multi Chest",
    "StrorderLabCollect1": "CBC w/ Auto Diff",
    "StrorderLabCollect2": "Calcium Level Total",
    "StrorderLabCollect3": "Magnesium Level",
    "Struse_EnhancedSchedule": "True",
    "StrorderRouteforReview\n": "",
    "StrProposePlan": " "
}